   0.0000000e+00
  -1.8986459e-01
  -1.1707367e-01
   1.9048512e-01
   6.1702125e-01
   1.0030865e+00
   1.2058360e+00
   1.1525354e+00
   8.6727344e-01
   4.6107424e-01
   8.9436481e-02
  -1.0647163e-01
  -5.2727391e-02
   2.3015289e-01
   6.3574118e-01
   1.0124365e+00
   1.2208302e+00
   1.1859964e+00
   9.2509566e-01
   5.4012770e-01
   1.7885354e-01
  -2.1150028e-02
   1.5873112e-02
   2.7590918e-01
   6.6121986e-01
   1.0278195e+00
   1.2400226e+00
   1.2214025e+00
   9.8302417e-01
   6.1852771e-01
   2.6819117e-01
   6.5757422e-02
   8.8174605e-02
   3.2713480e-01
   6.9293436e-01
   1.0489288e+00
   1.2633574e+00
   1.2588865e+00
   1.0412470e+00
   6.9636259e-01
   3.5731880e-01
   1.5386092e-01
   1.6357959e-01
   3.8314711e-01
   7.3026393e-01
   1.0753227e+00
   1.2906160e+00
   1.2984110e+00
   1.0997945e+00
   7.7359051e-01
   4.4600730e-01
   2.4269524e-01
   2.4142082e-01
   4.4317957e-01
   7.7247484e-01
   1.1064124e+00
   1.3214067e+00
   1.3397535e+00
   1.1585201e+00
   8.5001555e-01
   5.3390140e-01
   3.3169120e-01
   3.2093489e-01
   5.0635953e-01
   8.1870293e-01
   1.1414486e+00
   1.3551510e+00
   1.3824928e+00
   1.2170822e+00
   9.2526452e-01
   6.2049294e-01
   4.2014775e-01
   4.0123569e-01
   5.7168524e-01
   8.6793481e-01
   1.1795061e+00
   1.3910700e+00
   1.4259934e+00
   1.2749257e+00
   9.9876509e-01
   7.0509575e-01
   5.0720529e-01
   4.8128871e-01
   6.3800301e-01
   9.1898894e-01
   1.2194677e+00
   1.4281708e+00
   1.4693914e+00
   1.3312661e+00
   1.0697260e+00
   7.8682293e-01
   5.9182167e-01
   5.5988751e-01
   7.0398615e-01
   9.7049795e-01
   1.2600105e+00
   1.4652339e+00
   1.5115823e+00
   1.3850748e+00
   1.1371206e+00
   8.6456804e-01
   6.7275182e-01
   6.3563386e-01
   7.6811715e-01
   1.0208940e+00
   1.2995941e+00
   1.5008039e+00
   1.5512127e+00
   1.4350707e+00
   1.1996757e+00
   9.3699155e-01
   7.4853319e-01
   7.0692338e-01
   8.2867523e-01
   1.0683992e+00
   1.3364542e+00
   1.5331856e+00
   1.5866769e+00
   1.4797160e+00
   1.2558667e+00
   1.0025148e+00
   8.1747874e-01
   7.7193889e-01
   8.8373136e-01
   1.1110234e+00
   1.3686033e+00
   1.5604476e+00
   1.6161225e+00
   1.5172222e+00
   1.3039224e+00
   1.0593237e+00
   8.7767997e-01
   8.2865391e-01
   9.3115348e-01
   1.1465723e+00
   1.3938423e+00
   1.5804360e+00
   1.6374655e+00
   1.5455661e+00
   1.3418412e+00
   1.1053845e+00
   9.2702266e-01
   8.7484908e-01
   9.6862468e-01
   1.1726678e+00
   1.4097835e+00
   1.5908011e+00
   1.6484200e+00
   1.5625209e+00
   1.3674225e+00
   1.1384748e+00
   9.6321813e-01
   9.0814428e-01
   9.9367714e-01
   1.1867853e+00
   1.4138916e+00
   1.5890409e+00
   1.6465438e+00
   1.5657030e+00
   1.3783147e+00
   1.1562328e+00
   9.8385289e-01
   9.2604945e-01
   1.0037449e+00
   1.1863088e+00
   1.4035418e+00
   1.5725630e+00
   1.6293030e+00
   1.5526395e+00
   1.3720839e+00
   1.1562267e+00
   9.8645918e-01
   9.2603661e-01
   9.9623827e-01
   1.1686082e+00
   1.3761003e+00
   1.5387684e+00
   1.5941594e+00
   1.5208577e+00
   1.3463054e+00
   1.1360472e+00
   9.6860890e-01
   9.0563538e-01
   9.6864107e-01
   1.1311397e+00
   1.3290284e+00
   1.4851586e+00
   1.5386803e+00
   1.4679976e+00
   1.2986783e+00
   1.0934246e+00
   9.2803197e-01
   8.6255314e-01
   9.1863348e-01
   1.0715713e+00
   1.2600105e+00
   1.4094678e+00
   1.4606743e+00
   1.3919502e+00
   1.2271659e+00
   1.0263700e+00
   8.6275952e-01
   7.9481985e-01
   8.4423881e-01
   9.8793169e-01
   1.1671072e+00
   1.3098180e+00
   1.3583490e+00
   1.2910183e+00
   1.1301582e+00
   9.3334059e-01
   7.7129005e-01
   7.0095586e-01
   7.4399305e-01
   8.7878273e-01
   1.0489288e+00
   1.1848962e+00
   1.2304907e+00
   1.1640979e+00
   1.0066561e+00
   8.1342364e-01
   6.5277509e-01
   5.8015847e-01
   6.1713275e-01
   7.4340839e-01
   9.0482725e-01
   1.0341476e+00
   1.0766596e+00
   1.0108749e+00
   8.5646766e-01
   6.6653493e-01
   5.0721751e-01
   4.3250060e-01
   4.6379402e-01
   5.8201450e-01
   7.3509598e-01
   8.5797649e-01
   8.9739151e-01
   8.3202747e-01
   6.8041174e-01
   4.9362080e-01
   3.3567308e-01
   2.5913149e-01
   2.8521249e-01
   3.9592805e-01
   5.4116904e-01
   6.5794502e-01
   6.9439568e-01
   6.2942281e-01
   4.8051278e-01
   2.9685187e-01
   1.4044204e-01
   6.2465949e-02
   8.3910219e-02
   1.8778191e-01
   3.2580356e-01
   4.3695337e-01
   4.7073295e-01
   4.0629274e-01
   2.6017346e-01
   7.9791954e-02
  -7.4765841e-02
  -1.5365459e-01
  -1.3614744e-01
  -3.8332582e-02
   9.3228213e-02
   1.9938407e-01
   2.3095555e-01
   1.6736880e-01
   2.4304800e-02
  -1.5247737e-01
  -3.0471258e-01
  -3.8384966e-01
  -3.6944571e-01
  -2.7676579e-01
  -1.5076340e-01
  -4.8811094e-02
  -1.8812609e-02
  -8.1044476e-02
  -2.2060802e-01
  -3.9329866e-01
  -5.4258210e-01
  -6.2115828e-01
  -6.0888767e-01
  -5.2028584e-01
  -3.9879758e-01
  -3.0010485e-01
  -2.7087881e-01
  -3.3108175e-01
  -4.6652759e-01
  -6.3447078e-01
  -7.8002293e-01
  -8.5709254e-01
  -8.4585875e-01
  -7.6015424e-01
  -6.4200742e-01
  -5.4549260e-01
  -5.1609115e-01
  -5.7343824e-01
  -7.0399767e-01
  -8.6639468e-01
  -1.0073068e+00
  -1.0818092e+00
  -1.0704116e+00
  -9.8632409e-01
  -8.7024424e-01
  -7.7471726e-01
  -7.4407691e-01
  -7.9762186e-01
  -9.2240932e-01
  -1.0783538e+00
  -1.2136234e+00
  -1.2844194e+00
  -1.2715907e+00
  -1.1877795e+00
  -1.0724321e+00
  -9.7663873e-01
  -9.4362698e-01
  -9.9235267e-01
  -1.1104156e+00
  -1.2589444e+00
  -1.3875267e+00
  -1.4534503e+00
  -1.4379097e+00
  -1.3530289e+00
  -1.2370764e+00
  -1.1397581e+00
  -1.1032356e+00
  -1.1461181e+00
  -1.2565024e+00
  -1.3966615e+00
  -1.5175362e+00
  -1.5774623e+00
  -1.5579842e+00
  -1.4707528e+00
  -1.3529275e+00
  -1.2528958e+00
  -1.2117929e+00
  -1.2478800e+00
  -1.3497096e+00
  -1.4806349e+00
  -1.5928870e+00
  -1.6458127e+00
  -1.6213092e+00
  -1.5305947e+00
  -1.4097835e+00
  -1.3060073e+00
  -1.2594133e+00
  -1.2879147e+00
  -1.3804827e+00
  -1.5014911e+00
  -1.6044025e+00
  -1.6495393e+00
  -1.6191519e+00
  -1.5240633e+00
  -1.3994020e+00
  -1.2911028e+00
  -1.2383620e+00
  -1.2587463e+00
  -1.3416124e+00
  -1.4522994e+00
  -1.5454463e+00
  -1.5823160e+00
  -1.5455121e+00
  -1.4454962e+00
  -1.3164657e+00
  -1.2032145e+00
  -1.1440235e+00
  -1.1561159e+00
  -1.2292032e+00
  -1.3295389e+00
  -1.4128856e+00
  -1.4414141e+00
  -1.3980794e+00
  -1.2930120e+00
  -1.1595294e+00
  -1.0413369e+00
  -9.7583398e-01
  -9.7990425e-01
  -1.0435863e+00
  -1.1340002e+00
  -1.2079829e+00
  -1.2285806e+00
  -1.1790971e+00
  -1.0693594e+00
  -9.3185235e-01
  -8.0924151e-01
  -7.3807792e-01
  -7.3490931e-01
  -7.9007637e-01
  -8.7152070e-01
  -9.3710693e-01
  -9.5072557e-01
  -8.9602507e-01
  -7.8255378e-01
  -6.4200742e-01
  -5.1605781e-01
  -4.4043823e-01
  -4.3136511e-01
  -4.7945774e-01
  -5.5343738e-01
  -6.1215154e-01
  -6.2030461e-01
  -5.6188492e-01
  -4.4618398e-01
  -3.0414852e-01
  -1.7649945e-01
  -9.8181348e-02
  -8.5083793e-02
  -1.2808284e-01
  -1.9663966e-01
  -2.5054207e-01
  -2.5527860e-01
  -1.9517145e-01
  -7.9274662e-02
   6.2177200e-02
   1.8937445e-01
   2.6813390e-01
   2.8288860e-01
   2.4252624e-01
   1.7688337e-01
   1.2527283e-01
   1.2145100e-01
   1.8076882e-01
   2.9439275e-01
   4.3276680e-01
   5.5695567e-01
   6.3351213e-01
   6.4718791e-01
   6.0665383e-01
   5.4108008e-01
   4.8891937e-01
   4.8320157e-01
   5.3895863e-01
   6.4756283e-01
   7.8010606e-01
   8.9849335e-01
   9.6998973e-01
   9.7966197e-01
   9.3598248e-01
   8.6748925e-01
   8.1181263e-01
   8.0128390e-01
   8.5062468e-01
   9.5140035e-01
   1.0753227e+00
   1.1851054e+00
   1.2487037e+00
   1.2514962e+00
   1.2017742e+00
   1.1274760e+00
   1.0654460e+00
   1.0473439e+00
   1.0875902e+00
   1.1779324e+00
   1.2906763e+00
   1.3893151e+00
   1.4424734e+00
   1.4358381e+00
   1.3775362e+00
   1.2949372e+00
   1.2241336e+00
   1.1961401e+00
   1.2250856e+00
   1.3028895e+00
   1.4024282e+00
   1.4879465e+00
   1.5287187e+00
   1.5107368e+00
   1.4419785e+00
   1.3492731e+00
   1.2679944e+00
   1.2285371e+00
   1.2447472e+00
   1.3087076e+00
   1.3938423e+00
   1.4651217e+00
   1.4924506e+00
   1.4621221e+00
   1.3819783e+00
   1.2783354e+00
   1.1858785e+00
   1.1344059e+00
   1.1374893e+00
   1.1873665e+00
   1.2579874e+00
   1.3150224e+00
   1.3289877e+00
   1.2864730e+00
   1.1951964e+00
   1.0809855e+00
   9.7786461e-01
   9.1505707e-01
   9.0586798e-01
   9.4268066e-01
   9.9995000e-01
   1.0440210e+00
   1.0460020e+00
   9.9277306e-01
   8.9193835e-01
   7.6885796e-01
   6.5692108e-01
   5.8479512e-01
   5.6552451e-01
   5.9162868e-01
   6.3804582e-01
   6.7177008e-01
   6.6448198e-01
   6.0334453e-01
   4.9585505e-01
   3.6692497e-01
   2.4933037e-01
   1.7119958e-01
   1.4532048e-01
   1.6433807e-01
   2.0365182e-01
   2.3087914e-01
   2.1825166e-01
   1.5320619e-01
   4.3138014e-02
  -8.7474451e-02
  -2.0644905e-01
  -2.8618244e-01
  -3.1414098e-01
  -2.9756576e-01
  -2.6061868e-01
  -2.3508558e-01
  -2.4820567e-01
  -3.1227921e-01
  -4.2001050e-01
  -5.4734130e-01
  -6.6266702e-01
  -7.3889764e-01
  -7.6375316e-01
  -7.4437345e-01
  -7.0450490e-01
  -6.7536353e-01
  -6.8368205e-01
  -7.4150999e-01
  -8.4165076e-01
  -9.6045584e-01
  -1.0668842e+00
  -1.1343495e+00
  -1.1508261e+00
  -1.1233658e+00
  -1.0753227e+00
  -1.0373698e+00
  -1.0357562e+00
  -1.0822938e+00
  -1.1698857e+00
  -1.2752844e+00
  -1.3680001e+00
  -1.4219416e+00
  -1.4253387e+00
  -1.3851686e+00
  -1.3244153e+00
  -1.2732350e+00
  -1.2574155e+00
  -1.2885434e+00
  -1.3596232e+00
  -1.4477999e+00
  -1.5231234e+00
  -1.5599892e+00
  -1.5468836e+00
  -1.4907207e+00
  -1.4141359e+00
  -1.3467923e+00
  -1.3140371e+00
  -1.3272435e+00
  -1.3795174e+00
  -1.4483878e+00
  -1.5044318e+00
  -1.5225226e+00
  -1.4914023e+00
  -1.4179316e+00
  -1.3244153e+00
  -1.2400450e+00
  -1.1897451e+00
  -1.1846843e+00
  -1.2180684e+00
  -1.2678001e+00
  -1.3049699e+00
  -1.3049173e+00
  -1.2566364e+00
  -1.1669415e+00
  -1.0578210e+00
  -9.5801237e-01
  -8.9203123e-01
  -8.7084783e-01
  -8.8776319e-01
  -9.2104070e-01
  -9.4226708e-01
  -9.2723412e-01
  -8.6518126e-01
  -7.6287833e-01
  -6.4200742e-01
  -5.3086477e-01
  -4.5356684e-01
  -4.2088698e-01
  -4.2621325e-01
  -4.4815314e-01
  -4.5876983e-01
  -4.3428932e-01
  -3.6418546e-01
  -2.5518169e-01
  -1.2865900e-01
  -1.2480202e-02
   6.9632334e-02
   1.0710475e-01
   1.0647393e-01
   8.8808153e-02
   8.1591164e-02
   1.0818401e-01
   1.7889310e-01
   2.8704757e-01
   4.1156671e-01
   5.2501762e-01
   6.0407111e-01
   6.3835903e-01
   6.3435836e-01
   6.1283575e-01
   6.0084773e-01
   6.2136627e-01
   6.8449554e-01
   7.8362644e-01
   8.9798101e-01
   1.0005558e+00
   1.0684168e+00
   1.0914100e+00
   1.0759694e+00
   1.0425839e+00
   1.0179097e+00
   1.0245544e+00
   1.0724387e+00
   1.1550255e+00
   1.2518435e+00
   1.3363195e+00
   1.3859172e+00
   1.3907058e+00
   1.3570927e+00
   1.3053119e+00
   1.2616451e+00
   1.2483592e+00
   1.2752082e+00
   1.3357372e+00
   1.4097835e+00
   1.4712038e+00
   1.4978609e+00
   1.4800532e+00
   1.4241754e+00
   1.3502263e+00
   1.2841350e+00
   1.2478471e+00
   1.2509640e+00
   1.2871179e+00
   1.3364542e+00
   1.3732548e+00
   1.3757782e+00
   1.3345540e+00
   1.2559724e+00
   1.1598108e+00
   1.0716612e+00
   1.0131617e+00
   9.9376813e-01
   1.0071995e+00
   1.0339019e+00
   1.0485722e+00
   1.0298546e+00
   9.6850509e-01
   8.7090996e-01
   7.5663127e-01
   6.5093184e-01
   5.7514775e-01
   5.3858855e-01
   5.3505214e-01
   5.4527085e-01
   5.4433811e-01
   5.1126698e-01
   4.3702615e-01
   3.2799109e-01
   2.0350592e-01
   8.8503671e-02
   4.0152170e-03
  -4.0804607e-02
  -5.2094969e-02
  -4.8859542e-02
  -5.5633531e-02
  -9.3059906e-02
  -1.6997758e-01
  -2.8003698e-01
  -4.0412199e-01
  -5.1763767e-01
  -5.9986853e-01
  -6.4182996e-01
  -6.4962037e-01
  -6.4200742e-01
  -6.4318587e-01
  -6.7348468e-01
  -7.4157623e-01
  -8.4115688e-01
  -9.5335378e-01
  -1.0539231e+00
  -1.1224794e+00
  -1.1502274e+00
  -1.1432500e+00
  -1.1201095e+00
  -1.1046930e+00
  -1.1170472e+00
  -1.1657051e+00
  -1.2444304e+00
  -1.3346095e+00
  -1.4123635e+00
  -1.4576513e+00
  -1.4618858e+00
  -1.4311580e+00
  -1.3838532e+00
  -1.3435811e+00
  -1.3301344e+00
  -1.3519307e+00
  -1.4028185e+00
  -1.4644557e+00
  -1.5133371e+00
  -1.5297755e+00
  -1.5054044e+00
  -1.4463406e+00
  -1.3708130e+00
  -1.3021765e+00
  -1.2599902e+00
  -1.2525712e+00
  -1.2738617e+00
  -1.3057940e+00
  -1.3252362e+00
  -1.3128547e+00
  -1.2605055e+00
  -1.1743372e+00
  -1.0724321e+00
  -9.7790003e-01
  -9.1007450e-01
  -8.7717484e-01
  -8.7323300e-01
  -8.8044601e-01
  -8.7604205e-01
  -8.4102716e-01
  -7.6746871e-01
  -6.6153914e-01
  -5.4116904e-01
  -4.2921945e-01
  -3.4479147e-01
  -2.9599514e-01
  -2.7693424e-01
  -2.7004688e-01
  -2.5289425e-01
  -2.0679462e-01
  -1.2400150e-01
  -1.0689565e-02
   1.1538078e-01
   2.3161518e-01
   3.1916467e-01
   3.7005289e-01
   3.9013439e-01
   3.9676537e-01
   4.1208989e-01
   4.5451577e-01
   5.3163909e-01
   6.3731472e-01
   7.5398084e-01
   8.5933682e-01
   9.3481421e-01
   9.7260257e-01
   9.7855192e-01
   9.6985422e-01
   9.6840244e-01
   9.9237342e-01
   1.0492525e+00
   1.1329594e+00
   1.2261618e+00
   1.3068819e+00
   1.3568611e+00
   1.3684871e+00
   1.3476414e+00
   1.3113911e+00
   1.2814186e+00
   1.2757088e+00
   1.3016713e+00
   1.3533202e+00
   1.4135776e+00
   1.4608102e+00
   1.4770905e+00
   1.4550273e+00
   1.4005596e+00
   1.3306576e+00
   1.2668214e+00
   1.2268698e+00
   1.2181579e+00
   1.2348093e+00
   1.2600105e+00
   1.2724783e+00
   1.2546212e+00
   1.1992745e+00
   1.1124422e+00
   1.0110065e+00
   9.1629403e-01
   8.4596314e-01
   8.0731482e-01
   7.9457668e-01
   7.9118783e-01
   7.7619976e-01
   7.3233948e-01
   6.5265239e-01
   5.4319201e-01
   4.2073887e-01
   3.0643146e-01
   2.1775048e-01
   1.6192046e-01
   1.3324464e-01
   1.1538078e-01
   8.7677351e-02
   3.3140795e-02
  -5.5011889e-02
  -1.7071394e-01
  -2.9732152e-01
  -4.1391915e-01
  -5.0324106e-01
  -5.5818050e-01
  -5.8440521e-01
  -5.9808994e-01
  -6.1964332e-01
  -6.6583408e-01
  -7.4332659e-01
  -8.4609100e-01
  -9.5766780e-01
  -1.0574111e+00
  -1.1283177e+00
  -1.1634490e+00
  -1.1684981e+00
  -1.1595294e+00
  -1.1567678e+00
  -1.1768150e+00
  -1.2262720e+00
  -1.2991968e+00
  -1.3793612e+00
  -1.4464334e+00
  -1.4837168e+00
  -1.4844863e+00
  -1.4545074e+00
  -1.4097835e+00
  -1.3704041e+00
  -1.3528506e+00
  -1.3637024e+00
  -1.3971418e+00
  -1.4372034e+00
  -1.4638967e+00
  -1.4608569e+00
  -1.4215975e+00
  -1.3519821e+00
  -1.2679785e+00
  -1.1895655e+00
  -1.1331248e+00
  -1.1052297e+00
  -1.1001956e+00
  -1.1023224e+00
  -1.0919587e+00
  -1.0530664e+00
  -9.7939125e-01
  -8.7688827e-01
  -7.6148295e-01
  -6.5303381e-01
  -5.6781005e-01
  -5.1235965e-01
  -4.8110597e-01
  -4.5858218e-01
  -4.2543958e-01
  -3.6592703e-01
  -2.7398205e-01
  -1.5561053e-01
  -2.6654386e-02
   9.3190429e-02
   1.8781332e-01
   2.5074225e-01
   2.8750264e-01
   3.1338967e-01
   3.4751514e-01
   4.0541037e-01
   4.9301342e-01
   6.0433364e-01
   7.2367770e-01
   8.3157731e-01
   9.1214727e-01
   9.5906137e-01
   9.7786750e-01
   9.8376620e-01
   9.9571107e-01
   1.0290921e+00
   1.0897993e+00
   1.1719304e+00
   1.2600105e+00
   1.3348668e+00
   1.3809064e+00
   1.3920170e+00
   1.3738379e+00
   1.3415449e+00
   1.3140027e+00
   1.3065266e+00
   1.3250206e+00
   1.3637274e+00
   1.4074418e+00
   1.4373329e+00
   1.4381442e+00
   1.4040187e+00
   1.3407287e+00
   1.2634648e+00
   1.1910396e+00
   1.1387258e+00
   1.1124675e+00
   1.1066710e+00
   1.1064124e+00
   1.0932082e+00
   1.0521392e+00
   9.7760224e-01
   8.7549768e-01
   7.6102422e-01
   6.5293174e-01
   5.6643446e-01
   5.0749337e-01
   4.7064787e-01
   4.4121723e-01
   4.0102160e-01
   3.3543017e-01
   2.3904190e-01
   1.1783200e-01
  -1.3048574e-02
  -1.3497153e-01
  -2.3284450e-01
  -3.0075857e-01
  -3.4411667e-01
  -3.7743754e-01
  -4.1868346e-01
  -4.8228525e-01
  -5.7353146e-01
  -6.8646184e-01
  -8.0606284e-01
  -9.1391811e-01
  -9.9514951e-01
  -1.0439956e+00
  -1.0659005e+00
  -1.0753227e+00
  -1.0901100e+00
  -1.1245963e+00
  -1.1840582e+00
  -1.2626481e+00
  -1.3455839e+00
  -1.4147529e+00
  -1.4555811e+00
  -1.4625439e+00
  -1.4412157e+00
  -1.4060834e+00
  -1.3749666e+00
  -1.3621844e+00
  -1.3730786e+00
  -1.4019843e+00
  -1.4344146e+00
  -1.4526175e+00
  -1.4423758e+00
  -1.3984507e+00
  -1.3265922e+00
  -1.2413570e+00
  -1.1605734e+00
  -1.0985757e+00
  -1.0607928e+00
  -1.0417556e+00
  -1.0272764e+00
  -9.9996040e-01
  -9.4593694e-01
  -8.6023683e-01
  -7.4876538e-01
  -6.2612339e-01
  -5.1011640e-01
  -4.1505538e-01
  -3.4640930e-01
  -2.9884883e-01
  -2.5842111e-01
  -2.0801655e-01
  -1.3403270e-01
  -3.1687678e-02
   9.3044205e-02
   2.2560755e-01
   3.4831344e-01
   4.4697318e-01
   5.1618268e-01
   5.6124264e-01
   5.9598817e-01
   6.3736519e-01
   6.9883194e-01
   7.8510826e-01
   8.9027601e-01
   9.9995000e-01
   1.0966828e+00
   1.1665337e+00
   1.2042907e+00
   1.2153548e+00
   1.2135731e+00
   1.2158574e+00
   1.2356489e+00
   1.2777288e+00
   1.3363534e+00
   1.3974205e+00
   1.4438322e+00
   1.4619991e+00
   1.4470015e+00
   1.4044369e+00
   1.3482573e+00
   1.2954273e+00
   1.2594511e+00
   1.2452431e+00
   1.2472960e+00
   1.2518435e+00
   1.2421802e+00
   1.2051036e+00
   1.1360137e+00
   1.0407259e+00
   9.3331037e-01
   8.3078990e-01
   7.4672804e-01
   6.8615701e-01
   6.4378029e-01
   6.0612960e-01
   5.5684472e-01
   4.8305302e-01
   3.8040993e-01
   2.5487686e-01
   1.2056336e-01
  -5.5356101e-03
  -1.0989217e-01
  -1.8745990e-01
  -2.4343816e-01
  -2.9111914e-01
  -3.4664787e-01
  -4.2270289e-01
  -5.2351378e-01
  -6.4311684e-01
  -7.6750959e-01
  -8.7987479e-01
  -9.6687355e-01
  -1.0236026e+00
  -1.0553254e+00
  -1.0753227e+00
  -1.0996902e+00
  -1.1410784e+00
  -1.2037661e+00
  -1.2819481e+00
  -1.3618862e+00
  -1.4270944e+00
  -1.4645729e+00
  -1.4697086e+00
  -1.4479731e+00
  -1.4127753e+00
  -1.3802964e+00
  -1.3632862e+00
  -1.3661911e+00
  -1.3834733e+00
  -1.4017573e+00
  -1.4049763e+00
  -1.3805484e+00
  -1.3242201e+00
  -1.2417317e+00
  -1.1466713e+00
  -1.0553463e+00
  -9.8063442e-01
  -9.2716542e-01
  -8.8967084e-01
  -8.5512585e-01
  -8.0785797e-01
  -7.3566561e-01
  -6.3460684e-01
  -5.1063142e-01
  -3.7743754e-01
  -2.5137803e-01
  -1.4536639e-01
  -6.4111166e-02
  -2.4959916e-03
   5.2282390e-02
   1.1564213e-01
   1.9955364e-01
   3.0780448e-01
   4.3439886e-01
   5.6569834e-01
   6.8548020e-01
   7.8097699e-01
   8.4758956e-01
   8.9047637e-01
   9.2241827e-01
   9.5878177e-01
   1.0115103e+00
   1.0844409e+00
   1.1717340e+00
   1.2600105e+00
   1.3333744e+00
   1.3793981e+00
   1.3937825e+00
   1.3819155e+00
   1.3567384e+00
   1.3337426e+00
   1.3250134e+00
   1.3345965e+00
   1.3569565e+00
   1.3791098e+00
   1.3856116e+00
   1.3644868e+00
   1.3118378e+00
   1.2333714e+00
   1.1422666e+00
   1.0542040e+00
   9.8145962e-01
   9.2832110e-01
   8.8957357e-01
   8.5262850e-01
   8.0247524e-01
   7.2755853e-01
   6.2433474e-01
   4.9876798e-01
   3.6419921e-01
   2.3640758e-01
   1.2775465e-01
   4.2648682e-02
  -2.3941299e-02
  -8.4360439e-02
  -1.5335060e-01
  -2.4222466e-01
  -3.5436033e-01
  -4.8373346e-01
  -6.1704692e-01
  -7.3863674e-01
  -8.3627772e-01
  -9.0567036e-01
  -9.5189831e-01
  -9.8730564e-01
  -1.0266118e+00
  -1.0811357e+00
  -1.1543372e+00
  -1.2403788e+00
  -1.3262505e+00
  -1.3966433e+00
  -1.4397040e+00
  -1.4514729e+00
  -1.4373121e+00
  -1.4097835e+00
  -1.3837947e+00
  -1.3708703e+00
  -1.3747404e+00
  -1.3899271e+00
  -1.4038667e+00
  -1.4017486e+00
  -1.3722194e+00
  -1.3117722e+00
  -1.2261441e+00
  -1.1281953e+00
  -1.0330843e+00
  -9.5258561e-01
  -8.9072274e-01
  -8.4238088e-01
  -7.9542409e-01
  -7.3550155e-01
  -6.5170191e-01
  -5.4089340e-01
  -4.0909313e-01
  -2.6934660e-01
  -1.3693181e-01
  -2.3723642e-02
   6.6128646e-02
   1.3756283e-01
   2.0248997e-01
   2.7501968e-01
   3.6585403e-01
   4.7799382e-01
   6.0539672e-01
   7.3509598e-01
   8.5196610e-01
   9.4431173e-01
   1.0081446e+00
   1.0485179e+00
   1.0774145e+00
   1.1090017e+00
   1.1540704e+00
   1.2157861e+00
   1.2883723e+00
   1.3592252e+00
   1.4136490e+00
   1.4403965e+00
   1.4358999e+00
   1.4055769e+00
   1.3617195e+00
   1.3187755e+00
   1.2878325e+00
   1.2724099e+00
   1.2671663e+00
   1.2600105e+00
   1.2368038e+00
   1.1868537e+00
   1.1070977e+00
   1.0033814e+00
   8.8834628e-01
   7.7673857e-01
   6.7993500e-01
   6.0177669e-01
   5.3729966e-01
   4.7484144e-01
   4.0071256e-01
   3.0464325e-01
   1.8392216e-01
   4.4647031e-02
  -1.0038732e-01
  -2.3635281e-01
  -3.5181955e-01
  -4.4288018e-01
  -5.1439500e-01
  -5.7788817e-01
  -6.4690526e-01
  -7.3161097e-01
  -8.3469320e-01
  -9.5013764e-01
  -1.0653375e+00
  -1.1657290e+00
  -1.2401783e+00
  -1.2850626e+00
  -1.3054899e+00
  -1.3131948e+00
  -1.3219237e+00
  -1.3420730e+00
  -1.3766344e+00
  -1.4199914e+00
  -1.4600255e+00
  -1.4827212e+00
  -1.4775081e+00
  -1.4412973e+00
  -1.3796736e+00
  -1.3047911e+00
  -1.2307820e+00
  -1.1684357e+00
  -1.1211808e+00
  -1.0839047e+00
  -1.0450537e+00
  -9.9120808e-01
  -9.1237899e-01
  -8.0600074e-01
  -6.7809569e-01
  -5.4116904e-01
  -4.0964178e-01
  -2.9456893e-01
  -1.9966051e-01
  -1.2012193e-01
  -4.4750899e-02
   3.9516455e-02
   1.4235253e-01
   2.6608747e-01
   4.0456978e-01
   5.4527085e-01
   6.7382623e-01
   7.7927674e-01
   8.5800764e-01
   9.1488464e-01
   9.6115851e-01
   1.0099450e+00
   1.0710120e+00
   1.1468676e+00
   1.2316432e+00
   1.3131948e+00
   1.3776162e+00
   1.4144375e+00
   1.4205225e+00
   1.4011788e+00
   1.3680616e+00
   1.3346767e+00
   1.3112047e+00
   1.3006259e+00
   1.2976228e+00
   1.2906763e+00
   1.2665497e+00
   1.2154436e+00
   1.1348507e+00
   1.0306389e+00
   9.1495315e-01
   8.0174023e-01
   7.0160970e-01
   6.1799314e-01
   5.4606651e-01
   4.7484144e-01
   3.9162059e-01
   2.8710985e-01
   1.5923179e-01
   1.4183637e-02
  -1.3566209e-01
  -2.7620948e-01
  -3.9674133e-01
  -4.9372324e-01
  -5.7186009e-01
  -6.4200742e-01
  -7.1674183e-01
  -8.0528817e-01
  -9.0974415e-01
  -1.0240446e+00
  -1.1360586e+00
  -1.2320160e+00
  -1.3015696e+00
  -1.3415599e+00
  -1.3570478e+00
  -1.3592252e+00
  -1.3610076e+00
  -1.3719970e+00
  -1.3947407e+00
  -1.4237148e+00
  -1.4474162e+00
  -1.4527608e+00
  -1.4301042e+00
  -1.3769652e+00
  -1.2990319e+00
  -1.2080703e+00
  -1.1175364e+00
  -1.0375724e+00
  -9.7129855e-01
  -9.1381315e-01
  -8.5427963e-01
  -7.8029600e-01
  -6.8287368e-01
  -5.6012063e-01
  -4.1822218e-01
  -2.6934660e-01
  -1.2727824e-01
  -2.4476965e-03
   1.0174337e-01
   1.8990279e-01
   2.7256507e-01
   3.6184744e-01
   4.6650975e-01
   5.8830868e-01
   7.2103928e-01
   8.5262850e-01
   9.6947866e-01
   1.0614002e+00
   1.1252507e+00
   1.1658925e+00
   1.1941105e+00
   1.2222891e+00
   1.2595069e+00
   1.3079234e+00
   1.3618390e+00
   1.4097835e+00
   1.4388332e+00
   1.4395032e+00
   1.4093467e+00
   1.3538882e+00
   1.2845366e+00
   1.2142815e+00
   1.1528184e+00
   1.1029655e+00
   1.0597391e+00
   1.0124365e+00
   9.4892370e-01
   8.6048806e-01
   7.4539710e-01
   6.0980582e-01
   4.6566695e-01
   3.2644489e-01
   2.0227190e-01
   9.6395659e-02
   4.2714163e-03
  -8.4360439e-02
  -1.8121162e-01
  -2.9463207e-01
  -4.2608740e-01
  -5.6927417e-01
  -7.1220985e-01
  -8.4149761e-01
  -9.4713566e-01
  -1.0260358e+00
  -1.0829103e+00
  -1.1281953e+00
  -1.1738083e+00
  -1.2283675e+00
  -1.2937010e+00
  -1.3639793e+00
  -1.4278006e+00
  -1.4724305e+00
  -1.4885724e+00
  -1.4738480e+00
  -1.4336597e+00
  -1.3791098e+00
  -1.3227748e+00
  -1.2739539e+00
  -1.2352048e+00
  -1.2014915e+00
  -1.1622616e+00
  -1.1056585e+00
  -1.0232515e+00
  -9.1347728e-01
  -7.8247632e-01
  -6.4200742e-01
  -5.0523836e-01
  -3.8202198e-01
  -2.7546076e-01
  -1.8106832e-01
  -8.8842135e-02
   1.2551039e-02
   1.3108155e-01
   2.6795191e-01
   4.1678249e-01
   5.6569834e-01
   7.0151894e-01
   8.1444996e-01
   9.0148683e-01
   9.6723388e-01
   1.0218323e+00
   1.0767949e+00
   1.1403438e+00
   1.2140358e+00
   1.2919646e+00
   1.3628429e+00
   1.4141678e+00
   1.4368749e+00
   1.4287049e+00
   1.3949988e+00
   1.3466207e+00
   1.2958081e+00
   1.2515355e+00
   1.2161657e+00
   1.1846636e+00
   1.1466713e+00
   1.0906446e+00
   1.0084687e+00
   8.9878521e-01
   7.6776173e-01
   6.2700916e-01
   4.8944534e-01
   3.6468515e-01
   2.5571657e-01
   1.5812818e-01
   6.2177200e-02
  -4.3098956e-02
  -1.6530402e-01
  -3.0539040e-01
  -4.5691236e-01
  -6.0811006e-01
  -7.4602781e-01
  -8.6109364e-01
  -9.5041291e-01
  -1.0185224e+00
  -1.0753227e+00
  -1.1319856e+00
  -1.1964055e+00
  -1.2699346e+00
  -1.3466520e+00
  -1.4154424e+00
  -1.4640899e+00
  -1.4838211e+00
  -1.4725623e+00
  -1.4356691e+00
  -1.3838532e+00
  -1.3291030e+00
  -1.2801583e+00
  -1.2392692e+00
  -1.2014751e+00
  -1.1566743e+00
  -1.0936906e+00
  -1.0047764e+00
  -8.8883189e-01
  -7.5210870e-01
  -6.0612960e-01
  -4.6362123e-01
  -3.3401257e-01
  -2.2021709e-01
  -1.1792317e-01
  -1.7657360e-02
   9.1174772e-02
   2.1582008e-01
   3.5699311e-01
   5.0819400e-01
   6.5779007e-01
   7.9306586e-01
   9.0469528e-01
   9.8993005e-01
   1.0532910e+00
   1.1045044e+00
   1.1544785e+00
   1.2108623e+00
   1.2748864e+00
   1.3406950e+00
   1.3974205e+00
   1.4332093e+00
   1.4396571e+00
   1.4149610e+00
   1.3645854e+00
   1.2991919e+00
   1.2306255e+00
   1.1674951e+00
   1.1120348e+00
   1.0594435e+00
   9.9995000e-01
   9.2281001e-01
   8.2070299e-01
   6.9284578e-01
   5.4563265e-01
   3.9055689e-01
   2.4020851e-01
   1.0387594e-01
  -1.5570715e-02
  -1.2232940e-01
  -2.2560755e-01
  -3.3564900e-01
  -4.5937091e-01
  -5.9728222e-01
  -7.4286350e-01
  -8.8464618e-01
  -1.0101971e+00
  -1.1104878e+00
  -1.1829811e+00
  -1.2322624e+00
  -1.2679785e+00
  -1.3008796e+00
  -1.3384799e+00
  -1.3819992e+00
  -1.4257534e+00
  -1.4592253e+00
  -1.4710235e+00
  -1.4532139e+00
  -1.4043696e+00
  -1.3301752e+00
  -1.2413570e+00
  -1.1497327e+00
  -1.0638906e+00
  -9.8614807e-01
  -9.1194865e-01
  -8.3192156e-01
  -7.3581184e-01
  -6.1677359e-01
  -4.7438230e-01
  -3.1521314e-01
  -1.5076340e-01
   6.4880707e-03
   1.4738067e-01
   2.6909218e-01
   3.7573114e-01
   4.7628265e-01
   5.8070003e-01
   6.9564239e-01
   8.2149163e-01
   9.5179123e-01
   1.0753227e+00
   1.1800265e+00
   1.2572720e+00
   1.3048457e+00
   1.3275230e+00
   1.3350088e+00
   1.3380403e+00
   1.3441446e+00
   1.3546742e+00
   1.3642532e+00
   1.3628429e+00
   1.3396348e+00
   1.2872812e+00
   1.2048461e+00
   1.0983480e+00
   9.7869005e-01
   8.5776788e-01
   7.4424277e-01
   6.4059254e-01
   5.4256211e-01
   4.4121723e-01
   3.2680965e-01
   1.9297060e-01
   3.9625237e-02
  -1.2648852e-01
  -2.9389717e-01
  -4.5027288e-01
  -5.8663877e-01
  -7.0029592e-01
  -7.9536010e-01
  -8.8071089e-01
  -9.6614435e-01
  -1.0582062e+00
  -1.1573019e+00
  -1.2571909e+00
  -1.3470588e+00
  -1.4153762e+00
  -1.4540706e+00
  -1.4614195e+00
  -1.4425626e+00
  -1.4074418e+00
  -1.3669607e+00
  -1.3288328e+00
  -1.2947055e+00
  -1.2596582e+00
  -1.2142600e+00
  -1.1483988e+00
  -1.0554134e+00
  -9.3494671e-01
  -7.9342943e-01
  -6.4200742e-01
  -4.9270491e-01
  -3.5428684e-01
  -2.2939744e-01
  -1.1406203e-01
   2.6520892e-04
   1.2289822e-01
   2.5982127e-01
   4.1086794e-01
   5.6925888e-01
   7.2367770e-01
   8.6209437e-01
   9.7587827e-01
   1.0626342e+00
   1.1266839e+00
   1.1770160e+00
   1.2234956e+00
   1.2727862e+00
   1.3255476e+00
   1.3759803e+00
   1.4138916e+00
   1.4284917e+00
   1.4124697e+00
   1.3647916e+00
   1.2911536e+00
   1.2019185e+00
   1.1083270e+00
   1.0184310e+00
   9.3430047e-01
   8.5156892e-01
   7.6148295e-01
   6.5466794e-01
   5.2516402e-01
   3.7318545e-01
   2.0554551e-01
   3.3581802e-02
  -1.3062799e-01
  -2.7831776e-01
  -4.0680949e-01
  -5.1996115e-01
  -6.2612339e-01
  -7.3439463e-01
  -8.5061326e-01
  -9.7462439e-01
  -1.0998696e+00
  -1.2154592e+00
  -1.3099369e+00
  -1.3753016e+00
  -1.4097525e+00
  -1.4181140e+00
  -1.4097835e+00
  -1.3949912e+00
  -1.3808047e+00
  -1.3684074e+00
  -1.3526880e+00
  -1.3242974e+00
  -1.2733816e+00
  -1.1935625e+00
  -1.0846418e+00
  -9.5299454e-01
  -8.0950080e-01
  -6.6580416e-01
  -5.3032507e-01
  -4.0554711e-01
  -2.8760669e-01
  -1.6833476e-01
  -3.8961628e-02
   1.0593881e-01
   2.6577932e-01
   4.3358927e-01
   5.9808994e-01
   7.4742583e-01
   8.7313116e-01
   9.7282166e-01
   1.0505907e+00
   1.1149666e+00
   1.1752194e+00
   1.2374361e+00
   1.3018666e+00
   1.3625600e+00
   1.4094280e+00
   1.4319496e+00
   1.4230995e+00
   1.3820018e+00
   1.3142957e+00
   1.2300770e+00
   1.1402020e+00
   1.0523684e+00
   9.6846709e-01
   8.8421249e-01
   7.9118783e-01
   6.8051548e-01
   5.4674395e-01
   3.9046060e-01
   2.1862695e-01
   4.2504870e-02
  -1.2603811e-01
  -2.7843759e-01
  -4.1206846e-01
  -5.3060960e-01
  -6.4200742e-01
  -7.5482603e-01
  -8.7438761e-01
  -1.0001846e+00
  -1.1255581e+00
  -1.2397683e+00
  -1.3316701e+00
  -1.3935918e+00
  -1.4239393e+00
  -1.4275367e+00
  -1.4135776e+00
  -1.3919767e+00
  -1.3695170e+00
  -1.3472686e+00
  -1.3202625e+00
  -1.2795416e+00
  -1.2158013e+00
  -1.1232250e+00
  -1.0020447e+00
  -8.5884714e-01
  -7.0450490e-01
  -5.5052221e-01
  -4.0518619e-01
  -2.7098925e-01
  -1.4429900e-01
  -1.7392662e-02
   1.1793150e-01
   2.6655488e-01
   4.2751137e-01
   5.9370420e-01
   7.5398084e-01
   8.9677785e-01
   1.0139491e+00
   1.1033209e+00
   1.1690065e+00
   1.2193672e+00
   1.2634085e+00
   1.3069941e+00
   1.3503299e+00
   1.3876804e+00
   1.4094280e+00
   1.4056863e+00
   1.3700870e+00
   1.3022933e+00
   1.2082793e+00
   1.0982699e+00
   9.8312893e-01
   8.7057227e-01
   7.6265108e-01
   6.5545914e-01
   5.4116904e-01
   4.1161007e-01
   2.6201232e-01
   9.3478643e-02
  -8.6766597e-02
  -2.6745282e-01
  -4.3687561e-01
  -5.8667248e-01
  -7.1432781e-01
  -8.2345910e-01
  -9.2178600e-01
  -1.0175683e+00
  -1.1158832e+00
  -1.2161720e+00
  -1.3119980e+00
  -1.3931132e+00
  -1.4490456e+00
  -1.4728392e+00
  -1.4635219e+00
  -1.4263611e+00
  -1.3708130e+00
  -1.3069539e+00
  -1.2417564e+00
  -1.1766338e+00
  -1.1071872e+00
  -1.0252457e+00
  -9.2241546e-01
  -7.9377242e-01
  -6.4028413e-01
  -4.6902807e-01
  -2.9111914e-01
  -1.1813223e-01
   4.1619501e-02
   1.8553723e-01
   3.1699282e-01
   4.4330239e-01
   5.7220287e-01
   7.0818871e-01
   8.5011759e-01
   9.9100764e-01
   1.1201095e+00
   1.2264671e+00
   1.3026121e+00
   1.3469866e+00
   1.3641749e+00
   1.3628632e+00
   1.3523129e+00
   1.3386996e+00
   1.3227183e+00
   1.2993704e+00
   1.2600105e+00
   1.1958679e+00
   1.1016931e+00
   9.7813177e-01
   8.3191661e-01
   6.7379978e-01
   5.1501239e-01
   3.6359816e-01
   2.2201453e-01
   8.6908344e-02
  -4.8859542e-02
  -1.9272585e-01
  -3.4881699e-01
  -5.1561036e-01
  -6.8576723e-01
  -8.4820868e-01
  -9.9164885e-01
  -1.1082430e+00
  -1.1959651e+00
  -1.2588158e+00
  -1.3047911e+00
  -1.3423964e+00
  -1.3770462e+00
  -1.4087296e+00
  -1.4318358e+00
  -1.4372085e+00
  -1.4156418e+00
  -1.3614819e+00
  -1.2749564e+00
  -1.1623417e+00
  -1.0339019e+00
  -9.0038632e-01
  -7.6941903e-01
  -6.4315457e-01
  -5.1808700e-01
  -3.8707502e-01
  -2.4279844e-01
  -8.1314132e-02
   9.5657282e-02
   2.8059711e-01
   4.6226637e-01
   6.2921025e-01
   7.7335929e-01
   8.9236141e-01
   9.8976519e-01
   1.0729957e+00
   1.1499083e+00
   1.2252458e+00
   1.2983622e+00
   1.3630866e+00
   1.4097835e+00
   1.4288249e+00
   1.4141476e+00
   1.3655406e+00
   1.2887881e+00
   1.1936165e+00
   1.0902293e+00
   9.8575281e-01
   8.8194653e-01
   7.7504599e-01
   6.5779007e-01
   5.2284783e-01
   3.6632555e-01
   1.9000422e-01
   1.4435386e-03
  -1.8809601e-01
  -3.6712788e-01
  -5.2749330e-01
  -6.6664738e-01
  -7.8781667e-01
  -8.9798101e-01
  -1.0044640e+00
  -1.1114464e+00
  -1.2177454e+00
  -1.3167144e+00
  -1.3983099e+00
  -1.4525385e+00
  -1.4729720e+00
  -1.4589923e+00
  -1.4159118e+00
  -1.3529275e+00
  -1.2796934e+00
  -1.2028214e+00
  -1.1236450e+00
  -1.0380968e+00
  -9.3873824e-01
  -8.1815865e-01
  -6.7243547e-01
  -5.0332478e-01
  -3.1833680e-01
  -1.2865900e-01
   5.4288438e-02
   2.2235901e-01
   3.7291992e-01
   5.0898331e-01
   6.3719277e-01
   7.6444874e-01
   8.9447553e-01
   1.0256534e+00
   1.1509538e+00
   1.2600105e+00
   1.3425420e+00
   1.3918250e+00
   1.4068967e+00
   1.3926529e+00
   1.3578087e+00
   1.3115076e+00
   1.2598752e+00
   1.2038366e+00
   1.1390261e+00
   1.0578210e+00
   9.5271275e-01
   8.1972246e-01
   6.6054575e-01
   4.8260097e-01
   2.9695392e-01
   1.1490335e-01
  -5.5478192e-02
  -2.1153875e-01
  -3.5615164e-01
  -4.9570560e-01
  -6.3676351e-01
  -7.8268082e-01
  -9.3148887e-01
  -1.0758631e+00
  -1.2051983e+00
  -1.3090061e+00
  -1.3803462e+00
  -1.4179875e+00
  -1.4264828e+00
  -1.4141359e+00
  -1.3896450e+00
  -1.3587089e+00
  -1.3218948e+00
  -1.2745806e+00
  -1.2089909e+00
  -1.1175420e+00
  -9.9621265e-01
  -8.4664444e-01
  -6.7616326e-01
  -4.9570560e-01
  -3.1643363e-01
  -1.4632220e-01
   1.1990446e-02
   1.6128112e-01
   3.0773498e-01
   4.5763627e-01
   6.1403644e-01
   7.7468697e-01
   9.3203920e-01
   1.0753227e+00
   1.1939179e+00
   1.2807454e+00
   1.3343854e+00
   1.3591293e+00
   1.3629519e+00
   1.3541876e+00
   1.3381869e+00
   1.3152326e+00
   1.2805135e+00
   1.2261618e+00
   1.1445715e+00
   1.0317248e+00
   8.8924847e-01
   7.2440882e-01
   5.4803877e-01
   3.7118155e-01
   2.0172262e-01
   4.2284212e-02
  -1.0982751e-01
  -2.6061868e-01
  -4.1612970e-01
  -5.7915167e-01
  -7.4720722e-01
  -9.1258086e-01
  -1.0643998e+00
  -1.1919818e+00
  -1.2881822e+00
  -1.3514724e+00
  -1.3859674e+00
  -1.3994020e+00
  -1.3998385e+00
  -1.3923706e+00
  -1.3770865e+00
  -1.3490717e+00
  -1.3004464e+00
  -1.2236575e+00
  -1.1147601e+00
  -9.7543028e-01
  -8.1293219e-01
  -6.3804582e-01
  -4.6173760e-01
  -2.9183554e-01
  -1.3096615e-01
   2.3473773e-02
   1.7731656e-01
   3.3637624e-01
   5.0321227e-01
   6.7515706e-01
   8.4437595e-01
   9.9995000e-01
   1.1311986e+00
   1.2309850e+00
   1.2977531e+00
   1.3355308e+00
   1.3519089e+00
   1.3547780e+00
   1.3490776e+00
   1.3348038e+00
   1.3070387e+00
   1.2579874e+00
   1.1802410e+00
   1.0700143e+00
   9.2911333e-01
   7.6487471e-01
   5.8809237e-01
   4.0971337e-01
   2.3755441e-01
   7.4279346e-02
  -8.2605548e-02
  -2.3875461e-01
  -3.9976558e-01
  -5.6798961e-01
  -7.4060454e-01
  -9.0970336e-01
  -1.0643785e+00
  -1.1940189e+00
  -1.2915741e+00
  -1.3555493e+00
  -1.3899831e+00
  -1.4024282e+00
  -1.4007148e+00
  -1.3897428e+00
  -1.3695311e+00
  -1.3352710e+00
  -1.2793608e+00
  -1.1946399e+00
  -1.0775802e+00
  -9.3020866e-01
  -7.6001745e-01
  -5.7788817e-01
  -3.9481111e-01
  -2.1864100e-01
  -5.2113278e-02
   1.0713835e-01
   2.6458900e-01
   4.2563519e-01
   5.9245020e-01
   7.6210181e-01
   9.2666815e-01
   1.0753227e+00
   1.1976055e+00
   1.2866450e+00
   1.3411110e+00
   1.3651660e+00
   1.3664450e+00
   1.3528438e+00
   1.3293502e+00
   1.2961326e+00
   1.2486149e+00
   1.1795061e+00
   1.0820037e+00
   9.5293869e-01
   7.9465089e-01
   6.1486979e-01
   4.2463402e-01
   2.3503231e-01
   5.3996494e-02
  -1.1564503e-01
  -2.7612867e-01
  -4.3276680e-01
  -5.9078962e-01
  -7.5224446e-01
  -9.1415641e-01
  -1.0686701e+00
  -1.2051340e+00
  -1.3133450e+00
  -1.3867267e+00
  -1.4242394e+00
  -1.4303034e+00
  -1.4127753e+00
  -1.3797578e+00
  -1.3364677e+00
  -1.2833593e+00
  -1.2162178e+00
  -1.1281824e+00
  -1.0129168e+00
  -8.6770556e-01
  -6.9528307e-01
  -5.0368224e-01
  -3.0414852e-01
  -1.0790086e-01
   7.7039692e-02
   2.4776070e-01
   4.0639897e-01
   5.5815560e-01
   7.0816569e-01
   8.5843980e-01
   1.0060651e+00
   1.1433710e+00
   1.2600105e+00
   1.3461764e+00
   1.3957348e+00
   1.4080895e+00
   1.3880752e+00
   1.3439276e+00
   1.2841111e+00
   1.2142197e+00
   1.1351309e+00
   1.0431159e+00
   9.3185235e-01
   7.9556032e-01
   6.3205023e-01
   4.4450274e-01
   2.4128567e-01
   3.3861421e-02
  -1.6643323e-01
  -3.5152369e-01
  -5.1847277e-01
  -6.6940034e-01
  -8.0950080e-01
  -9.4393851e-01
  -1.0748284e+00
  -1.1994745e+00
  -1.3105557e+00
  -1.3982019e+00
  -1.4531786e+00
  -1.4699730e+00
  -1.4486104e+00
  -1.3945141e+00
  -1.3164657e+00
  -1.2234473e+00
  -1.1215700e+00
  -1.0122568e+00
  -8.9236422e-01
  -7.5618364e-01
  -5.9854162e-01
  -4.1779785e-01
  -2.1757667e-01
  -6.5519962e-03
   2.0365182e-01
   4.0166106e-01
   5.7945397e-01
   7.3419963e-01
   8.6815470e-01
   9.8668078e-01
   1.0951618e+00
   1.1960195e+00
   1.2869849e+00
   1.3612999e+00
   1.4097835e+00
   1.4239816e+00
   1.3992020e+00
   1.3362797e+00
   1.2413997e+00
   1.1240437e+00
   9.9384297e-01
   8.5753143e-01
   7.1715292e-01
   5.7019297e-01
   4.1156671e-01
   2.3668343e-01
   4.4395238e-02
  -1.6131847e-01
  -3.7159666e-01
  -5.7480029e-01
  -7.5969247e-01
  -9.1850229e-01
  -1.0487244e+00
  -1.1529894e+00
  -1.2370764e+00
  -1.3068475e+00
  -1.3652920e+00
  -1.4108249e+00
  -1.4374987e+00
  -1.4370553e+00
  -1.4020354e+00
  -1.3287591e+00
  -1.2190368e+00
  -1.0799508e+00
  -9.2178600e-01
  -7.5488948e-01
  -5.8664551e-01
  -4.1970567e-01
  -2.5212953e-01
  -7.9359734e-02
   1.0274782e-01
   2.9502158e-01
   4.9333367e-01
   6.8887197e-01
   8.7024424e-01
   1.0266329e+00
   1.1508168e+00
   1.2409266e+00
   1.3002829e+00
   1.3353980e+00
   1.3529201e+00
   1.3566998e+00
   1.3461081e+00
   1.3162531e+00
   1.2600105e+00
   1.1710897e+00
   1.0469563e+00
   8.9048459e-01
   7.0969738e-01
   5.1567774e-01
   3.1943446e-01
   1.2889868e-01
  -5.2823055e-02
  -2.2729715e-01
  -3.9879758e-01
  -5.7130543e-01
  -7.4564710e-01
  -9.1789087e-01
  -1.0796386e+00
  -1.2201231e+00
  -1.3293312e+00
  -1.4009755e+00
  -1.4341990e+00
  -1.4333737e+00
  -1.4060834e+00
  -1.3600698e+00
  -1.3003144e+00
  -1.2273688e+00
  -1.1375698e+00
  -1.0250455e+00
  -8.8473395e-01
  -7.1524631e-01
  -5.2046079e-01
  -3.0922051e-01
  -9.3228213e-02
   1.1608042e-01
   3.1051557e-01
   4.8685286e-01
   6.4666526e-01
   7.9436025e-01
   9.3420075e-01
   1.0674748e+00
   1.1909192e+00
   1.2970214e+00
   1.3761003e+00
   1.4193876e+00
   1.4219425e+00
   1.3842957e+00
   1.3122006e+00
   1.2145905e+00
   1.1005189e+00
   9.7624981e-01
   8.4359695e-01
   7.0013283e-01
   5.4116904e-01
   3.6272880e-01
   1.6435192e-01
  -4.9365061e-02
  -2.6910834e-01
  -4.8296310e-01
  -6.7952532e-01
  -8.5084805e-01
  -9.9412475e-01
  -1.1114944e+00
  -1.2080703e+00
  -1.2889701e+00
  -1.3565042e+00
  -1.4086150e+00
  -1.4391755e+00
  -1.4400439e+00
  -1.4040931e+00
  -1.3280590e+00
  -1.2141172e+00
  -1.0695813e+00
  -9.0482725e-01
  -7.3022613e-01
  -5.5323974e-01
  -3.7676777e-01
  -1.9935366e-01
  -1.7142703e-02
   1.7318565e-01
   3.7166203e-01
   5.7353152e-01
   7.6961913e-01
   9.4844521e-01
   1.0993099e+00
   1.2151938e+00
   1.2943914e+00
   1.3402760e+00
   1.3593047e+00
   1.3580443e+00
   1.3403644e+00
   1.3058785e+00
   1.2502295e+00
   1.1671072e+00
   1.0512195e+00
   9.0106931e-01
   7.2046100e-01
   5.1814353e-01
   3.0570463e-01
   9.4497425e-02
  -1.0725333e-01
  -2.9608920e-01
  -4.7310623e-01
  -6.4200742e-01
  -8.0619680e-01
  -9.6605766e-01
  -1.1174849e+00
  -1.2522593e+00
  -1.3601453e+00
  -1.4319305e+00
  -1.4622651e+00
  -1.4512292e+00
  -1.4040415e+00
  -1.3290284e+00
  -1.2346305e+00
  -1.1265907e+00
  -1.0063874e+00
  -8.7150064e-01
  -7.1738967e-01
  -5.4040490e-01
  -3.4049606e-01
  -1.2265425e-01
   1.0349213e-01
   3.2580356e-01
   5.3269676e-01
   7.1601345e-01
   8.7262754e-01
   1.0042094e+00
   1.1152695e+00
   1.2102581e+00
   1.2908563e+00
   1.3545150e+00
   1.3948179e+00
   1.4035418e+00
   1.3736348e+00
   1.3019780e+00
   1.1908739e+00
   1.0476887e+00
   8.8277509e-01
   7.0645550e-01
   5.2620033e-01
   3.4505507e-01
   1.6189001e-01
  -2.6654386e-02
  -2.2330345e-01
  -4.2749464e-01
  -6.3398324e-01
  -8.3327408e-01
  -1.0137474e+00
  -1.1646979e+00
  -1.2791557e+00
  -1.3554387e+00
  -1.3968690e+00
  -1.4097835e+00
  -1.4006161e+00
  -1.3731786e+00
  -1.3271869e+00
  -1.2585941e+00
  -1.1615994e+00
  -1.0315541e+00
  -8.6763826e-01
  -6.7426720e-01
  -4.6066683e-01
  -2.3875461e-01
  -2.0106487e-02
   1.8686345e-01
   3.7846780e-01
   5.5549409e-01
   7.2127032e-01
   8.7882443e-01
   1.0282585e+00
   1.1653742e+00
   1.2821030e+00
   1.3686033e+00
   1.4162433e+00
   1.4203465e+00
   1.3816648e+00
   1.3060238e+00
   1.2022786e+00
   1.0793614e+00
   9.4353774e-01
   7.9690877e-01
   6.3770973e-01
   4.6226637e-01
   2.6783221e-01
   5.5190048e-02
  -1.7001075e-01
  -3.9772778e-01
  -6.1566549e-01
  -8.1230043e-01
  -9.7967276e-01
  -1.1149135e+00
  -1.2199589e+00
  -1.2995941e+00
  -1.3586017e+00
  -1.3991306e+00
  -1.4193078e+00
  -1.4136380e+00
  -1.3750430e+00
  -1.2977645e+00
  -1.1800154e+00
  -1.0253568e+00
  -8.4226091e-01
  -6.4200742e-01
  -4.3569302e-01
  -2.3146852e-01
  -3.3025945e-02
   1.6012285e-01
   3.5072202e-01
   5.4097785e-01
   7.3000333e-01
   9.1251687e-01
   1.0793294e+00
   1.2194677e+00
   1.3231539e+00
   1.3845299e+00
   1.4031089e+00
   1.3834202e+00
   1.3329950e+00
   1.2594738e+00
   1.1679403e+00
   1.0594973e+00
   9.3161577e-01
   7.8010606e-01
   6.0193398e-01
   3.9777775e-01
   1.7331675e-01
  -6.1275110e-02
  -2.9347471e-01
  -5.1141302e-01
  -7.0662914e-01
  -8.7556401e-01
  -1.0192642e+00
  -1.1414486e+00
  -1.2457148e+00
  -1.3329840e+00
  -1.4001912e+00
  -1.4407415e+00
  -1.4465757e+00
  -1.4110647e+00
  -1.3316326e+00
  -1.2111037e+00
  -1.0572517e+00
  -8.8071089e-01
  -6.9202846e-01
  -4.9895958e-01
  -3.0500826e-01
  -1.0973609e-01
   8.9318552e-02
   2.9388641e-01
   5.0247399e-01
   7.0912695e-01
   9.0396479e-01
   1.0753227e+00
   1.2127198e+00
   1.3095548e+00
   1.3645300e+00
   1.3812867e+00
   1.3664144e+00
   1.3266093e+00
   1.2660783e+00
   1.1851812e+00
   1.0808249e+00
   9.4844521e-01
   7.8480069e-01
   5.9048419e-01
   3.7116408e-01
   1.3704620e-01
  -9.9275112e-02
  -3.2579607e-01
  -5.3381725e-01
  -7.1939985e-01
  -8.8305346e-01
  -1.0278195e+00
  -1.1565253e+00
  -1.2692977e+00
  -1.3623200e+00
  -1.4283366e+00
  -1.4587344e+00
  -1.4464226e+00
  -1.3884199e+00
  -1.2871639e+00
  -1.1500411e+00
  -9.8730564e-01
  -8.0916803e-01
  -6.2314222e-01
  -4.3263539e-01
  -2.3728385e-01
  -3.4866374e-02
   1.7598029e-01
   3.9332702e-01
   6.1077602e-01
   8.1803793e-01
   1.0030865e+00
   1.1551100e+00
   1.2671715e+00
   1.3375975e+00
   1.3695968e+00
   1.3692819e+00
   1.3428691e+00
   1.2941400e+00
   1.2231397e+00
   1.1266052e+00
   9.9995000e-01
   8.4002672e-01
   6.4758857e-01
   4.2847788e-01
   1.9305264e-01
  -4.5969385e-02
  -2.7646799e-01
  -4.8959556e-01
  -6.8119571e-01
  -8.5147266e-01
  -1.0030865e+00
  -1.1384488e+00
  -1.2572949e+00
  -1.3554987e+00
  -1.4256146e+00
  -1.4589645e+00
  -1.4484923e+00
  -1.3913046e+00
  -1.2899336e+00
  -1.1518351e+00
  -9.8730564e-01
  -8.0659601e-01
  -6.1729962e-01
  -4.2298222e-01
  -2.2353769e-01
  -1.7090425e-02
   1.9733004e-01
   4.1741383e-01
   6.3645294e-01
   8.4395759e-01
   1.0278195e+00
   1.1772409e+00
   1.2853530e+00
   1.3505613e+00
   1.3761376e+00
   1.3682422e+00
   1.3331517e+00
   1.2747646e+00
   1.1933405e+00
   1.0859493e+00
   9.4844521e-01
   7.7818827e-01
   5.7644538e-01
   3.4951833e-01
   1.0812783e-01
  -1.3475514e-01
  -3.6684967e-01
  -5.7920414e-01
  -7.6757784e-01
  -9.3209015e-01
  -1.0753227e+00
  -1.1996485e+00
  -1.3048536e+00
  -1.3869968e+00
  -1.4389769e+00
  -1.4526122e+00
  -1.4214550e+00
  -1.3432743e+00
  -1.2212562e+00
  -1.0634586e+00
  -8.8071089e-01
  -6.8373875e-01
  -4.8058179e-01
  -2.7525149e-01
  -6.8098231e-02
   1.4230306e-01
   3.5652197e-01
   5.7195643e-01
   7.8177076e-01
   9.7554669e-01
   1.1414486e+00
   1.2691226e+00
   1.3522627e+00
   1.3899023e+00
   1.3859651e+00
   1.3472727e+00
   1.2807841e+00
   1.1911267e+00
   1.0793595e+00
   9.4342668e-01
   7.8010606e-01
   5.8767660e-01
   3.6824868e-01
   1.2882297e-01
  -1.1937454e-01
  -3.6307871e-01
  -5.8991123e-01
  -7.9098415e-01
  -9.6224203e-01
  -1.1040848e+00
  -1.2194677e+00
  -1.3112518e+00
  -1.3798594e+00
  -1.4221632e+00
  -1.4320602e+00
  -1.4025262e+00
  -1.3283737e+00
  -1.2086577e+00
  -1.0477995e+00
  -8.5497987e-01
  -6.4200742e-01
  -4.2044125e-01
  -1.9902502e-01
   1.7635412e-02
   2.2869974e-01
   4.3522617e-01
   6.3758228e-01
   8.3318232e-01
   1.0154725e+00
   1.1746054e+00
   1.2995941e+00
   1.3811661e+00
   1.4142618e+00
   1.3992527e+00
   1.3414331e+00
   1.2489929e+00
   1.1302464e+00
   9.9116968e-01
   8.3416768e-01
   6.5851532e-01
   4.6226637e-01
   2.4485654e-01
   9.3557887e-03
  -2.3654563e-01
  -4.8125170e-01
  -7.1146186e-01
  -9.1507729e-01
  -1.0837603e+00
  -1.2142251e+00
  -1.3078194e+00
  -1.3686033e+00
  -1.4007009e+00
  -1.4059653e+00
  -1.3828746e+00
  -1.3270879e+00
  -1.2334525e+00
  -1.0986846e+00
  -9.2367975e-01
  -7.1454241e-01
  -4.8190534e-01
  -2.3875461e-01
   2.4583931e-03
   2.3237051e-01
   4.4601026e-01
   6.4241604e-01
   8.2277880e-01
   9.8788119e-01
   1.1358708e+00
   1.2612720e+00
   1.3556607e+00
   1.4097835e+00
   1.4163410e+00
   1.3723933e+00
   1.2804805e+00
   1.1480298e+00
   9.8526990e-01
   8.0242799e-01
   6.0725321e-01
   4.0377293e-01
   1.9270983e-01
  -2.6654386e-02
  -2.5394104e-01
  -4.8549531e-01
  -7.1346345e-01
  -9.2654307e-01
  -1.1121820e+00
  -1.2594440e+00
  -1.3615003e+00
  -1.4168427e+00
  -1.4287952e+00
  -1.4035418e+00
  -1.3474465e+00
  -1.2647000e+00
  -1.1561898e+00
  -1.0200149e+00
  -8.5342236e-01
  -6.5539243e-01
  -4.2884181e-01
  -1.8155167e-01
   7.4589962e-02
   3.2580356e-01
   5.5930910e-01
   7.6585449e-01
   9.4098201e-01
   1.0846138e+00
   1.1991763e+00
   1.2870355e+00
   1.3482717e+00
   1.3796812e+00
   1.3754152e+00
   1.3290284e+00
   1.2361589e+00
   1.0968113e+00
   9.1635205e-01
   7.0481079e-01
   4.7471804e-01
   2.3825871e-01
   4.7753165e-03
  -2.2048635e-01
  -4.3597637e-01
  -6.4200742e-01
  -8.3826024e-01
  -1.0216498e+00
  -1.1854328e+00
  -1.3199573e+00
  -1.4148193e+00
  -1.4616479e+00
  -1.4564873e+00
  -1.4008915e+00
  -1.3013259e+00
  -1.1671072e+00
  -1.0076583e+00
  -8.3010589e-01
  -6.3810429e-01
  -4.3229079e-01
  -2.1214483e-01
   2.1521103e-02
   2.6445704e-01
   5.0813187e-01
   7.4054370e-01
   9.4844521e-01
   1.1202015e+00
   1.2482525e+00
   1.3302976e+00
   1.3688003e+00
   1.3690443e+00
   1.3365154e+00
   1.2746275e+00
   1.1836694e+00
   1.0613672e+00
   9.0482725e-01
   7.1308729e-01
   4.8925743e-01
   2.4138219e-01
  -1.8365069e-02
  -2.7591271e-01
  -5.1816414e-01
  -7.3548887e-01
  -9.2295351e-01
  -1.0798953e+00
  -1.2080703e+00
  -1.3091485e+00
  -1.3825665e+00
  -1.4246064e+00
  -1.4290844e+00
  -1.3894096e+00
  -1.3012344e+00
  -1.1646807e+00
  -9.8527539e-01
  -7.7321014e-01
  -5.4116904e-01
  -3.0150502e-01
  -6.3784795e-02
   1.6642631e-01
   3.8714827e-01
   5.9817456e-01
   7.9863451e-01
   9.8493719e-01
   1.1499544e+00
   1.2838204e+00
   1.3761003e+00
   1.4185460e+00
   1.4074246e+00
   1.3445549e+00
   1.2366683e+00
   1.0933405e+00
   9.2426913e-01
   7.3691247e-01
   5.3535114e-01
   3.2075694e-01
   9.3228213e-02
  -1.4577880e-01
  -3.9142645e-01
  -6.3473094e-01
  -8.6342721e-01
  -1.0642098e+00
  -1.2255673e+00
  -1.3401947e+00
  -1.4061237e+00
  -1.4261903e+00
  -1.4060834e+00
  -1.3517495e+00
  -1.2671591e+00
  -1.1532875e+00
  -1.0086862e+00
  -8.3139763e-01
  -6.2143876e-01
  -3.8285403e-01
  -1.2448924e-01
   1.4087846e-01
   3.9879758e-01
   6.3600330e-01
   8.4287008e-01
   1.0145991e+00
   1.1507637e+00
   1.2534593e+00
   1.3248259e+00
   1.3649460e+00
   1.3709584e+00
   1.3377556e+00
   1.2600105e+00
   1.1347543e+00
   9.6350640e-01
   7.5311167e-01
   5.1492252e-01
   2.6258526e-01
   9.2119291e-03
  -2.3505434e-01
  -4.6422946e-01
  -6.7606293e-01
  -8.7024424e-01
  -1.0460101e+00
  -1.2001455e+00
  -1.3262153e+00
  -1.4153801e+00
  -1.4585390e+00
  -1.4490161e+00
  -1.3847913e+00
  -1.2694329e+00
  -1.1113735e+00
  -9.2178600e-01
  -7.1184118e-01
  -4.9034621e-01
  -2.6260947e-01
  -3.0894704e-02
   2.0378684e-01
   4.3931502e-01
   6.7051921e-01
   8.8848499e-01
   1.0814578e+00
   1.2370764e+00
   1.3451544e+00
   1.4000066e+00
   1.4014843e+00
   1.3543583e+00
   1.2663111e+00
   1.1453116e+00
   9.9736864e-01
   8.2549656e-01
   6.3024955e-01
   4.1156671e-01
   1.7115791e-01
  -8.5556504e-02
  -3.4877484e-01
  -6.0525513e-01
  -8.4059660e-01
  -1.0420776e+00
  -1.2010502e+00
  -1.3140555e+00
  -1.3823045e+00
  -1.4097835e+00
  -1.4007552e+00
  -1.3576436e+00
  -1.2801272e+00
  -1.1657876e+00
  -1.0120484e+00
  -8.1863253e-01
  -5.8955040e-01
  -3.3380166e-01
  -6.4450351e-02
   2.0365182e-01
   4.5671037e-01
   6.8440443e-01
   8.8104311e-01
   1.0451107e+00
   1.1774602e+00
   1.2789245e+00
   1.3483253e+00
   1.3816962e+00
   1.3730566e+00
   1.3164657e+00
   1.2085787e+00
   1.0507206e+00
   8.4966023e-01
   6.1674821e-01
   3.6569509e-01
   1.0977053e-01
  -1.4058365e-01
  -3.7890152e-01
  -6.0225625e-01
  -8.0950080e-01
  -9.9895317e-01
  -1.1665016e+00
  -1.3049369e+00
  -1.4048410e+00
  -1.4567526e+00
  -1.4538304e+00
  -1.3940269e+00
  -1.2809591e+00
  -1.1231407e+00
  -9.3185235e-01
  -7.1842754e-01
  -4.9194171e-01
  -2.5812087e-01
  -1.9809673e-02
   2.2126797e-01
   4.6222269e-01
   6.9715896e-01
   9.1658057e-01
   1.1083633e+00
   1.2600105e+00
   1.3614085e+00
   1.4070955e+00
   1.3972316e+00
   1.3369374e+00
   1.2342755e+00
   1.0976511e+00
   9.3360998e-01
   7.4584369e-01
   5.3573151e-01
   3.0414852e-01
   5.3770365e-02
  -2.0909356e-01
  -4.7393384e-01
  -7.2705668e-01
  -9.5389295e-01
  -1.1418152e+00
  -1.2824783e+00
  -1.3728728e+00
  -1.4147618e+00
  -1.4127753e+00
  -1.3719328e+00
  -1.2955684e+00
  -1.1844548e+00
  -1.0374511e+00
  -8.5339381e-01
  -6.3346062e-01
  -3.8303950e-01
  -1.1231141e-01
   1.6476384e-01
   4.3276680e-01
   6.7765731e-01
   8.8915085e-01
   1.0618256e+00
   1.1946334e+00
   1.2890896e+00
   1.3469103e+00
   1.3680615e+00
   1.3500102e+00
   1.2884918e+00
   1.1795061e+00
   1.0217680e+00
   8.1864645e-01
   5.7880096e-01
   3.1521012e-01
   4.2884206e-02
  -2.2395330e-01
  -4.7423689e-01
  -7.0118123e-01
  -9.0183209e-01
  -1.0753227e+00
  -1.2206010e+00
  -1.3345872e+00
  -1.4115428e+00
  -1.4439551e+00
  -1.4246441e+00
  -1.3493146e+00
  -1.2185833e+00
  -1.0386973e+00
  -8.2063526e-01
  -5.7788817e-01
  -3.2369913e-01
  -6.8737323e-02
   1.7999949e-01
   4.1873703e-01
   6.4521076e-01
   8.5645102e-01
   1.0470206e+00
   1.2084792e+00
   1.3303698e+00
   1.4024282e+00
   1.4172330e+00
   1.3723295e+00
   1.2710400e+00
   1.1216590e+00
   9.3532523e-01
   7.2335039e-01
   4.9497124e-01
   2.5631298e-01
   1.0873624e-02
  -2.3875461e-01
  -4.8869151e-01
  -7.3205270e-01
  -9.5847866e-01
  -1.1551974e+00
  -1.3093155e+00
  -1.4105536e+00
  -1.4534573e+00
  -1.4383004e+00
  -1.3703788e+00
  -1.2579874e+00
  -1.1098552e+00
  -9.3300035e-01
  -7.3178172e-01
  -5.0845208e-01
  -2.6492115e-01
  -4.9636989e-03
   2.6407514e-01
   5.3083957e-01
   7.8107033e-01
   9.9995000e-01
   1.1748996e+00
   1.2978592e+00
   1.3662722e+00
   1.3824715e+00
   1.3517616e+00
   1.2799676e+00
   1.1714044e+00
   1.0280366e+00
   8.5012235e-01
   6.3804582e-01
   3.9456994e-01
   1.2656328e-01
  -1.5455724e-01
  -4.3394536e-01
  -6.9569360e-01
  -9.2566269e-01
  -1.1138073e+00
  -1.2552196e+00
  -1.3495936e+00
  -1.3994020e+00
  -1.4075549e+00
  -1.3754857e+00
  -1.3024262e+00
  -1.1861553e+00
  -1.0249195e+00
  -8.1975244e-01
  -5.7625038e-01
  -3.0504602e-01
  -2.0708112e-02
   2.6061868e-01
   5.2404622e-01
   7.5828521e-01
   9.5672324e-01
   1.1169445e+00
   1.2389847e+00
   1.3230862e+00
   1.3678935e+00
   1.3698420e+00
   1.3240152e+00
   1.2261618e+00
   1.0750978e+00
   8.7454820e-01
   6.3367494e-01
   3.6602063e-01
   8.7183537e-02
  -1.8798951e-01
  -4.4773387e-01
  -6.8445244e-01
  -8.9426583e-01
  -1.0753227e+00
  -1.2256329e+00
  -1.3413582e+00
  -1.4163050e+00
  -1.4428850e+00
  -1.4142308e+00
  -1.3266853e+00
  -1.1817209e+00
  -9.8653688e-01
  -7.5306573e-01
  -4.9570560e-01
  -2.2856271e-01
   3.6842242e-02
   2.9264075e-01
   5.3417155e-01
   7.5832209e-01
   9.6141805e-01
   1.1375900e+00
   1.2783545e+00
   1.3736686e+00
   1.4141359e+00
   1.3935826e+00
   1.3110574e+00
   1.1715056e+00
   9.8485052e-01
   7.6379900e-01
   5.2115211e-01
   2.6756999e-01
   1.0546867e-02
  -2.4512528e-01
  -4.9570560e-01
  -7.3642727e-01
  -9.5991925e-01
  -1.1558574e+00
  -1.3120966e+00
  -1.4169567e+00
  -1.4618771e+00
  -1.4434940e+00
  -1.3643929e+00
  -1.2322702e+00
  -1.0578210e+00
  -8.5213128e-01
  -6.2451720e-01
  -3.8156014e-01
  -1.2760964e-01
   1.3355166e-01
   3.9664252e-01
   6.5333892e-01
   8.9197534e-01
   1.0987370e+00
   1.2600105e+00
   1.3651053e+00
   1.4084005e+00
   1.3901709e+00
   1.3158292e+00
   1.1938989e+00
   1.0334958e+00
   8.4225181e-01
   6.2542414e-01
   3.8645307e-01
   1.2865900e-01
  -1.4268475e-01
  -4.1882210e-01
  -6.8724655e-01
  -9.3293527e-01
  -1.1407480e+00
  -1.2982012e+00
  -1.3976731e+00
  -1.4372953e+00
  -1.4202699e+00
  -1.3529275e+00
  -1.2422988e+00
  -1.0941293e+00
  -9.1207081e-01
  -6.9830596e-01
  -4.5529101e-01
  -1.8785173e-01
   9.5284236e-02
   3.8123334e-01
   6.5421474e-01
   8.9798101e-01
   1.0986301e+00
   1.2468553e+00
   1.3388915e+00
   1.3758998e+00
   1.3621047e+00
   1.3024546e+00
   1.2007282e+00
   1.0588120e+00
   8.7739986e-01
   6.5779007e-01
   4.0401697e-01
   1.2439924e-01
  -1.6820482e-01
  -4.5766516e-01
  -7.2702712e-01
  -9.6134655e-01
  -1.1499709e+00
  -1.2875291e+00
  -1.3733722e+00
  -1.4097835e+00
  -1.3997221e+00
  -1.3450183e+00
  -1.2457394e+00
  -1.1009647e+00
  -9.1064507e-01
  -6.7777729e-01
  -4.0997874e-01
  -1.1975570e-01
   1.7676103e-01
   4.6226637e-01
   7.2112571e-01
   9.4167456e-01
   1.1172390e+00
   1.2456234e+00
   1.3273825e+00
   1.3636417e+00
   1.3543774e+00
   1.2978665e+00
   1.1915392e+00
   1.0339019e+00
   8.2675952e-01
   5.7682353e-01
   2.9600161e-01
   1.4691050e-04
  -2.9338444e-01
  -5.6857622e-01
  -8.1305864e-01
  -1.0191484e+00
  -1.1833720e+00
  -1.3047911e+00
  -1.3828912e+00
  -1.4159398e+00
  -1.4005157e+00
  -1.3324365e+00
  -1.2087450e+00
  -1.0299809e+00
  -8.0182596e-01
  -5.3542089e-01
  -2.4613510e-01
   4.8859542e-02
   3.3342061e-01
   5.9473866e-01
   8.2438688e-01
   1.0178703e+00
   1.1729952e+00
   1.2878171e+00
   1.3590697e+00
   1.3817687e+00
   1.3502086e+00
   1.2600105e+00
   1.1104431e+00
   9.0610557e-01
   6.5727446e-01
   3.7869879e-01
   8.7195509e-02
  -2.0116432e-01
  -4.7334851e-01
  -7.2041464e-01
  -9.3707667e-01
  -1.1201095e+00
  -1.2663487e+00
  -1.3711825e+00
  -1.4282226e+00
  -1.4303664e+00
  -1.3719012e+00
  -1.2508718e+00
  -1.0708007e+00
  -8.4106534e-01
  -5.7572055e-01
  -2.9111914e-01
  -3.1205834e-03
   2.7518564e-01
   5.3452587e-01
   7.6901922e-01
   9.7460999e-01
   1.1471116e+00
   1.2807541e+00
   1.3679158e+00
   1.4002445e+00
   1.3708130e+00
   1.2765299e+00
   1.1198936e+00
   9.0939954e-01
   6.5838920e-01
   3.8269728e-01
   9.7885422e-02
  -1.8301477e-01
  -4.5053789e-01
  -6.9836662e-01
  -9.2178600e-01
  -1.1157651e+00
  -1.2735535e+00
  -1.3864672e+00
  -1.4450623e+00
  -1.4413369e+00
  -1.3711791e+00
  -1.2361527e+00
  -1.0439297e+00
  -8.0716480e-01
  -5.4116904e-01
  -2.6116821e-01
   1.9932412e-02
   2.9257188e-01
   5.5011674e-01
   7.8733259e-01
   9.9849802e-01
   1.1760444e+00
   1.3103900e+00
   1.3911598e+00
   1.4094280e+00
   1.3601984e+00
   1.2442154e+00
   1.0684194e+00
   8.4484288e-01
   5.8830759e-01
   3.1370753e-01
   3.3794750e-02
  -2.4183102e-01
  -5.0630457e-01
  -7.5398084e-01
  -9.7857697e-01
  -1.1718506e+00
  -1.3234762e+00
  -1.4223062e+00
  -1.4586470e+00
  -1.4267666e+00
  -1.3267255e+00
  -1.1648492e+00
  -9.5264212e-01
  -7.0450490e-01
  -4.3503874e-01
  -1.5685105e-01
   1.2044192e-01
   3.8979562e-01
   6.4523485e-01
   8.8002102e-01
   1.0853645e+00
   1.2503392e+00
   1.3631779e+00
   1.4135776e+00
   1.3952273e+00
   1.3076527e+00
   1.1567009e+00
   9.5346601e-01
   7.1202213e-01
   4.4674530e-01
   1.7013612e-01
  -1.0816632e-01
  -3.8096372e-01
  -6.4200742e-01
  -8.8418861e-01
  -1.0982817e+00
  -1.2728921e+00
  -1.3957816e+00
  -1.4561966e+00
  -1.4474090e+00
  -1.3685705e+00
  -1.2252002e+00
  -1.0281184e+00
  -7.9118783e-01
  -5.2864948e-01
  -2.5295779e-01
   2.6196646e-02
   3.0146655e-01
   5.6636798e-01
   8.1349210e-01
   1.0332769e+00
   1.2139840e+00
   1.3430494e+00
   1.4094280e+00
   1.4061428e+00
   1.3321392e+00
   1.1927717e+00
   9.9873642e-01
   7.6381617e-01
   5.0222323e-01
   2.2644319e-01
  -5.3737455e-02
  -3.3081290e-01
  -5.9808994e-01
  -8.4792037e-01
  -1.0704985e+00
  -1.2538637e+00
  -1.3852709e+00
  -1.4535455e+00
  -1.4516342e+00
  -1.3784528e+00
  -1.2393629e+00
  -1.0450972e+00
  -8.0950080e-01
  -5.4687472e-01
  -2.6982311e-01
   1.1718202e-02
   2.9006813e-01
   5.5834500e-01
   8.0871894e-01
   1.0312328e+00
   1.2138266e+00
   1.3437222e+00
   1.4097835e+00
   1.4050603e+00
   1.3286217e+00
   1.1860168e+00
   9.8818273e-01
   7.4917540e-01
   4.8350758e-01
   2.0399303e-01
  -7.9227922e-02
  -3.5828240e-01
  -6.2612339e-01
  -8.7480125e-01
  -1.0943056e+00
  -1.2726071e+00
  -1.3970513e+00
  -1.4567161e+00
  -1.4449419e+00
  -1.3611426e+00
  -1.2112399e+00
  -1.0065475e+00
  -7.6148295e-01
  -4.9089267e-01
  -2.0788788e-01
   7.7137333e-02
   3.5611009e-01
   6.2185153e-01
   8.6636611e-01
   1.0797012e+00
   1.2500014e+00
   1.3649051e+00
   1.4138916e+00
   1.3907889e+00
   1.2955532e+00
   1.1346684e+00
   9.1999704e-01
   6.6646516e-01
   3.8936756e-01
   1.0218969e-01
  -1.8438564e-01
  -4.6209425e-01
  -7.2367770e-01
  -9.6118828e-01
  -1.1648620e+00
  -1.3231796e+00
  -1.4242581e+00
  -1.4581794e+00
  -1.4194662e+00
  -1.3088201e+00
  -1.1334771e+00
  -9.0601579e-01
  -6.4200742e-01
  -3.5729456e-01
  -6.5793934e-02
   2.2151130e-01
   4.9620047e-01
   7.5101542e-01
   9.7817759e-01
   1.1682691e+00
   1.3102926e+00
   1.3930500e+00
   1.4074418e+00
   1.3489013e+00
   1.2190813e+00
   1.0261547e+00
   7.8357181e-01
   5.0766744e-01
   2.1490683e-01
  -8.0334551e-02
  -3.6679498e-01
  -6.3596769e-01
  -8.8071089e-01
  -1.0935716e+00
  -1.2656675e+00
  -1.3867370e+00
  -1.4464940e+00
  -1.4368879e+00
  -1.3544843e+00
  -1.2020899e+00
  -9.8898735e-01
  -7.2963380e-01
  -4.4121723e-01
  -1.4086517e-01
   1.5660125e-01
   4.3970740e-01
   6.9997611e-01
   9.3054238e-01
   1.1244767e+00
   1.2736578e+00
   1.3688026e+00
   1.4007847e+00
   1.3628429e+00
   1.2528970e+00
   1.0750979e+00
   8.3998956e-01
   5.6313845e-01
   2.6263469e-01
  -4.3740012e-02
  -3.4078431e-01
  -6.1693108e-01
  -8.6390268e-01
  -1.0753227e+00
  -1.2450283e+00
  -1.3659228e+00
  -1.4299715e+00
  -1.4294712e+00
  -1.3591940e+00
  -1.2186244e+00
  -1.0134261e+00
  -7.5551931e-01
  -4.6163635e-01
  -1.5076340e-01
   1.5873305e-01
   4.5140153e-01
   7.1576762e-01
   9.4398506e-01
   1.1304334e+00
   1.2700069e+00
   1.3569316e+00
   1.3847131e+00
   1.3473416e+00
   1.2413570e+00
   1.0679956e+00
   8.3456218e-01
   5.5441660e-01
   2.4545068e-01
  -7.2530303e-02
  -3.8071971e-01
  -6.6362220e-01
  -9.1011446e-01
  -1.1130800e+00
  -1.2679785e+00
  -1.3710944e+00
  -1.4183029e+00
  -1.4049520e+00
  -1.3269878e+00
  -1.1829265e+00
  -9.7589973e-01
  -7.1492322e-01
  -4.1478795e-01
  -9.4457528e-02
   2.2560755e-01
   5.2639354e-01
   7.9265291e-01
   1.0139500e+00
   1.1842633e+00
   1.3005081e+00
   1.3607265e+00
   1.3627828e+00
   1.3041620e+00
   1.1830002e+00
   9.9995000e-01
   7.6011477e-01
   4.7420923e-01
   1.5835378e-01
  -1.6760403e-01
  -4.8281430e-01
  -7.6838806e-01
  -1.0097077e+00
  -1.1974392e+00
  -1.3270815e+00
  -1.3974205e+00
  -1.4086398e+00
  -1.3609249e+00
  -1.2541606e+00
  -1.0888509e+00
  -8.6786816e-01
  -5.9827032e-01
  -2.9235174e-01
   3.2654486e-02
   3.5632178e-01
   6.5779007e-01
   9.1873067e-01
   1.1256267e+00
   1.2707285e+00
   1.3515252e+00
   1.3691073e+00
   1.3261734e+00
   1.2255241e+00
   1.0696418e+00
   8.6148803e-01
   6.0612960e-01
   3.1243794e-01
  -5.9641970e-03
  -3.3108191e-01
  -6.4234398e-01
  -9.1937729e-01
  -1.1449492e+00
  -1.3071910e+00
  -1.4004693e+00
  -1.4247520e+00
  -1.3838532e+00
  -1.2833144e+00
  -1.1287684e+00
  -9.2538885e-01
  -6.7855800e-01
  -3.9536918e-01
  -8.6214608e-02
   2.3435930e-01
   5.4809390e-01
   8.3484072e-01
   1.0753227e+00
   1.2540232e+00
   1.3613217e+00
   1.3942490e+00
   1.3557197e+00
   1.2526331e+00
   1.0936088e+00
   8.8720655e-01
   6.4123714e-01
   3.6330154e-01
   6.2177200e-02
  -2.5069054e-01
  -5.6040280e-01
  -8.4908414e-01
  -1.0976997e+00
  -1.2887685e+00
  -1.4091634e+00
  -1.4521235e+00
  -1.4178611e+00
  -1.3126322e+00
  -1.1466713e+00
  -9.3176535e-01
  -6.7932227e-01
  -3.9954496e-01
  -1.0185067e-01
   2.0384042e-01
   5.0568473e-01
   7.8916733e-01
   1.0375774e+00
   1.2337804e+00
   1.3628429e+00
   1.4147043e+00
   1.3860294e+00
   1.2806364e+00
   1.1083808e+00
   8.8290787e-01
   6.1905832e-01
   3.3078782e-01
   3.0216469e-02
  -2.7204976e-01
  -5.6569834e-01
  -8.3932380e-01
  -1.0796755e+00
  -1.2720866e+00
  -1.4021557e+00
  -1.4582392e+00
  -1.4339545e+00
  -1.3298395e+00
  -1.1535751e+00
  -9.1866654e-01
  -6.4200742e-01
  -3.4112166e-01
  -3.1950454e-02
   2.7219711e-01
   5.6038527e-01
   8.2285619e-01
   1.0496297e+00
   1.2296961e+00
   1.3513473e+00
   1.4037198e+00
   1.3791098e+00
   1.2752726e+00
   1.0968618e+00
   8.5542984e-01
   5.6790269e-01
   2.5396400e-01
  -6.6846440e-02
  -3.7744703e-01
  -6.6432100e-01
  -9.1727118e-01
  -1.1281953e+00
  -1.2896148e+00
  -1.3937557e+00
  -1.4327287e+00
  -1.3998859e+00
  -1.2919210e+00
  -1.1109373e+00
  -8.6565081e-01
  -5.7116926e-01
  -2.4727187e-01
   8.4360439e-02
   4.0315163e-01
   6.9199761e-01
   9.3837350e-01
   1.1340400e+00
   1.2737257e+00
   1.3535221e+00
   1.3697949e+00
   1.3191628e+00
   1.1996282e+00
   1.0124365e+00
   7.6389898e-01
   4.6636482e-01
   1.3779552e-01
  -2.0011667e-01
  -5.2482618e-01
  -8.1598894e-01
  -1.0578170e+00
  -1.2401165e+00
  -1.3578754e+00
  -1.4097835e+00
  -1.3964330e+00
  -1.3190067e+00
  -1.1790170e+00
  -9.7918537e-01
  -7.2505211e-01
  -4.2656434e-01
  -9.8841462e-02
   2.3841233e-01
   5.6289565e-01
   8.5262850e-01
   1.0889809e+00
   1.2589368e+00
   1.3559859e+00
   1.3795171e+00
   1.3331140e+00
   1.2225053e+00
   1.0539938e+00
   8.3393332e-01
   5.6935534e-01
   2.6934660e-01
  -5.3563310e-02
  -3.8279025e-01
  -6.9837894e-01
  -9.7901911e-01
  -1.2049211e+00
  -1.3607316e+00
  -1.4376228e+00
  -1.4339587e+00
  -1.3544301e+00
  -1.2080703e+00
  -1.0059229e+00
  -7.5919605e-01
  -4.7848359e-01
  -1.7416644e-01
   1.4239592e-01
   4.5761324e-01
   7.5512822e-01
   1.0165069e+00
   1.2231889e+00
   1.3592252e+00
   1.4139906e+00
   1.3840170e+00
   1.2733681e+00
   1.0924653e+00
   8.5579710e-01
   5.7929744e-01
   2.7824247e-01
  -3.3743615e-02
  -3.4445246e-01
  -6.4200742e-01
  -9.1365480e-01
  -1.1452019e+00
  -1.3216099e+00
  -1.4287757e+00
  -1.4560372e+00
  -1.3986003e+00
  -1.2590526e+00
  -1.0474029e+00
  -7.7958019e-01
  -4.7484144e-01
  -1.5289290e-01
   1.6841536e-01
   4.7422249e-01
   7.5249189e-01
   9.9292808e-01
   1.1856982e+00
   1.3207304e+00
   1.3881007e+00
   1.3795501e+00
   1.2906763e+00
   1.1230185e+00
   8.8521713e-01
   5.9271284e-01
   2.6593967e-01
  -7.2519047e-02
  -4.0099316e-01
  -7.0113873e-01
  -9.5909924e-01
  -1.1652907e+00
  -1.3131948e+00
  -1.3978891e+00
  -1.4150938e+00
  -1.3612570e+00
  -1.2347324e+00
  -1.0376106e+00
  -7.7744100e-01
  -4.6804931e-01
  -1.2893790e-01
   2.1675782e-01
   5.4527085e-01
   8.3533472e-01
   1.0705761e+00
   1.2405689e+00
   1.3404354e+00
   1.3693890e+00
   1.3289609e+00
   1.2217057e+00
   1.0509214e+00
   8.2145416e-01
   5.4116904e-01
   2.2234223e-01
  -1.1779873e-01
  -4.5788090e-01
  -7.7454864e-01
  -1.0454881e+00
  -1.2524841e+00
  -1.3836456e+00
  -1.4342112e+00
  -1.4058388e+00
  -1.3047911e+00
  -1.1397805e+00
  -9.2028548e-01
  -6.5589297e-01
  -3.5675482e-01
  -3.4756724e-02
   2.9532759e-01
   6.1545426e-01
   9.0518067e-01
   1.1437931e+00
   1.3131948e+00
   1.4007322e+00
   1.4011086e+00
   1.3168200e+00
   1.1570370e+00
   9.3537230e-01
   6.6731888e-01
   3.6819204e-01
   5.2147745e-02
  -2.6761946e-01
  -5.7788817e-01
  -8.6434741e-01
  -1.1112090e+00
  -1.3019727e+00
  -1.4213481e+00
  -1.4578476e+00
  -1.4062419e+00
  -1.2690526e+00
  -1.0565409e+00
  -7.8514626e-01
  -4.7484144e-01
  -1.4621174e-01
   1.8188903e-01
   4.9352084e-01
   7.7556572e-01
   1.0167469e+00
   1.2064733e+00
   1.3342617e+00
   1.3902199e+00
   1.3666084e+00
   1.2600105e+00
   1.0733285e+00
   8.1680596e-01
   5.0756711e-01
   1.6765499e-01
  -1.7893940e-01
  -5.0943015e-01
  -8.0470781e-01
  -1.0505391e+00
  -1.2373845e+00
  -1.3592252e+00
  -1.4121237e+00
  -1.3932839e+00
  -1.3011111e+00
  -1.1363091e+00
  -9.0356890e-01
  -6.1309397e-01
  -2.8119173e-01
   7.0550505e-02
   4.1749741e-01
   7.3509598e-01
   1.0020673e+00
   1.2027950e+00
   1.3283272e+00
   1.3758971e+00
   1.3473694e+00
   1.2473609e+00
   1.0818216e+00
   8.5760229e-01
   5.8306901e-01
   2.6934660e-01
  -6.8539399e-02
  -4.1136752e-01
  -7.3673214e-01
  -1.0213402e+00
  -1.2440765e+00
  -1.3890039e+00
  -1.4474447e+00
  -1.4185835e+00
  -1.3085174e+00
  -1.1281953e+00
  -8.9101915e-01
  -6.1092362e-01
  -3.0148524e-01
   2.3854543e-02
   3.5085008e-01
   6.6350723e-01
   9.4386555e-01
   1.1729584e+00
   1.3329275e+00
   1.4097835e+00
   1.3959959e+00
   1.2920837e+00
   1.1066779e+00
   8.5501840e-01
   5.5635832e-01
   2.3108165e-01
  -1.0162266e-01
  -4.2495951e-01
  -7.2449861e-01
  -9.8730564e-01
  -1.2009397e+00
  -1.3530490e+00
  -1.4320231e+00
  -1.4286915e+00
  -1.3385828e+00
  -1.1639556e+00
  -9.1480827e-01
  -6.0837431e-01
  -2.6710442e-01
   8.4360439e-02
   4.2239234e-01
   7.2689623e-01
   9.8256615e-01
   1.1787764e+00
   1.3085018e+00
   1.3669835e+00
   1.3508910e+00
   1.2584579e+00
   1.0906098e+00
   8.5262850e-01
   5.5559961e-01
   2.1688675e-01
  -1.4082481e-01
  -4.9188449e-01
  -8.1090473e-01
  -1.0760162e+00
  -1.2712884e+00
  -1.3877432e+00
  -1.4228772e+00
  -1.3791098e+00
  -1.2619013e+00
  -1.0783203e+00
  -8.3657139e-01
  -5.4653333e-01
  -2.2088500e-01
   1.2390108e-01
   4.6742452e-01
   7.8651554e-01
   1.0576391e+00
   1.2600105e+00
   1.3785841e+00
   1.4060692e+00
   1.3434288e+00
   1.1988098e+00
   9.8535763e-01
   7.1869917e-01
   4.1490714e-01
   8.9491297e-02
  -2.4250474e-01
  -5.6569834e-01
  -8.6355488e-01
  -1.1182796e+00
  -1.3118424e+00
  -1.4280913e+00
  -1.4554366e+00
  -1.3892902e+00
  -1.2334506e+00
  -9.9992938e-01
  -7.0721017e-01
  -3.7743754e-01
  -3.3355666e-02
   3.0415718e-01
   6.1739088e-01
   8.9184762e-01
   1.1154180e+00
   1.2773897e+00
   1.3680090e+00
   1.3790391e+00
   1.3052954e+00
   1.1466713e+00
   9.0987897e-01
   6.0914068e-01
   2.6536950e-01
  -9.6124248e-02
  -4.4886892e-01
  -7.6856295e-01
  -1.0356404e+00
  -1.2364995e+00
  -1.3633056e+00
  -1.4127753e+00
  -1.3846635e+00
  -1.2807048e+00
  -1.1044850e+00
  -8.6226257e-01
  -5.6429403e-01
  -2.2593229e-01
   1.3222763e-01
   4.8557658e-01
   8.0802940e-01
   1.0753227e+00
   1.2682204e+00
   1.3747753e+00
   1.3910946e+00
   1.3205539e+00
   1.1719006e+00
   9.5701351e-01
   6.8910844e-01
   3.8191044e-01
   4.9850874e-02
  -2.9111914e-01
  -6.2279833e-01
  -9.2478710e-01
  -1.1757269e+00
  -1.3556583e+00
  -1.4489552e+00
  -1.4470051e+00
  -1.3498164e+00
  -1.1660443e+00
  -9.1142795e-01
  -6.0612960e-01
  -2.7178907e-01
   7.0873317e-02
   4.0335140e-01
   7.0946000e-01
   9.7464479e-01
   1.1851860e+00
   1.3279956e+00
   1.3914257e+00
   1.3670404e+00
   1.2518435e+00
   1.0501745e+00
   7.7450368e-01
   4.4467329e-01
   8.5626987e-02
  -2.7583283e-01
  -6.1441093e-01
  -9.0894987e-01
  -1.1437588e+00
  -1.3085550e+00
  -1.3974205e+00
  -1.4074850e+00
  -1.3380643e+00
  -1.1907096e+00
  -9.7016330e-01
  -6.8576213e-01
  -3.5255226e-01
   8.6017108e-03
   3.7232089e-01
   7.1134797e-01
   9.9995000e-01
   1.2172278e+00
   1.3494779e+00
   1.3910594e+00
   1.3437110e+00
   1.2147617e+00
   1.0149915e+00
   7.5692158e-01
   4.5403852e-01
   1.2099768e-01
  -2.2560755e-01
  -5.6660584e-01
  -8.8042195e-01
  -1.1444498e+00
  -1.3375345e+00
  -1.4430051e+00
  -1.4514195e+00
  -1.3622052e+00
  -1.1836942e+00
  -9.3155563e-01
  -6.2612339e-01
  -2.8943445e-01
   5.7193966e-02
   3.9450115e-01
   7.0545440e-01
   9.7464640e-01
   1.1876015e+00
   1.3306757e+00
   1.3919486e+00
   1.3630437e+00
   1.2413570e+00
   1.0319077e+00
   7.4805057e-01
   4.1061366e-01
   4.5521775e-02
  -3.1953942e-01
  -6.5856241e-01
  -9.4990105e-01
  -1.1776365e+00
  -1.3315465e+00
  -1.4060834e+00
  -1.3990679e+00
  -1.3108222e+00
  -1.1441826e+00
  -9.0538311e-01
  -6.0534729e-01
  -2.6066078e-01
   1.0647509e-01
   4.6969412e-01
   8.0121697e-01
   1.0753227e+00
   1.2716730e+00
   1.3776395e+00
   1.3890954e+00
   1.3096333e+00
   1.1486622e+00
   9.1914800e-01
   6.3577864e-01
   3.1405544e-01
  -2.9643446e-02
  -3.7743754e-01
  -7.0943986e-01
  -1.0040412e+00
  -1.2393478e+00
  -1.3956660e+00
  -1.4584660e+00
  -1.4209901e+00
  -1.2857015e+00
  -1.0640972e+00
  -7.7490918e-01
  -4.4121723e-01
  -8.7300836e-02
   2.6393261e-01
   5.9239572e-01
   8.8106668e-01
   1.1154228e+00
   1.2827405e+00
   1.3719374e+00
   1.3743480e+00
   1.2853619e+00
   1.1064124e+00
   8.4654226e-01
   5.2281246e-01
   1.5914804e-01
  -2.1628637e-01
  -5.7460336e-01
  -8.8973086e-01
  -1.1411103e+00
  -1.3150003e+00
  -1.4043191e+00
  -1.4074418e+00
  -1.3266731e+00
  -1.1671212e+00
  -9.3642356e-01
  -6.4532112e-01
  -3.0863428e-01
   5.4064728e-02
   4.1875537e-01
   7.5860397e-01
   1.0468018e+00
   1.2600105e+00
   1.3815475e+00
   1.4034733e+00
   1.3270689e+00
   1.1616921e+00
   9.2249635e-01
   6.2780199e-01
   2.9691703e-01
  -5.1074931e-02
  -3.9750407e-01
  -7.2367770e-01
  -1.0104863e+00
  -1.2387027e+00
  -1.3903260e+00
  -1.4508556e+00
  -1.4119357e+00
  -1.2735515e+00
  -1.0450103e+00
  -7.4426688e-01
  -3.9566528e-01
  -2.6654386e-02
   3.3566497e-01
   6.6730948e-01
   9.4894589e-01
   1.1661103e+00
   1.3085098e+00
   1.3690910e+00
   1.3435582e+00
   1.2307408e+00
   1.0337568e+00
   7.6148295e-01
   4.2959353e-01
   6.0477257e-02
  -3.1833044e-01
  -6.7706653e-01
  -9.8740434e-01
  -1.2259789e+00
  -1.3769168e+00
  -1.4328348e+00
  -1.3942682e+00
  -1.2679785e+00
  -1.0648899e+00
  -7.9841193e-01
  -4.8362345e-01
  -1.3734269e-01
   2.2133493e-01
   5.7070479e-01
   8.8696755e-01
   1.1459184e+00
   1.3256660e+00
   1.4097835e+00
   1.3900426e+00
   1.2679265e+00
   1.0544573e+00
   7.6838006e-01
   4.3323902e-01
   7.4178236e-02
  -2.8470028e-01
  -6.2188241e-01
  -9.1882005e-01
  -1.1595294e+00
  -1.3300725e+00
  -1.4185713e+00
  -1.4161131e+00
  -1.3184489e+00
  -1.1279563e+00
  -8.5509442e-01
  -5.1863852e-01
  -1.4431744e-01
   2.3801810e-01
   5.9808994e-01
   9.0886256e-01
   1.1493252e+00
   1.3058385e+00
   1.3719900e+00
   1.3473807e+00
   1.2360612e+00
   1.0453349e+00
   7.8536423e-01
   4.6957040e-01
   1.1538078e-01
  -2.5536069e-01
  -6.1696134e-01
  -9.4174143e-01
  -1.2030239e+00
  -1.3786313e+00
  -1.4540144e+00
  -1.4241864e+00
  -1.2939754e+00
  -1.0766154e+00
  -7.9118783e-01
  -4.5972210e-01
  -1.0476388e-01
   2.5207007e-01
   5.9049152e-01
   8.9128379e-01
   1.1360397e+00
   1.3075204e+00
   1.3909615e+00
   1.3761931e+00
   1.2600105e+00
   1.0479969e+00
   7.5506231e-01
   4.0431112e-01
   2.4357774e-02
  -3.5430773e-01
  -7.0301955e-01
  -9.9783792e-01
  -1.2211033e+00
  -1.3615774e+00
  -1.4135776e+00
  -1.3757979e+00
  -1.2505015e+00
  -1.0434886e+00
  -7.6479634e-01
  -4.2966235e-01
  -5.9052371e-02
   3.2089102e-01
   6.8078681e-01
   9.9116107e-01
   1.2261618e+00
   1.3669513e+00
   1.4039336e+00
   1.3373174e+00
   1.1760168e+00
   9.3538689e-01
   6.3458199e-01
   2.9432296e-01
  -6.4426270e-02
  -4.2082817e-01
  -7.5398084e-01
  -1.0428117e+00
  -1.2666652e+00
  -1.4068851e+00
  -1.4492317e+00
  -1.3865446e+00
  -1.2208297e+00
  -9.6402258e-01
  -6.3703193e-01
  -2.6717699e-01
   1.1538078e-01
   4.8133062e-01
   8.0516971e-01
   1.0668760e+00
   1.2522281e+00
   1.3521686e+00
   1.3618868e+00
   1.2802823e+00
   1.1101859e+00
   8.5927141e-01
   5.4116904e-01
   1.7607390e-01
  -2.0979546e-01
  -5.8618735e-01
  -9.2206415e-01
  -1.1894549e+00
  -1.3670098e+00
  -1.4424065e+00
  -1.4130986e+00
  -1.2854063e+00
  -1.0724321e+00
  -7.9157911e-01
  -4.6244386e-01
  -1.0556722e-01
   2.5792097e-01
   6.0616125e-01
   9.1656692e-01
   1.1665649e+00
   1.3353559e+00
   1.4065136e+00
   1.3708130e+00
   1.2284574e+00
   9.8994658e-01
   6.7519268e-01
   3.1099794e-01
  -7.2501126e-02
  -4.4554207e-01
  -7.8173806e-01
  -1.0598255e+00
  -1.2640887e+00
  -1.3838532e+00
  -1.4127118e+00
  -1.3481303e+00
  -1.1917905e+00
  -9.5058825e-01
  -6.3778915e-01
  -2.7363006e-01
   1.1526931e-01
   4.9797328e-01
   8.4256853e-01
   1.1201095e+00
   1.3082586e+00
   1.3937672e+00
   1.3732886e+00
   1.2525217e+00
   1.0441717e+00
   7.6549896e-01
   4.3622307e-01
   7.7260326e-02
  -2.8967589e-01
  -6.4200742e-01
  -9.5638832e-01
  -1.2095484e+00
  -1.3801482e+00
  -1.4514481e+00
  -1.4141738e+00
  -1.2687396e+00
  -1.0260813e+00
  -7.0670987e-01
  -3.3811638e-01
   4.8859542e-02
   4.2380738e-01
   7.5980833e-01
   1.0352355e+00
   1.2342235e+00
   1.3461976e+00
   1.3651227e+00
   1.2891104e+00
   1.1207361e+00
   8.6797618e-01
   5.4527085e-01
   1.7400681e-01
  -2.1820038e-01
  -5.9969504e-01
  -9.3821610e-01
  -1.2048998e+00
  -1.3779316e+00
  -1.4449944e+00
  -1.4040122e+00
  -1.2621977e+00
  -1.0339019e+00
  -7.3804377e-01
  -3.9589330e-01
  -2.9688247e-02
   3.3788105e-01
   6.8370850e-01
   9.8445251e-01
   1.2174287e+00
   1.3624669e+00
   1.4045275e+00
   1.3364542e+00
   1.1610363e+00
   8.9164449e-01
   5.5107413e-01
   1.6874992e-01
  -2.2307537e-01
  -5.9322376e-01
  -9.1472740e-01
  -1.1666483e+00
  -1.3345168e+00
  -1.4097835e+00
  -1.3889479e+00
  -1.2730065e+00
  -1.0675749e+00
  -7.8360311e-01
  -4.3820076e-01
  -5.4886764e-02
   3.3733436e-01
   7.0631570e-01
   1.0202849e+00
   1.2518435e+00
   1.3815291e+00
   1.4000933e+00
   1.3090156e+00
   1.1192820e+00
   8.4895018e-01
   5.2030227e-01
   1.5737398e-01
  -2.1564485e-01
  -5.7509272e-01
  -8.9798101e-01
  -1.1622114e+00
  -1.3474261e+00
  -1.4367354e+00
  -1.4191204e+00
  -1.2918963e+00
  -1.0624310e+00
  -7.4841296e-01
  -3.7633639e-01
   2.1606806e-02
   4.1156671e-01
   7.6208193e-01
   1.0472546e+00
   1.2485068e+00
   1.3548617e+00
   1.3621576e+00
   1.2718734e+00
   1.0902276e+00
   8.2792130e-01
   5.0046914e-01
   1.2865900e-01
  -2.6151502e-01
  -6.4001454e-01
  -9.7523202e-01
  -1.2375142e+00
  -1.4030350e+00
  -1.4571049e+00
  -1.3960917e+00
  -1.2275032e+00
  -9.6830161e-01
  -6.4200742e-01
  -2.7543183e-01
   1.0414572e-01
   4.7083773e-01
   8.0098523e-01
   1.0733396e+00
   1.2691945e+00
   1.3730277e+00
   1.3739034e+00
   1.2674494e+00
   1.0578210e+00
   7.5888507e-01
   3.9396076e-01
  -6.1640430e-03
  -4.0670944e-01
  -7.7317582e-01
  -1.0754670e+00
  -1.2909809e+00
  -1.4061314e+00
  -1.4162657e+00
  -1.3244153e+00
  -1.1395938e+00
  -8.7533666e-01
  -5.4889244e-01
  -1.8104293e-01
   2.0386867e-01
   5.7832236e-01
   9.1295561e-01
   1.1790428e+00
   1.3518448e+00
   1.4141359e+00
   1.3590196e+00
   1.1912483e+00
   9.2664813e-01
   5.8977678e-01
   2.1042635e-01
  -1.8014193e-01
  -5.5237838e-01
  -8.8050009e-01
  -1.1433482e+00
  -1.3244153e+00
  -1.4116565e+00
  -1.3976616e+00
  -1.2804677e+00
  -1.0648614e+00
  -7.6363294e-01
  -3.9806750e-01
   2.9278845e-03
   4.0528922e-01
   7.7357362e-01
   1.0753227e+00
   1.2850562e+00
   1.3870246e+00
   1.3762114e+00
   1.2575974e+00
   1.0441759e+00
   7.5448788e-01
   4.1042893e-01
   3.5786812e-02
  -3.4446570e-01
  -7.0450490e-01
  -1.0182067e+00
  -1.2604303e+00
  -1.4092242e+00
  -1.4486914e+00
  -1.3718520e+00
  -1.1826638e+00
  -8.9648197e-01
  -5.3863104e-01
  -1.4129189e-01
   2.6061868e-01
   6.3363856e-01
   9.4913570e-01
   1.1853158e+00
   1.3277964e+00
   1.3691391e+00
   1.3079883e+00
   1.1484405e+00
   8.9997962e-01
   5.7788604e-01
   2.0365182e-01
  -1.9524826e-01
  -5.8676762e-01
  -9.3705633e-01
  -1.2142750e+00
  -1.3927160e+00
  -1.4562921e+00
  -1.4005623e+00
  -1.2328476e+00
  -9.7052132e-01
  -6.3804582e-01
  -2.6360000e-01
   1.2388179e-01
   4.9674351e-01
   8.2964902e-01
   1.0999874e+00
   1.2882227e+00
   1.3787122e+00
   1.3612111e+00
   1.2328442e+00
   9.9995000e-01
   6.7903554e-01
   2.9621264e-01
  -1.1512276e-01
  -5.1808696e-01
  -8.7684101e-01
  -1.1608868e+00
  -1.3482331e+00
  -1.4268988e+00
  -1.3947306e+00
  -1.2579874e+00
  -1.0294148e+00
  -7.2651138e-01
  -3.7040310e-01
   1.4685249e-02
   4.0175976e-01
   7.6177424e-01
   1.0652269e+00
   1.2847867e+00
   1.3986392e+00
   1.3938423e+00
   1.2688117e+00
   1.0341860e+00
   7.1172337e-01
   3.3141787e-01
  -7.2494769e-02
  -4.6571230e-01
  -8.1733926e-01
  -1.1021043e+00
  -1.3012449e+00
  -1.4024282e+00
  -1.3993231e+00
  -1.2914049e+00
  -1.0842788e+00
  -7.9039539e-01
  -4.2965410e-01
  -2.9237744e-02
   3.7785786e-01
   7.5575409e-01
   1.0697402e+00
   1.2906763e+00
   1.3987824e+00
   1.3859615e+00
   1.2561950e+00
   1.0240799e+00
   7.1206819e-01
   3.4723635e-01
  -4.1607785e-02
  -4.2597824e-01
  -7.7886281e-01
  -1.0753227e+00
  -1.2930995e+00
  -1.4137239e+00
  -1.4243043e+00
  -1.3197435e+00
  -1.1047586e+00
  -7.9493040e-01
  -4.1615272e-01
  -2.2545656e-03
   4.0890434e-01
   7.8010606e-01
   1.0792261e+00
   1.2825593e+00
   1.3764810e+00
   1.3574126e+00
   1.2305377e+00
   1.0079780e+00
   7.0711810e-01
   3.4948038e-01
  -3.9867147e-02
  -4.3276680e-01
  -7.9886119e-01
  -1.1073849e+00
  -1.3299771e+00
  -1.4441734e+00
  -1.4368485e+00
  -1.3067157e+00
  -1.0651404e+00
  -7.3493186e-01
  -3.4732227e-01
   6.2177200e-02
   4.5809742e-01
   8.0861656e-01
   1.0878895e+00
   1.2770207e+00
   1.3640439e+00
   1.3435142e+00
   1.2162837e+00
   9.8973847e-01
   6.7836435e-01
   3.0414852e-01
  -1.0382351e-01
  -5.1108003e-01
  -8.8090534e-01
  -1.1785395e+00
  -1.3756439e+00
  -1.4540565e+00
  -1.4079899e+00
  -1.2442265e+00
  -9.8040882e-01
  -6.4200742e-01
  -2.5882220e-01
   1.3815975e-01
   5.1903089e-01
   8.5628161e-01
   1.1255060e+00
   1.3060407e+00
   1.3820172e+00
   1.3439961e+00
   1.1909311e+00
   9.3185235e-01
   5.8652169e-01
   1.8447091e-01
  -2.3775528e-01
  -6.4080703e-01
  -9.8739191e-01
  -1.2467823e+00
  -1.3980593e+00
  -1.4315645e+00
  -1.3485540e+00
  -1.1595294e+00
  -8.8198388e-01
  -5.3828463e-01
  -1.5412008e-01
   2.4247684e-01
   6.2189477e-01
   9.5403927e-01
   1.2101957e+00
   1.3657571e+00
   1.4034683e+00
   1.3164657e+00
   1.1102532e+00
   8.0291621e-01
   4.2330182e-01
   7.4346566e-03
  -4.0608342e-01
  -7.8070179e-01
  -1.0856596e+00
  -1.2982675e+00
  -1.4046603e+00
  -1.3994020e+00
  -1.2845792e+00
  -1.0689829e+00
  -7.6769779e-01
  -4.0201097e-01
   8.0231494e-04
   4.0840044e-01
   7.8545447e-01
   1.0969589e+00
   1.3123716e+00
   1.4097835e+00
   1.3791630e+00
   1.2238717e+00
   9.6007260e-01
   6.1420208e-01
   2.1916602e-01
  -1.8981768e-01
  -5.7885321e-01
  -9.1792201e-01
  -1.1822658e+00
  -1.3529275e+00
  -1.4170045e+00
  -1.3681144e+00
  -1.2072794e+00
  -9.4402698e-01
  -5.9716266e-01
  -1.9454660e-01
   2.2863161e-01
   6.3317966e-01
   9.8042183e-01
   1.2370764e+00
   1.3794740e+00
   1.3962322e+00
   1.2889131e+00
   1.0707301e+00
   7.6386346e-01
   3.9621033e-01
  -1.6310098e-03
  -3.9864378e-01
  -7.6487379e-01
  -1.0724321e+00
  -1.2965321e+00
  -1.4169927e+00
  -1.4203181e+00
  -1.3020482e+00
  -1.0687235e+00
  -7.3869734e-01
  -3.4120104e-01
   8.6498335e-02
   5.0347712e-01
   8.7024424e-01
   1.1535039e+00
   1.3296620e+00
   1.3865331e+00
   1.3232275e+00
   1.1486789e+00
   8.7953285e-01
   5.3809744e-01
   1.5076792e-01
  -2.5306879e-01
  -6.4200742e-01
  -9.8398963e-01
  -1.2484601e+00
  -1.4093649e+00
  -1.4485989e+00
  -1.3591532e+00
  -1.1470877e+00
  -8.3164192e-01
  -4.4323325e-01
  -1.9647622e-02
   3.9879758e-01
   7.7410191e-01
   1.0745053e+00
   1.2769087e+00
   1.3677145e+00
   1.3424613e+00
   1.2048826e+00
   9.6598142e-01
   6.4343598e-01
   2.6125157e-01
  -1.5076340e-01
  -5.5824999e-01
  -9.2468452e-01
  -1.2149238e+00
  -1.3994651e+00
  -1.4585955e+00
  -1.3854710e+00
  -1.1873406e+00
  -8.8457342e-01
  -5.0770752e-01
  -9.3228213e-02
   3.2095973e-01
   6.9945861e-01
   1.0121272e+00
   1.2355483e+00
   1.3535362e+00
   1.3572348e+00
   1.2453060e+00
   1.0244214e+00
   7.0987416e-01
   3.2580356e-01
  -9.5585034e-02
  -5.1624734e-01
  -8.9600932e-01
  -1.1972942e+00
  -1.3899974e+00
  -1.4554843e+00
  -1.3888473e+00
  -1.1989925e+00
  -9.0668367e-01
  -5.4116904e-01
  -1.3627901e-01
   2.7315239e-01
   6.5399966e-01
   9.7659166e-01
   1.2157898e+00
   1.3518962e+00
   1.3718183e+00
   1.2706100e+00
   1.0531132e+00
   7.3509598e-01
   3.4319161e-01
  -8.6863823e-02
  -5.1376750e-01
  -8.9550455e-01
  -1.1946368e+00
  -1.3829619e+00
  -1.4446219e+00
  -1.3771576e+00
  -1.1905563e+00
  -9.0482725e-01
  -5.4691339e-01
  -1.4771629e-01
   2.6027842e-01
   6.4470667e-01
   9.7466584e-01
   1.2221613e+00
   1.3640339e+00
   1.3844175e+00
   1.2773617e+00
   1.0489288e+00
   7.1798298e-01
   3.1509513e-01
  -1.2056083e-01
  -5.4590100e-01
  -9.1933868e-01
  -1.2058300e+00
  -1.3806024e+00
  -1.4310108e+00
  -1.3564964e+00
  -1.1671072e+00
  -8.8129913e-01
  -5.2371805e-01
  -1.2337613e-01
   2.8775846e-01
   6.7608938e-01
   1.0081091e+00
   1.2528505e+00
   1.3850710e+00
   1.3887330e+00
   1.2600105e+00
   1.0089574e+00
   6.5918546e-01
   2.4536017e-01
  -1.9111264e-01
  -6.0736644e-01
  -9.6425301e-01
  -1.2304539e+00
  -1.3849357e+00
  -1.4176727e+00
  -1.3290284e+00
  -1.1284355e+00
  -8.3299410e-01
  -4.6632483e-01
  -5.7631582e-02
   3.5939920e-01
   7.4835381e-01
   1.0728389e+00
   1.3001861e+00
   1.4056271e+00
   1.3761003e+00
   1.2127531e+00
   9.3141281e-01
   5.6076762e-01
   1.3857194e-01
  -2.9332405e-01
  -6.9407989e-01
  -1.0281455e+00
  -1.2681143e+00
  -1.3960383e+00
  -1.4035418e+00
  -1.2913091e+00
  -1.0684849e+00
  -7.5225229e-01
  -3.6747157e-01
   5.4045947e-02
   4.7515218e-01
   8.5621141e-01
   1.1591342e+00
   1.3520731e+00
   1.4138916e+00
   1.3374061e+00
   1.1306101e+00
   8.1555551e-01
   4.2514520e-01
  -1.4133851e-03
  -4.2348981e-01
  -8.0330869e-01
  -1.1090226e+00
  -1.3164511e+00
  -1.4097835e+00
  -1.3817652e+00
  -1.2338394e+00
  -9.7643702e-01
  -6.2922910e-01
  -2.2085947e-01
   2.1240742e-01
   6.2948926e-01
   9.8868822e-01
   1.2527484e+00
   1.3938423e+00
   1.3974369e+00
   1.2641926e+00
   1.0095085e+00
   6.6091401e-01
   2.5400072e-01
  -1.7214148e-01
  -5.7907694e-01
  -9.3217568e-01
  -1.2026294e+00
  -1.3686033e+00
  -1.4160017e+00
  -1.3392598e+00
  -1.1422923e+00
  -8.3934729e-01
  -4.5522589e-01
  -2.4259528e-02
   4.1234815e-01
   8.1077110e-01
   1.1298480e+00
   1.3364542e+00
   1.4098727e+00
   1.3442683e+00
   1.1488315e+00
   8.4573516e-01
   4.6655208e-01
   4.8050122e-02
  -3.7175963e-01
  -7.5675309e-01
  -1.0748701e+00
  -1.2995941e+00
  -1.4111798e+00
  -1.3979942e+00
  -1.2580456e+00
  -1.0003910e+00
  -6.4582904e-01
  -2.2622659e-01
   2.1794238e-01
   6.4181486e-01
   1.0015566e+00
   1.2600105e+00
   1.3914605e+00
   1.3845805e+00
   1.2430905e+00
   9.8421882e-01
   6.3557380e-01
   2.3129838e-01
  -1.9164972e-01
  -5.9654762e-01
  -9.4916349e-01
  -1.2194677e+00
  -1.3832188e+00
  -1.4237543e+00
  -1.3340104e+00
  -1.1184130e+00
  -7.9399788e-01
  -3.9007016e-01
   5.4047748e-02
   4.9316196e-01
   8.8169081e-01
   1.1795061e+00
   1.3569964e+00
   1.3983934e+00
   1.3028493e+00
   1.0833272e+00
   7.6386908e-01
   3.7607811e-01
  -4.4373967e-02
  -4.6069295e-01
  -8.3724888e-01
  -1.1414486e+00
  -1.3455963e+00
  -1.4290404e+00
  -1.3805938e+00
  -1.2008249e+00
  -9.0353872e-01
  -5.1572321e-01
  -7.5486716e-02
   3.7200840e-01
   7.8006179e-01
   1.1064124e+00
   1.3185261e+00
   1.3972125e+00
   1.3380330e+00
   1.1505332e+00
   8.5583218e-01
   4.8337577e-01
   6.7637935e-02
  -3.5472877e-01
  -7.4719075e-01
  -1.0753227e+00
  -1.3088763e+00
  -1.4242034e+00
  -1.4069862e+00
  -1.2548406e+00
  -9.7907615e-01
  -6.0486355e-01
  -1.6931667e-01
   2.8251415e-01
   7.0318315e-01
   1.0489288e+00
   1.2851287e+00
   1.3901311e+00
   1.3569070e+00
   1.1925332e+00
   9.1601662e-01
   5.5524469e-01
   1.4382563e-01
  -2.8169533e-01
  -6.8414804e-01
  -1.0278195e+00
  -1.2806817e+00
  -1.4170201e+00
  -1.4203892e+00
  -1.2864350e+00
  -1.0248442e+00
  -6.5965134e-01
  -2.2740190e-01
   2.2683482e-01
   6.5504492e-01
   1.0124365e+00
   1.2630185e+00
   1.3835818e+00
   1.3655106e+00
   1.2144234e+00
   9.4813739e-01
   5.9372984e-01
   1.8444585e-01
  -2.4306740e-01
  -6.5110822e-01
  -1.0030865e+00
  -1.2658733e+00
  -1.4125711e+00
  -1.4256126e+00
  -1.2997078e+00
  -1.0438836e+00
  -6.8183941e-01
  -2.5011489e-01
   2.0593274e-01
   6.3777258e-01
   9.9995000e-01
   1.2557563e+00
   1.3812968e+00
   1.3673808e+00
   1.2192224e+00
   9.5444532e-01
   6.0015804e-01
   1.8984814e-01
  -2.3942510e-01
  -6.4944479e-01
  -1.0030865e+00
  -1.2667576e+00
  -1.4132490e+00
  -1.4248939e+00
  -1.2965398e+00
  -1.0375756e+00
  -6.7223561e-01
  -2.3768575e-01
   2.2009629e-01
   6.5206399e-01
   1.0124365e+00
   1.2644270e+00
   1.3843377e+00
   1.3634409e+00
   1.2076399e+00
   9.3540597e-01
   5.7476465e-01
   1.6008893e-01
  -2.7081455e-01
  -6.7922045e-01
  -1.0278195e+00
  -1.2832143e+00
  -1.4187888e+00
  -1.4178372e+00
  -1.2764577e+00
  -1.0054549e+00
  -6.3048762e-01
  -1.8998472e-01
   2.6913765e-01
   6.9735040e-01
   1.0489288e+00
   1.2877031e+00
   1.3911111e+00
   1.3519779e+00
   1.1780275e+00
   8.8963791e-01
   5.1663253e-01
   9.4881488e-02
  -3.3678088e-01
  -7.3920179e-01
  -1.0753227e+00
  -1.3126890e+00
  -1.4262627e+00
  -1.4014229e+00
  -1.2366665e+00
  -9.4527043e-01
  -5.5517471e-01
  -1.0663915e-01
   3.5226081e-01
   7.7166450e-01
   1.1064124e+00
   1.3217680e+00
   1.3973465e+00
   1.3286870e+00
   1.1264957e+00
   8.1410047e-01
   4.2393834e-01
  -6.1193882e-03
  -4.3607243e-01
  -8.2658407e-01
  -1.1414486e+00
  -1.3500549e+00
  -1.4300498e+00
  -1.3700971e+00
  -1.1722612e+00
  -8.5330732e-01
  -4.4421331e-01
   1.2513035e-02
   4.6760506e-01
   8.7122936e-01
   1.1795061e+00
   1.3601299e+00
   1.3960718e+00
   1.2868217e+00
   1.0472342e+00
   7.0455963e-01
   2.9452409e-01
  -1.4269452e-01
  -5.6602934e-01
  -9.3645645e-01
  -1.2194677e+00
  -1.3874011e+00
  -1.4218415e+00
  -1.3160054e+00
  -1.0766748e+00
  -7.2501204e-01
  -2.9560216e-01
   1.6663175e-01
   6.1148830e-01
   9.8981784e-01
   1.2600105e+00
   1.3934142e+00
   1.3776813e+00
   1.2175417e+00
   9.3311384e-01
   5.5639079e-01
   1.2682343e-01
  -3.1310356e-01
  -7.2169629e-01
  -1.0610804e+00
  -1.2995941e+00
  -1.4138658e+00
  -1.3908101e+00
  -1.2294904e+00
  -9.4246293e-01
  -5.5599032e-01
  -1.0853514e-01
   3.5276122e-01
   7.7741085e-01
   1.1179832e+00
   1.3364542e+00
   1.4092830e+00
   1.3302488e+00
   1.1105982e+00
   7.7668190e-01
   3.6578764e-01
  -7.8838595e-02
  -5.1283040e-01
  -8.9474815e-01
  -1.1891157e+00
  -1.3686033e+00
  -1.4156964e+00
  -1.3241174e+00
  -1.1000067e+00
  -7.6253888e-01
  -3.4343897e-01
   1.1511912e-01
   5.6445989e-01
   9.5494492e-01
   1.2423342e+00
   1.3938423e+00
   1.3926971e+00
   1.2402878e+00
   9.5552299e-01
   5.7166338e-01
   1.3142122e-01
  -3.1860347e-01
  -7.3313573e-01
  -1.0723984e+00
  -1.3050110e+00
  -1.4097835e+00
  -1.3767807e+00
  -1.2079834e+00
  -9.1762371e-01
  -5.3195791e-01
  -8.8024862e-02
   3.6904458e-01
   7.9032937e-01
   1.1287323e+00
   1.3451221e+00
   1.4138916e+00
   1.3267893e+00
   1.0941833e+00
   7.4347618e-01
   3.1503308e-01
  -1.4348419e-01
  -5.8322620e-01
  -9.5963464e-01
  -1.2365732e+00
  -1.3888795e+00
  -1.4035418e+00
  -1.2799360e+00
  -1.0295316e+00
  -6.7523974e-01
  -2.5026621e-01
   2.0388581e-01
   6.4061609e-01
   1.0127333e+00
   1.2779385e+00
   1.4045070e+00
   1.3761003e+00
   1.1946379e+00
   8.8049118e-01
   4.6983074e-01
   9.6074041e-03
  -4.4883745e-01
  -8.5630149e-01
  -1.1712712e+00
  -1.3637650e+00
  -1.4172687e+00
  -1.3290284e+00
  -1.1092271e+00
  -7.7956299e-01
  -3.7151488e-01
   7.5727805e-02
   5.1792820e-01
   9.0933773e-01
   1.2071642e+00
   1.3766401e+00
   1.3959484e+00
   1.2600105e+00
   9.8217295e-01
   5.9318033e-01
   1.3739929e-01
  -3.3310287e-01
  -7.6552763e-01
  -1.1130669e+00
  -1.3402336e+00
  -1.4260972e+00
  -1.3652838e+00
  -1.1671072e+00
  -8.5347603e-01
  -4.5622646e-01
  -1.4298002e-02
   4.2915736e-01
   8.2990044e-01
   1.1461905e+00
   1.3428790e+00
   1.3957097e+00
   1.2951591e+00
   1.0489288e+00
   6.8226630e-01
   2.3564601e-01
  -2.4007945e-01
  -6.9033514e-01
  -1.0641041e+00
  -1.3204983e+00
  -1.4334902e+00
  -1.3941631e+00
  -1.2104451e+00
  -9.0482725e-01
  -5.1086103e-01
  -6.9234758e-02
   3.7602131e-01
   7.8100614e-01
   1.1051986e+00
   1.3146947e+00
   1.3855099e+00
   1.3067213e+00
   1.0829002e+00
   7.3509598e-01
   2.9970608e-01
  -1.7507386e-01
  -6.3497381e-01
  -1.0267214e+00
  -1.3052280e+00
  -1.4395610e+00
  -1.4166315e+00
  -1.2420690e+00
  -9.3839570e-01
  -5.4116904e-01
  -9.4058684e-02
   3.5619041e-01
   7.6423773e-01
   1.0898003e+00
   1.3005591e+00
   1.3745580e+00
   1.3022562e+00
   1.0881394e+00
   7.5149681e-01
   3.2580356e-01
  -1.4378318e-01
  -6.0496710e-01
  -1.0045331e+00
  -1.2953577e+00
  -1.4429744e+00
  -1.4304275e+00
  -1.2604637e+00
  -9.5469366e-01
  -5.5002550e-01
  -9.3228213e-02
   3.6523393e-01
   7.7700863e-01
   1.1005481e+00
   1.3043919e+00
   1.3691573e+00
   1.2885700e+00
   1.0698408e+00
   7.3346661e-01
   3.1226075e-01
  -1.5076340e-01
  -6.0597748e-01
  -1.0022223e+00
  -1.2929612e+00
  -1.4426134e+00
  -1.4318995e+00
  -1.2610596e+00
  -9.5017230e-01
  -5.3641165e-01
  -6.8756465e-02
   3.9879758e-01
   8.1423077e-01
   1.1335160e+00
   1.3248779e+00
   1.3710438e+00
   1.2697150e+00
   1.0327514e+00
   6.8457491e-01
   2.6008113e-01
  -1.9793064e-01
  -6.4200742e-01
  -1.0241668e+00
  -1.3008586e+00
  -1.4383379e+00
  -1.4176380e+00
  -1.2381171e+00
  -9.1863431e-01
  -4.9580824e-01
  -1.9425620e-02
   4.5427703e-01
   8.7024424e-01
   1.1817551e+00
   1.3558968e+00
   1.3766335e+00
   1.2453503e+00
   9.7928527e-01
   6.0856757e-01
   1.7259866e-01
  -2.8370933e-01
  -7.1364583e-01
  -1.0724321e+00
  -1.3211057e+00
  -1.4305406e+00
  -1.3852717e+00
  -1.1864767e+00
  -8.5330171e-01
  -4.2183521e-01
   5.8574508e-02
   5.3136641e-01
   9.4028752e-01
   1.2370764e+00
   1.3879075e+00
   1.3774675e+00
   1.2100940e+00
   9.0806806e-01
   5.0772441e-01
   5.4355983e-02
  -4.0311438e-01
  -8.1698926e-01
  -1.1448637e+00
  -1.3529275e+00
  -1.4186808e+00
  -1.3331657e+00
  -1.1025762e+00
  -7.4883656e-01
  -3.0860426e-01
   1.6974265e-01
   6.3120745e-01
   1.0209099e+00
   1.2914769e+00
   1.4097835e+00
   1.3617422e+00
   1.1541935e+00
   8.1357068e-01
   3.8171185e-01
  -9.0240562e-02
  -5.4862349e-01
  -9.4355701e-01
  -1.2339504e+00
  -1.3908751e+00
  -1.3994020e+00
  -1.2592387e+00
  -9.8449764e-01
  -6.0272682e-01
  -1.5308045e-01
   3.1664518e-01
   7.5432514e-01
   1.1090889e+00
   1.3376535e+00
   1.4104632e+00
   1.3164657e+00
   1.0654356e+00
   6.8717739e-01
   2.2758536e-01
  -2.5777050e-01
  -7.1133302e-01
  -1.0811100e+00
  -1.3268346e+00
  -1.4239293e+00
  -1.3650529e+00
  -1.1595294e+00
  -8.3126519e-01
  -4.1578594e-01
   4.3166828e-02
   4.9732832e-01
   8.9795366e-01
   1.2002978e+00
   1.3684251e+00
   1.3799058e+00
   1.2296344e+00
   9.3185235e-01
   5.1960056e-01
   4.1257370e-02
  -4.4555106e-01
  -8.8174760e-01
  -1.2149442e+00
  -1.4064564e+00
  -1.4359925e+00
  -1.3033778e+00
  -1.0273458e+00
  -6.4200742e-01
  -1.9194068e-01
   2.7314611e-01
   7.0346765e-01
   1.0535898e+00
   1.2862056e+00
   1.3753690e+00
   1.3092119e+00
   1.0919332e+00
   7.4459440e-01
   3.0414852e-01
  -1.7973239e-01
  -6.5006792e-01
  -1.0497017e+00
  -1.3291056e+00
  -1.4534821e+00
  -1.4078070e+00
  -1.1988358e+00
  -8.5373905e-01
  -4.1575338e-01
   6.2177200e-02
   5.2450279e-01
   9.1970284e-01
   1.2055947e+00
   1.3529398e+00
   1.3474103e+00
   1.1902263e+00
   8.9778293e-01
   5.0040153e-01
   4.0111384e-02
  -4.3276680e-01
  -8.6438380e-01
  -1.2033171e+00
  -1.4071291e+00
  -1.4485335e+00
  -1.3199760e+00
  -1.0355581e+00
  -6.2968326e-01
  -1.5248269e-01
   3.3721886e-01
   7.8010606e-01
   1.1242594e+00
   1.3314203e+00
   1.3808131e+00
   1.2703156e+00
   1.0153203e+00
   6.4595030e-01
   2.0334127e-01
  -2.6448906e-01
  -7.0694650e-01
  -1.0753227e+00
  -1.3274344e+00
  -1.4322915e+00
  -1.3743408e+00
  -1.1565529e+00
  -8.0150644e-01
  -3.4980363e-01
   1.4439354e-01
   6.2028247e-01
   1.0187518e+00
   1.2906763e+00
   1.4036703e+00
   1.3461216e+00
   1.1279399e+00
   7.7816896e-01
   3.4021585e-01
  -1.3421189e-01
  -5.9137009e-01
  -9.8112152e-01
  -1.2615417e+00
  -1.4024282e+00
  -1.3878377e+00
  -1.2177376e+00
  -9.0866517e-01
  -4.9307177e-01
  -1.6943478e-02
   4.6456203e-01
   8.9334040e-01
   1.2157879e+00
   1.3903558e+00
   1.3938423e+00
   1.2251464e+00
   9.0565273e-01
   4.7610815e-01
  -9.4023860e-03
  -4.9119801e-01
  -9.1201847e-01
  -1.2239892e+00
  -1.3936274e+00
  -1.4045422e+00
  -1.2579874e+00
  -9.7173376e-01
  -5.7777276e-01
  -1.1920388e-01
   3.5357405e-01
   7.8740276e-01
   1.1316355e+00
   1.3439002e+00
   1.3957583e+00
   1.2773439e+00
   9.9995000e-01
   5.9571753e-01
   1.1407780e-01
  -3.8472043e-01
  -8.3799093e-01
  -1.1894257e+00
  -1.3967692e+00
  -1.4370595e+00
  -1.3087275e+00
  -1.0305486e+00
  -6.3804582e-01
  -1.7830194e-01
   2.9582956e-01
   7.3134570e-01
   1.0801287e+00
   1.3032777e+00
   1.3747533e+00
   1.2842795e+00
   1.0392358e+00
   6.6506370e-01
   2.0365182e-01
  -2.9064271e-01
  -7.5724628e-01
  -1.1372321e+00
  -1.3816110e+00
  -1.4585774e+00
  -1.3583136e+00
  -1.0943955e+00
  -7.0154775e-01
  -2.3025940e-01
   2.6061868e-01
   7.1188326e-01
   1.0712617e+00
   1.2990185e+00
   1.3714624e+00
   1.2824137e+00
   1.0429830e+00
   6.8005966e-01
   2.3376576e-01
  -2.4607347e-01
  -7.0450490e-01
  -1.0870522e+00
  -1.3460538e+00
  -1.4470510e+00
  -1.3742060e+00
  -1.1336141e+00
  -7.5357745e-01
  -2.8142773e-01
   2.2280166e-01
   6.9484590e-01
   1.0753227e+00
   1.3178638e+00
   1.3949109e+00
   1.3003975e+00
   1.0492427e+00
   6.7419469e-01
   2.2092856e-01
  -2.5764094e-01
  -7.0707386e-01
  -1.0767113e+00
  -1.3244153e+00
  -1.4206982e+00
  -1.3521111e+00
  -1.1235546e+00
  -7.5897342e-01
  -2.9986459e-01
   1.9875251e-01
   6.7479279e-01
   1.0672821e+00
   1.3250113e+00
   1.4141359e+00
   1.3232695e+00
   1.0650785e+00
   6.7410785e-01
   2.0134975e-01
  -2.9330692e-01
  -7.4930609e-01
  -1.1129653e+00
  -1.3433404e+00
  -1.4159540e+00
  -1.3244153e+00
  -1.0802555e+00
  -7.1136529e-01
  -2.5928915e-01
   2.2455205e-01
   6.8373757e-01
   1.0627560e+00
   1.3135961e+00
   1.4022847e+00
   1.3143158e+00
   1.0578210e+00
   6.6356483e-01
   1.8139122e-01
  -3.2651723e-01
  -7.9449167e-01
  -1.1627778e+00
  -1.3858106e+00
  -1.4379819e+00
  -1.3161251e+00
  -1.0386638e+00
  -6.4200742e-01
  -1.7515661e-01
   3.0646084e-01
   7.4710231e-01
   1.0962813e+00
   1.3135968e+00
   1.3727519e+00
   1.2646303e+00
   9.9911606e-01
   6.0516879e-01
   1.2865900e-01
  -3.7230094e-01
  -8.3432294e-01
  -1.1972173e+00
  -1.4126737e+00
  -1.4515958e+00
  -1.3086583e+00
  -1.0031583e+00
  -5.7598480e-01
  -8.3335541e-02
   4.1156671e-01
   8.4721500e-01
   1.1715769e+00
   1.3478490e+00
   1.3577548e+00
   1.2024581e+00
   9.0149747e-01
   4.9023214e-01
   1.6170778e-02
  -4.6562492e-01
  -8.9798101e-01
  -1.2277465e+00
  -1.4122244e+00
  -1.4251620e+00
  -1.2612944e+00
  -9.3838842e-01
  -4.9600759e-01
   9.2146929e-03
   5.1127301e-01
   9.4424449e-01
   1.2518435e+00
   1.3953677e+00
   1.3586850e+00
   1.1495792e+00
   7.9754116e-01
   3.4876251e-01
  -1.4053199e-01
  -6.1122641e-01
  -1.0079847e+00
  -1.2848827e+00
  -1.4097835e+00
  -1.3674273e+00
  -1.1612063e+00
  -8.1345629e-01
  -3.6396049e-01
   1.3363713e-01
   6.1758434e-01
   1.0255812e+00
   1.3032620e+00
   1.4122737e+00
   1.3364542e+00
   1.0848117e+00
   6.9057351e-01
   2.0635862e-01
  -3.0366082e-01
  -7.7314675e-01
  -1.1428380e+00
  -1.3681342e+00
  -1.4240128e+00
  -1.3069234e+00
  -1.0339019e+00
  -6.3953031e-01
  -1.7147208e-01
   3.1480396e-01
   7.6171790e-01
   1.1154615e+00
   1.3318487e+00
   1.3817497e+00
   1.2554764e+00
   9.6529681e-01
   5.4527085e-01
   4.7906450e-02
  -4.6230187e-01
  -9.1769375e-01
  -1.2572459e+00
  -1.4356359e+00
  -1.4299029e+00
  -1.2425089e+00
  -9.0035589e-01
  -4.5014430e-01
   4.8859542e-02
   5.3322163e-01
   9.4349245e-01
   1.2310314e+00
   1.3629072e+00
   1.3247355e+00
   1.1216087e+00
   7.7734398e-01
   3.3219245e-01
  -1.6097454e-01
  -6.4200742e-01
  -1.0501897e+00
  -1.3318181e+00
  -1.4477388e+00
  -1.3796105e+00
  -1.1336100e+00
  -7.4058774e-01
  -2.5229969e-01
   2.6586073e-01
   7.4443994e-01
   1.1201095e+00
   1.3446478e+00
   1.3912246e+00
   1.2571359e+00
   9.6290591e-01
   5.4835090e-01
   6.6615498e-02
  -4.2271396e-01
  -8.6049687e-01
  -1.1943195e+00
  -1.3838532e+00
  -1.4051176e+00
  -1.2534473e+00
  -9.4482523e-01
  -5.1513496e-01
  -1.6937121e-02
   4.8633588e-01
   9.2837364e-01
   1.2491936e+00
   1.4041078e+00
   1.3708130e+00
   1.1531793e+00
   7.8089865e-01
   3.0498977e-01
  -2.0999793e-01
  -6.9559949e-01
  -1.0891234e+00
  -1.3418262e+00
  -1.4244779e+00
  -1.3298706e+00
  -1.0724321e+00
  -6.8549746e-01
  -2.1693193e-01
   2.7629646e-01
   7.3417105e-01
   1.1000167e+00
   1.3269144e+00
   1.3836558e+00
   1.2595083e+00
   9.6689729e-01
   5.4116904e-01
   3.6946692e-02
  -4.7879695e-01
  -9.3610044e-01
  -1.2723264e+00
  -1.4416069e+00
  -1.4216868e+00
  -1.2169349e+00
  -8.5708649e-01
  -3.9215033e-01
   1.1538078e-01
   5.9950050e-01
   9.9934085e-01
   1.2663453e+00
   1.3693076e+00
   1.2971064e+00
   1.0592864e+00
   6.8474495e-01
   2.1872898e-01
  -2.8175070e-01
  -7.5398084e-01
  -1.1368082e+00
  -1.3784987e+00
  -1.4442069e+00
  -1.3218058e+00
  -1.0248251e+00
  -5.9160234e-01
  -8.0411638e-02
   4.3883616e-01
   8.9496823e-01
   1.2261618e+00
   1.3889009e+00
   1.3637688e+00
   1.1572812e+00
   7.9979159e-01
   3.4022410e-01
  -1.6117603e-01
  -6.4079439e-01
  -1.0392301e+00
  -1.3077968e+00
  -1.4135776e+00
  -1.3428769e+00
  -1.1029488e+00
  -7.2180618e-01
  -2.4584863e-01
   2.6486949e-01
   7.4362414e-01
   1.1256806e+00
   1.3575258e+00
   1.4051802e+00
   1.2600105e+00
   9.4076497e-01
   4.9122587e-01
  -2.6252291e-02
  -5.4019464e-01
  -9.8072204e-01
  -1.2896171e+00
  -1.4280819e+00
  -1.3811314e+00
  -1.1583201e+00
  -7.9118783e-01
  -3.2826153e-01
   1.7140190e-01
   6.4525248e-01
   1.0342204e+00
   1.2891931e+00
   1.3766455e+00
   1.2830096e+00
   1.0172319e+00
   6.1089287e-01
   1.1538078e-01
  -4.0401753e-01
  -8.7666287e-01
  -1.2366483e+00
  -1.4328054e+00
  -1.4368190e+00
  -1.2478664e+00
  -8.9283167e-01
  -4.2203009e-01
   9.8711785e-02
   5.9808994e-01
   1.0096377e+00
   1.2806247e+00
   1.3783301e+00
   1.2931369e+00
   1.0385180e+00
   6.4841656e-01
   1.7268760e-01
  -3.2876724e-01
  -7.9268267e-01
  -1.1595294e+00
  -1.3805900e+00
  -1.4243946e+00
  -1.2816826e+00
  -9.6793947e-01
  -5.2267727e-01
  -5.0458333e-03
   5.1397210e-01
   9.6177047e-01
   1.2750881e+00
   1.4097835e+00
   1.3476059e+00
   1.0987262e+00
   6.9965989e-01
   2.0713778e-01
  -3.1077318e-01
  -7.8461483e-01
  -1.1528941e+00
  -1.3695750e+00
  -1.4089875e+00
  -1.2679785e+00
  -9.6551512e-01
  -5.4010925e-01
  -4.5428656e-02
   4.5561031e-01
   8.9796609e-01
   1.2223586e+00
   1.3831839e+00
   1.3554132e+00
   1.1392583e+00
   7.6148295e-01
   2.7267639e-01
  -2.5947242e-01
  -7.6002233e-01
  -1.1581388e+00
  -1.3979481e+00
  -1.4469235e+00
  -1.3003473e+00
  -9.8122133e-01
  -5.3592025e-01
  -2.6654386e-02
   4.7774590e-01
   9.1116359e-01
   1.2183678e+00
   1.3612110e+00
   1.3224974e+00
   1.1074965e+00
   7.4320975e-01
   2.7550446e-01
  -2.3579371e-01
  -7.2367770e-01
  -1.1221902e+00
  -1.3753150e+00
  -1.4453416e+00
  -1.3192758e+00
  -1.0119346e+00
  -5.6480098e-01
  -4.0468639e-02
   4.8659317e-01
   9.4141466e-01
   1.2600105e+00
   1.3989164e+00
   1.3411605e+00
   1.0978368e+00
   7.0535107e-01
   2.1919603e-01
  -2.9440706e-01
  -7.6754920e-01
  -1.1391136e+00
  -1.3618319e+00
  -1.4074418e+00
  -1.2697357e+00
  -9.6539769e-01
  -5.3252188e-01
  -2.6716970e-02
   4.8516511e-01
   9.3332112e-01
   1.2544945e+00
   1.4013958e+00
   1.3504639e+00
   1.1064124e+00
   7.0244034e-01
   1.9575404e-01
  -3.4100578e-01
  -8.3096994e-01
  -1.2048611e+00
  -1.4113138e+00
  -1.4239650e+00
  -1.2443247e+00
  -9.0032399e-01
  -4.4121723e-01
   6.9969803e-02
   5.6510381e-01
   9.7952124e-01
   1.2596372e+00
   1.3690278e+00
   1.2926412e+00
   1.0388677e+00
   6.3918716e-01
   1.4514278e-01
  -3.7743754e-01
  -8.5667540e-01
  -1.2245126e+00
  -1.4268694e+00
  -1.4323933e+00
  -1.2381004e+00
  -8.7063097e-01
  -3.8262911e-01
   1.5527048e-01
   6.6545241e-01
   1.0753227e+00
   1.3281530e+00
   1.3909579e+00
   1.2583032e+00
   9.5181072e-01
   5.1590905e-01
   1.0904153e-02
  -4.9536683e-01
  -9.3614042e-01
  -1.2536975e+00
  -1.4060834e+00
  -1.3721364e+00
  -1.1544320e+00
  -7.7973408e-01
  -2.9658890e-01
   2.3010117e-01
   7.2726678e-01
   1.1237985e+00
   1.3612119e+00
   1.4030692e+00
   1.2413570e+00
   8.9843383e-01
   4.2396563e-01
  -1.1273950e-01
  -6.3363614e-01
  -1.0640846e+00
  -1.3440517e+00
  -1.4365011e+00
  -1.3317969e+00
  -1.0477996e+00
  -6.2612339e-01
  -1.2555920e-01
   3.8611699e-01
   8.4081031e-01
   1.1783384e+00
   1.3535668e+00
   1.3419401e+00
   1.1429342e+00
   7.8094631e-01
   3.0318952e-01
  -2.2560755e-01
  -7.3144951e-01
  -1.1414243e+00
  -1.3947086e+00
  -1.4523845e+00
  -1.3041999e+00
  -9.7083023e-01
  -5.0101289e-01
   3.6050209e-02
   5.6166244e-01
   9.9995000e-01
   1.2893111e+00
   1.3910851e+00
   1.2942202e+00
   1.0155796e+00
   5.9632388e-01
   9.5362099e-02
  -4.1891448e-01
  -8.7745572e-01
  -1.2189965e+00
  -1.3974205e+00
  -1.3874915e+00
  -1.1884416e+00
  -8.2490306e-01
  -3.4474187e-01
   1.8639458e-01
   6.9354118e-01
   1.1029982e+00
   1.3535394e+00
   1.4063564e+00
   1.2518435e+00
   9.1176973e-01
   4.3622453e-01
  -1.0423393e-01
  -6.2982110e-01
  -1.0640830e+00
  -1.3455059e+00
  -1.4362341e+00
  -1.3266632e+00
  -1.0355532e+00
  -6.0612960e-01
  -9.9203936e-02
   4.1542053e-01
   8.6804580e-01
   1.1976957e+00
   1.3595169e+00
   1.3303957e+00
   1.1122852e+00
   7.3275802e-01
   2.4239444e-01
  -2.9111914e-01
  -7.9183099e-01
  -1.1863466e+00
  -1.4150869e+00
  -1.4420711e+00
  -1.2613389e+00
  -8.9860372e-01
  -4.0760161e-01
   1.3834699e-01
   6.5805675e-01
   1.0753227e+00
   1.3305745e+00
   1.3893807e+00
   1.2465901e+00
   9.2582185e-01
   4.7485579e-01
  -4.1938953e-02
  -5.5276843e-01
  -9.8787248e-01
  -1.2882333e+00
  -1.4127753e+00
  -1.3435055e+00
  -1.0881457e+00
  -6.7986323e-01
  -1.7382445e-01
   3.5943067e-01
   8.4333024e-01
   1.2062835e+00
   1.3927751e+00
   1.3726367e+00
   1.1466713e+00
   7.4733262e-01
   2.3406407e-01
  -3.1603070e-01
  -8.2053979e-01
  -1.2048562e+00
  -1.4136845e+00
  -1.4189905e+00
  -1.2232585e+00
  -8.5788707e-01
  -3.7743754e-01
   1.4896256e-01
   6.4753724e-01
   1.0496872e+00
   1.3006159e+00
   1.3659984e+00
   1.2362082e+00
   9.2777360e-01
   4.8183415e-01
  -4.0498439e-02
  -5.6569834e-01
  -1.0176956e+00
  -1.3289206e+00
  -1.4509105e+00
  -1.3626283e+00
  -1.0747959e+00
  -6.2912625e-01
  -9.2270460e-02
   4.5463488e-01
   9.2899893e-01
   1.2600105e+00
   1.3996753e+00
   1.3297646e+00
   1.0636771e+00
   6.4324733e-01
   1.3144675e-01
  -3.9749174e-01
  -8.6880842e-01
  -1.2172697e+00
  -1.3953895e+00
  -1.3791098e+00
  -1.1705854e+00
  -7.9794878e-01
  -3.1206185e-01
   2.1958984e-01
   7.2146649e-01
   1.1202393e+00
   1.3555403e+00
   1.3896086e+00
   1.2141085e+00
   8.5262850e-01
   3.5801113e-01
  -1.9538736e-01
  -7.2336479e-01
  -1.1454534e+00
  -1.3979400e+00
  -1.4439435e+00
  -1.2787878e+00
  -9.2989694e-01
  -4.5153477e-01
   8.4360439e-02
   5.9943279e-01
   1.0203306e+00
   1.2886407e+00
   1.3681924e+00
   1.2491445e+00
   9.4872607e-01
   5.0879559e-01
  -9.4506030e-03
  -5.3316662e-01
  -9.8730564e-01
  -1.3049186e+00
  -1.4370692e+00
  -1.3608820e+00
  -1.0842185e+00
  -6.4579657e-01
  -1.1025375e-01
   4.4140746e-01
   9.2456652e-01
   1.2647334e+00
   1.4097835e+00
   1.3383972e+00
   1.0631746e+00
   6.2798237e-01
   1.0023200e-01
  -4.4028833e-01
  -9.1391125e-01
  -1.2527954e+00
  -1.4101335e+00
  -1.3658157e+00
  -1.1281953e+00
  -7.3216149e-01
  -2.3407424e-01
   2.9572137e-01
   7.8201668e-01
   1.1546383e+00
   1.3581318e+00
   1.3600697e+00
   1.1567213e+00
   7.7491888e-01
   2.6934660e-01
  -2.8482623e-01
  -8.0315620e-01
  -1.2052943e+00
  -1.4282089e+00
  -1.4368077e+00
  -1.2299026e+00
  -8.4034960e-01
  -3.2936035e-01
   2.2385572e-01
   7.3509598e-01
   1.1284121e+00
   1.3473547e+00
   1.3625669e+00
   1.1749088e+00
   8.1413065e-01
   3.3375525e-01
  -1.9680182e-01
  -7.0173313e-01
  -1.1088685e+00
  -1.3592252e+00
  -1.4151230e+00
  -1.2659190e+00
  -9.3047104e-01
  -4.5563112e-01
   8.9501153e-02
   6.2318377e-01
   1.0633356e+00
   1.3406678e+00
   1.4103559e+00
   1.2600105e+00
   9.1227682e-01
   4.2139344e-01
  -1.3575016e-01
  -6.7240286e-01
  -1.1061851e+00
  -1.3721635e+00
  -1.4325319e+00
  -1.2814745e+00
  -9.4479361e-01
  -4.7484144e-01
   5.8023871e-02
   5.7590959e-01
   1.0042506e+00
   1.2817528e+00
   1.3684094e+00
   1.2508478e+00
   9.4446481e-01
   4.9198649e-01
  -4.1660184e-02
  -5.7788817e-01
  -1.0355886e+00
  -1.3434576e+00
  -1.4516171e+00
  -1.3404484e+00
  -1.0248105e+00
  -5.5253066e-01
   2.8820654e-03
   5.5416939e-01
   1.0147827e+00
   1.3131948e+00
   1.4044327e+00
   1.2768154e+00
   9.5290748e-01
   4.8485904e-01
  -5.4681523e-02
  -5.8424579e-01
  -1.0257853e+00
  -1.3156564e+00
  -1.4130090e+00
  -1.3047911e+00
  -1.0070696e+00
  -5.6272521e-01
  -3.5823547e-02
   4.9681329e-01
   9.5604982e-01
   1.2717758e+00
   1.3936808e+00
   1.2997839e+00
   1.0010905e+00
   5.4116904e-01
  -9.7601141e-03
  -5.6559542e-01
  -1.0383111e+00
  -1.3526505e+00
  -1.4588273e+00
  -1.3408297e+00
  -1.0187930e+00
  -5.4510832e-01
   4.8189422e-03
   5.4527085e-01
   9.9397980e-01
   1.2845920e+00
   1.3759663e+00
   1.2572115e+00
   9.4817240e-01
   4.9574812e-01
  -3.3143785e-02
  -5.6092787e-01
  -1.0099571e+00
  -1.3131948e+00
  -1.4238198e+00
  -1.3225372e+00
  -1.0214295e+00
  -5.6341731e-01
  -1.6919200e-02
   5.3394417e-01
   1.0023611e+00
   1.3130194e+00
   1.4149670e+00
   1.2906763e+00
   9.5944841e-01
   4.7436873e-01
  -8.6684696e-02
  -6.3427539e-01
  -1.0823663e+00
  -1.3622404e+00
  -1.4329817e+00
  -1.2869426e+00
  -9.4967904e-01
  -4.7484144e-01
   6.4736321e-02
   5.8812774e-01
   1.0179236e+00
   1.2909019e+00
   1.3665989e+00
   1.2329150e+00
   9.0813735e-01
   4.3901598e-01
  -1.0515164e-01
  -6.4200742e-01
  -1.0881904e+00
  -1.3723584e+00
  -1.4471114e+00
  -1.2976357e+00
  -9.4523535e-01
  -4.4473558e-01
   1.2410409e-01
   6.6979588e-01
   1.1045767e+00
   1.3592252e+00
   1.3944834e+00
   1.2070531e+00
   8.2927536e-01
   3.2286700e-01
  -2.3183417e-01
  -7.4899310e-01
  -1.1504825e+00
  -1.3771666e+00
  -1.3968402e+00
  -1.2080703e+00
  -8.3979529e-01
  -3.4698551e-01
   1.9701500e-01
   7.1061456e-01
   1.1154828e+00
   1.3481086e+00
   1.3698546e+00
   1.1738860e+00
   7.8755136e-01
   2.6934660e-01
  -2.9953001e-01
  -8.2797147e-01
  -1.2300604e+00
  -1.4397805e+00
  -1.4225523e+00
  -1.1813255e+00
  -7.5601941e-01
  -2.1643953e-01
   3.4989530e-01
   8.5262850e-01
   1.2133634e+00
   1.3778163e+00
   1.3234708e+00
   1.0618621e+00
   6.3561387e-01
   1.1113805e-01
  -4.3161595e-01
  -9.1081528e-01
  -1.2543098e+00
  -1.4097835e+00
  -1.3523492e+00
  -1.0886343e+00
  -6.5665414e-01
  -1.2114762e-01
   4.3538794e-01
   9.2501426e-01
   1.2683344e+00
   1.4078843e+00
   1.3184860e+00
   1.0124365e+00
   5.3825203e-01
  -2.7089687e-02
  -5.9114061e-01
  -1.0618270e+00
  -1.3631640e+00
  -1.4479050e+00
  -1.3048814e+00
  -9.5992037e-01
  -4.7052569e-01
   8.4360439e-02
   6.1745076e-01
   1.0467530e+00
   1.3076592e+00
   1.3619075e+00
   1.2024828e+00
   8.5412554e-01
   3.6960281e-01
  -1.7773392e-01
  -7.0427139e-01
  -1.1281953e+00
  -1.3818316e+00
  -1.4225531e+00
  -1.2404578e+00
  -8.6125494e-01
  -3.4340225e-01
   2.3051045e-01
   7.6701507e-01
   1.1774956e+00
   1.3935586e+00
   1.3791098e+00
   1.1367595e+00
   7.0728791e-01
   1.6230503e-01
  -4.0839527e-01
  -9.1229443e-01
  -1.2695123e+00
  -1.4253865e+00
  -1.3583217e+00
  -1.0819892e+00
  -6.4200742e-01
  -1.0807230e-01
   4.3697532e-01
   9.0946816e-01
   1.2369943e+00
   1.3688010e+00
   1.2833041e+00
   9.9173675e-01
   5.3728223e-01
  -1.0520271e-02
  -5.6569834e-01
  -1.0389664e+00
  -1.3521849e+00
  -1.4517803e+00
  -1.3186321e+00
  -9.7234612e-01
  -4.6877375e-01
   1.0907585e-01
   6.6521598e-01
   1.1073466e+00
   1.3628429e+00
   1.3910528e+00
   1.1896858e+00
   7.9432529e-01
   2.7147269e-01
  -2.9327867e-01
  -8.0960052e-01
  -1.1967771e+00
  -1.3958027e+00
  -1.3776223e+00
  -1.1466713e+00
  -7.3958399e-01
  -2.1950359e-01
   3.3316398e-01
   8.3241301e-01
   1.1993303e+00
   1.3742179e+00
   1.3264234e+00
   1.0602176e+00
   6.1542078e-01
   6.2177200e-02
  -5.0973292e-01
  -1.0055591e+00
  -1.3417908e+00
  -1.4609482e+00
  -1.3420713e+00
  -1.0047568e+00
  -5.0584738e-01
   7.0632488e-02
   6.2833033e-01
   1.0753227e+00
   1.3396183e+00
   1.3806621e+00
   1.1950395e+00
   8.1579133e-01
   3.0593093e-01
  -2.5235272e-01
  -7.7082824e-01
  -1.1686359e+00
  -1.3841508e+00
  -1.3838532e+00
  -1.1672049e+00
  -7.6696010e-01
  -2.4478084e-01
   3.1748486e-01
   8.2993905e-01
   1.2086578e+00
   1.3895517e+00
   1.3397320e+00
   1.0641791e+00
   6.0612960e-01
   4.0666622e-02
  -5.3768199e-01
  -1.0312498e+00
  -1.3564409e+00
  -1.4585455e+00
  -1.3212983e+00
  -9.6938056e-01
  -4.6352223e-01
   1.1066059e-01
   6.5779007e-01
   1.0889045e+00
   1.3358190e+00
   1.3613924e+00
   1.1643612e+00
   7.7842991e-01
   2.6619713e-01
  -2.9086934e-01
  -8.0484965e-01
  -1.1944988e+00
  -1.3974205e+00
  -1.3797313e+00
  -1.1418496e+00
  -7.1937607e-01
  -1.7856384e-01
   3.9337606e-01
   9.0198995e-01
   1.2612951e+00
   1.4088343e+00
   1.3172457e+00
   9.9995000e-01
   5.0957177e-01
  -7.0883292e-02
  -6.4257427e-01
  -1.1083593e+00
  -1.3899464e+00
  -1.4413955e+00
  -1.2565179e+00
  -8.6902162e-01
  -3.4571902e-01
   2.2560755e-01
   7.5124924e-01
   1.1468234e+00
   1.3502980e+00
   1.3309832e+00
   1.0934883e+00
   6.7641724e-01
   1.4623345e-01
  -4.1278249e-01
  -9.1117818e-01
  -1.2679785e+00
  -1.4235190e+00
  -1.3495576e+00
  -1.0549043e+00
  -5.8527680e-01
  -1.6907944e-02
   5.5548285e-01
   1.0345885e+00
   1.3375712e+00
   1.4110961e+00
   1.2413570e+00
   8.5698221e-01
   3.2411050e-01
  -2.6547780e-01
  -8.1085891e-01
  -1.2198717e+00
  -1.4250202e+00
  -1.3945070e+00
  -1.1366374e+00
  -6.9720403e-01
  -1.5076340e-01
   4.1231711e-01
   9.0067446e-01
   1.2362465e+00
   1.3660199e+00
   1.2697557e+00
   9.6283082e-01
   4.9393204e-01
  -6.2107610e-02
  -6.1549654e-01
  -1.0753227e+00
  -1.3641701e+00
  -1.4312893e+00
  -1.2620324e+00
  -8.8161386e-01
  -3.5207294e-01
   2.3750138e-01
   7.8607268e-01
   1.1984813e+00
   1.4026562e+00
   1.3628429e+00
   1.0861922e+00
   6.2137935e-01
   4.9561113e-02
  -5.3047231e-01
  -1.0199806e+00
  -1.3373977e+00
  -1.4318082e+00
  -1.2905973e+00
  -9.4033396e-01
  -4.4121723e-01
   1.2356025e-01
   6.6153912e-01
   1.0855969e+00
   1.3273301e+00
   1.3474496e+00
   1.1418668e+00
   7.4265129e-01
   2.1360078e-01
  -3.5919624e-01
  -8.8071089e-01
  -1.2624256e+00
  -1.4374969e+00
  -1.3729820e+00
  -1.0767046e+00
  -5.9710568e-01
  -1.5661490e-02
   5.6707367e-01
   1.0493622e+00
   1.3467416e+00
   1.4074418e+00
   1.2217181e+00
   8.2330452e-01
   2.8281874e-01
  -3.0542011e-01
  -8.4045366e-01
  -1.2323145e+00
  -1.4170313e+00
  -1.3665551e+00
  -1.0922756e+00
  -6.4200742e-01
  -9.1376942e-02
   4.6873142e-01
   9.4663918e-01
   1.2641558e+00
   1.3687412e+00
   1.2419098e+00
   9.0264966e-01
   4.0517334e-01
  -1.6898462e-01
  -7.2367770e-01
  -1.1639395e+00
  -1.4123836e+00
  -1.4233276e+00
  -1.1918733e+00
  -7.5590341e-01
  -1.9021394e-01
   4.0643644e-01
   9.2906935e-01
   1.2856460e+00
   1.4138916e+00
   1.2924838e+00
   9.4448275e-01
   4.3250094e-01
  -1.5321649e-01
  -7.1128977e-01
  -1.1470436e+00
  -1.3884376e+00
  -1.3974589e+00
  -1.1753837e+00
  -7.6148295e-01
  -2.2581132e-01
   3.4249381e-01
   8.4950558e-01
   1.2113112e+00
   1.3672779e+00
   1.2899327e+00
   9.8996005e-01
   5.1535406e-01
  -5.5499719e-02
  -6.2612339e-01
  -1.0979507e+00
  -1.3874976e+00
  -1.4416543e+00
  -1.2481083e+00
  -8.3861365e-01
  -2.8410751e-01
   3.1770024e-01
   8.6004408e-01
   1.2467257e+00
   1.4097835e+00
   1.3217415e+00
   1.0001187e+00
   5.0351181e-01
  -7.9725606e-02
  -6.4778325e-01
  -1.1034478e+00
  -1.3706021e+00
  -1.4064228e+00
  -1.2075295e+00
  -8.0950080e-01
  -2.8025248e-01
   2.9138826e-01
   8.1005084e-01
   1.1890171e+00
   1.3641072e+00
   1.3042761e+00
   1.0172819e+00
   5.4933479e-01
  -2.1586485e-02
  -5.9808994e-01
  -1.0796911e+00
  -1.3804767e+00
  -1.4449510e+00
  -1.2589525e+00
  -8.5325441e-01
  -2.9879135e-01
   3.0586963e-01
   8.5255011e-01
   1.2434901e+00
   1.4094280e+00
   1.3221670e+00
   9.9924146e-01
   4.9996421e-01
  -8.6107123e-02
  -6.5580622e-01
  -1.1107919e+00
  -1.3743813e+00
  -1.4039574e+00
  -1.1971497e+00
  -7.9118783e-01
  -2.5595117e-01
   3.1789271e-01
   8.3370672e-01
   1.2044492e+00
   1.3667583e+00
   1.2915178e+00
   9.8924868e-01
   5.0927079e-01
  -6.7595088e-02
  -6.4200742e-01
  -1.1129277e+00
  -1.3955483e+00
  -1.4370852e+00
  -1.2273064e+00
  -8.0146038e-01
  -2.3466086e-01
   3.7149403e-01
   9.0763232e-01
   1.2770142e+00
   1.4135776e+00
   1.2940416e+00
   9.4174451e-01
   4.2164230e-01
  -1.7230512e-01
  -7.3467310e-01
  -1.1675513e+00
  -1.3974447e+00
  -1.3872357e+00
  -1.1414693e+00
  -7.0450490e-01
  -1.5226814e-01
   4.2077074e-01
   9.1722014e-01
   1.2526181e+00
   1.3692088e+00
   1.2456348e+00
   9.0102177e-01
   3.9261561e-01
  -1.9298894e-01
  -7.5398084e-01
  -1.1907603e+00
  -1.4237843e+00
  -1.4085720e+00
  -1.1448528e+00
  -6.7774584e-01
  -9.0337751e-02
   5.1123538e-01
   1.0174661e+00
   1.3360778e+00
   1.4094280e+00
   1.2252178e+00
   8.1841691e-01
   2.6416332e-01
  -3.3675146e-01
  -8.7677084e-01
  -1.2610856e+00
  -1.4241312e+00
  -1.3402591e+00
  -1.0270520e+00
  -5.4116904e-01
   3.2139666e-02
   5.9381725e-01
   1.0475817e+00
   1.3157379e+00
   1.3518986e+00
   1.1487651e+00
   7.3976232e-01
   1.9411451e-01
  -3.9414733e-01
  -9.2178600e-01
  -1.2942152e+00
  -1.4426255e+00
  -1.3372167e+00
  -9.9380531e-01
  -4.7213553e-01
   1.3422992e-01
   7.1483713e-01
   1.1629652e+00
   1.3959078e+00
   1.3708130e+00
   1.0928391e+00
   6.1397734e-01
   2.2855480e-02
  -5.7230305e-01
  -1.0640482e+00
  -1.3653597e+00
  -1.4248974e+00
  -1.2352343e+00
  -8.3296179e-01
  -2.9111914e-01
   2.9429927e-01
   8.2117640e-01
   1.1985576e+00
   1.3616690e+00
   1.2824630e+00
   9.7420443e-01
   4.8944881e-01
  -8.8357426e-02
  -6.5853147e-01
  -1.1201095e+00
  -1.3894777e+00
  -1.4156980e+00
  -1.1906539e+00
  -7.5181610e-01
  -1.7663376e-01
   4.3086289e-01
   9.5903388e-01
   1.3096543e+00
   1.4168437e+00
   1.2600105e+00
   8.6806555e-01
   3.1395523e-01
  -2.9939532e-01
  -8.5883921e-01
  -1.2624334e+00
  -1.4382696e+00
  -1.3571372e+00
  -1.0368504e+00
  -5.3782037e-01
   4.8859542e-02
   6.1827028e-01
   1.0702575e+00
   1.3265270e+00
   1.3435325e+00
   1.1193068e+00
   6.9339859e-01
   1.4009338e-01
  -4.4399371e-01
  -9.5609329e-01
  -1.3047911e+00
  -1.4261135e+00
  -1.2954520e+00
  -9.3303730e-01
  -4.0158657e-01
   2.0394619e-01
   7.7307883e-01
   1.2001262e+00
   1.4043386e+00
   1.3458279e+00
   1.0339019e+00
   5.2587906e-01
  -8.3589440e-02
  -6.8064273e-01
  -1.1541228e+00
  -1.4168208e+00
  -1.4217924e+00
  -1.1705972e+00
  -7.1207926e-01
  -1.3227225e-01
   4.6226637e-01
   9.6426597e-01
   1.2849276e+00
   1.3691179e+00
   1.2041765e+00
   8.2120683e-01
   2.8900658e-01
  -2.9809638e-01
  -8.3642378e-01
  -1.2305764e+00
  -1.4097835e+00
  -1.3403913e+00
  -1.0323760e+00
  -5.3855396e-01
   5.3755794e-02
   6.3758888e-01
   1.1054122e+00
   1.3691097e+00
   1.3770961e+00
   1.1250469e+00
   6.5779007e-01
   6.1595629e-02
  -5.5190817e-01
  -1.0671318e+00
  -1.3869464e+00
  -1.4515429e+00
  -1.2498662e+00
  -8.2134896e-01
  -2.4774331e-01
   3.6308834e-01
   8.9798101e-01
   1.2596612e+00
   1.3842715e+00
   1.2521352e+00
   8.9015159e-01
   3.6585277e-01
  -2.2539890e-01
  -7.7756466e-01
  -1.1924198e+00
  -1.3963621e+00
  -1.3529275e+00
  -1.0691017e+00
  -5.9442394e-01
  -1.2902900e-02
   5.7115862e-01
   1.0513097e+00
   1.3381314e+00
   1.3760819e+00
   1.1547639e+00
   7.1214755e-01
   1.2865900e-01
  -4.8718734e-01
  -1.0191391e+00
  -1.3656560e+00
  -1.4599368e+00
  -1.2833371e+00
  -8.6929019e-01
  -2.9682780e-01
   3.2498258e-01
   8.7843862e-01
   1.2600105e+00
   1.3999385e+00
   1.2748254e+00
   9.1101796e-01
   3.7851651e-01
  -2.2298990e-01
  -7.8299128e-01
  -1.2002752e+00
  -1.4007045e+00
  -1.3497342e+00
  -1.0578210e+00
  -5.7810487e-01
   3.0556053e-03
   5.8108655e-01
   1.0513443e+00
   1.3275184e+00
   1.3572701e+00
   1.1323530e+00
   6.9119044e-01
   1.1303376e-01
  -4.9570560e-01
  -1.0208145e+00
  -1.3618922e+00
  -1.4520597e+00
  -1.2717090e+00
  -8.5323724e-01
  -2.7547706e-01
   3.5131601e-01
   9.0699357e-01
   1.2851735e+00
   1.4141359e+00
   1.2706561e+00
   8.8402494e-01
   3.2962765e-01
  -2.8634929e-01
  -8.4776034e-01
  -1.2506102e+00
  -1.4221422e+00
  -1.3334706e+00
  -1.0037704e+00
  -4.9570560e-01
   9.6666256e-02
   6.6510430e-01
   1.1064361e+00
   1.3406317e+00
   1.3247925e+00
   1.0608204e+00
   5.9547414e-01
   1.2650727e-02
  -5.8105946e-01
  -1.0753227e+00
  -1.3763609e+00
  -1.4249457e+00
  -1.2085617e+00
  -7.6505987e-01
  -1.7662178e-01
   4.4523969e-01
   9.8099001e-01
   1.3265526e+00
   1.4141589e+00
   1.2261618e+00
   7.9880824e-01
   2.1509319e-01
  -4.1183287e-01
  -9.6120629e-01
  -1.3284229e+00
  -1.4451711e+00
  -1.2919705e+00
  -9.0088524e-01
  -3.4826971e-01
   2.6061868e-01
   8.1185731e-01
   1.2039815e+00
   1.3661498e+00
   1.2703016e+00
   9.3548124e-01
   4.2388762e-01
  -1.7046349e-01
  -7.3847879e-01
  -1.1753562e+00
  -1.3994020e+00
  -1.3671230e+00
  -1.0818809e+00
  -5.9431354e-01
   5.9578120e-03
   6.0625535e-01
   1.0917889e+00
   1.3678029e+00
   1.3785803e+00
   1.1193056e+00
   6.3804582e-01
   2.7067569e-02
  -5.9502391e-01
  -1.1067995e+00
  -1.4083273e+00
  -1.4411998e+00
  -1.2000657e+00
  -7.3331201e-01
  -1.3289941e-01
   4.8434499e-01
   9.9995000e-01
   1.3167372e+00
   1.3769567e+00
   1.1723102e+00
   7.4432639e-01
   1.7548291e-01
  -4.2686026e-01
  -9.5051744e-01
  -1.2988540e+00
  -1.4079848e+00
  -1.2579874e+00
  -8.7636517e-01
  -3.3323467e-01
   2.7100838e-01
   8.2358769e-01
   1.2198772e+00
   1.3830294e+00
   1.2790907e+00
   9.2455568e-01
   3.8451327e-01
  -2.3875461e-01
  -8.2493799e-01
  -1.2591147e+00
  -1.4547866e+00
  -1.3717314e+00
  -1.0247635e+00
  -4.8132370e-01
   1.5179886e-01
   7.4993118e-01
   1.1956705e+00
   1.4024282e+00
   1.3314561e+00
   9.9893453e-01
   4.7189701e-01
  -1.4585081e-01
  -7.3464901e-01
  -1.1823434e+00
  -1.4054580e+00
  -1.3642572e+00
  -1.0691823e+00
  -5.7788817e-01
   1.6180076e-02
   6.0134337e-01
   1.0681592e+00
   1.3292590e+00
   1.3352059e+00
   1.0836933e+00
   6.2044007e-01
   3.1442065e-02
  -5.7232998e-01
  -1.0753227e+00
  -1.3793356e+00
  -1.4229071e+00
  -1.1942450e+00
  -7.3480373e-01
  -1.3232245e-01
   4.9572635e-01
   1.0252315e+00
   1.3504675e+00
   1.4058171e+00
   1.1795061e+00
   7.1629726e-01
   1.0846771e-01
  -5.2304441e-01
  -1.0532926e+00
  -1.3785278e+00
  -1.4366920e+00
  -1.2190798e+00
  -7.7105246e-01
  -1.8203965e-01
   4.3276680e-01
   9.5510829e-01
   1.2862060e+00
   1.3649378e+00
   1.1785013e+00
   7.6395556e-01
   2.0070867e-01
  -4.0446665e-01
  -9.3714556e-01
  -1.2962571e+00
  -1.4127753e+00
  -1.2628318e+00
  -8.7282442e-01
  -3.1535294e-01
   3.0363198e-01
   8.6445470e-01
   1.2566771e+00
   1.4010602e+00
   1.2660794e+00
   8.7536836e-01
   3.0414852e-01
  -3.3505372e-01
  -9.1476318e-01
  -1.3184699e+00
  -1.4646492e+00
  -1.3237138e+00
  -9.2419629e-01
  -3.4680432e-01
   2.9234639e-01
   8.6566128e-01
   1.2600105e+00
   1.3992345e+00
   1.2586676e+00
   8.6898608e-01
   3.0900447e-01
  -3.1070622e-01
  -8.6980698e-01
  -1.2613507e+00
  -1.4117366e+00
  -1.2939346e+00
  -9.3185235e-01
  -3.9534786e-01
   2.1301471e-01
   7.7704257e-01
   1.1884814e+00
   1.3673144e+00
   1.2771765e+00
   9.3297526e-01
   3.9904339e-01
  -2.2222369e-01
  -8.0950080e-01
  -1.2460563e+00
  -1.4431700e+00
  -1.3586689e+00
  -1.0065248e+00
  -4.5513334e-01
   1.8577776e-01
   7.8717508e-01
   1.2271850e+00
   1.4163869e+00
   1.3164657e+00
   9.4815842e-01
   3.8678235e-01
  -2.5362422e-01
  -8.4403649e-01
  -1.2668984e+00
  -1.4397017e+00
  -1.3308952e+00
  -9.6513495e-01
  -4.1721611e-01
   2.0365182e-01
   7.7575831e-01
   1.1885376e+00
   1.3634352e+00
   1.2682548e+00
   9.2261020e-01
   3.9375749e-01
  -2.1625277e-01
  -7.8973890e-01
  -1.2154727e+00
  -1.4097835e+00
  -1.3328629e+00
  -9.9715053e-01
  -4.6595509e-01
   1.5782915e-01
   7.5115835e-01
   1.1949480e+00
   1.3981926e+00
   1.3171311e+00
   9.6523826e-01
   4.1156671e-01
  -2.3261870e-01
  -8.3639448e-01
  -1.2762720e+00
  -1.4620429e+00
  -1.3557493e+00
  -9.7961999e-01
  -4.1125017e-01
   2.3286137e-01
   8.2175247e-01
   1.2370764e+00
   1.3970508e+00
   1.2723686e+00
   8.9105612e-01
   3.3168806e-01
  -2.9322509e-01
  -8.6000572e-01
  -1.2580701e+00
  -1.4110059e+00
  -1.2906457e+00
  -9.2178600e-01
  -3.7695940e-01
   2.3758607e-01
   8.0208152e-01
   1.2059698e+00
   1.3691008e+00
   1.2575071e+00
   8.9070940e-01
   3.3890064e-01
  -2.8984251e-01
  -8.7024424e-01
  -1.2846386e+00
  -1.4470485e+00
  -1.3215242e+00
  -9.3065059e-01
  -3.5202351e-01
   2.9697907e-01
   8.8320709e-01
   1.2855402e+00
   1.4204952e+00
   1.2600105e+00
   8.3745282e-01
   2.4050174e-01
  -4.0749919e-01
  -9.7358502e-01
  -1.3428975e+00
  -1.4421496e+00
  -1.2539744e+00
  -8.1942910e-01
  -2.2853272e-01
   3.9879758e-01
   9.3721579e-01
   1.2807758e+00
   1.3632856e+00
   1.1704717e+00
   7.4195939e-01
   1.6301613e-01
  -4.5217266e-01
  -9.8250576e-01
  -1.3232075e+00
  -1.4060834e+00
  -1.2130503e+00
  -7.8030877e-01
  -1.9211923e-01
   4.3497519e-01
   9.7477160e-01
   1.3166661e+00
   1.3885476e+00
   1.1725035e+00
   7.0973988e-01
   9.3228213e-02
  -5.5080895e-01
  -1.0889471e+00
  -1.4086873e+00
  -1.4425525e+00
  -1.1827788e+00
  -6.8324306e-01
  -4.8104278e-02
   5.9037370e-01
   1.0999203e+00
   1.3761003e+00
   1.3638752e+00
   1.0683759e+00
   5.5285946e-01
  -7.5349062e-02
  -6.8761281e-01
  -1.1604543e+00
  -1.4002435e+00
  -1.3612506e+00
  -1.0537777e+00
  -5.4116904e-01
   7.3346926e-02
   6.6720454e-01
   1.1224373e+00
   1.3485271e+00
   1.2999714e+00
   9.8533275e-01
   4.6601736e-01
  -1.5516520e-01
  -7.5374274e-01
  -1.2080703e+00
  -1.4239262e+00
  -1.3542913e+00
  -1.0100733e+00
  -4.5916294e-01
   1.8647446e-01
   7.9340435e-01
   1.2345165e+00
   1.4161352e+00
   1.2984842e+00
   9.0482725e-01
   3.1703767e-01
  -3.4162282e-01
  -9.3281609e-01
  -1.3327381e+00
  -1.4584825e+00
  -1.2853819e+00
  -8.5164517e-01
  -2.4950510e-01
   3.9491834e-01
   9.4844521e-01
   1.2984901e+00
   1.3757518e+00
   1.1674497e+00
   7.1877396e-01
   1.2270658e-01
  -4.9935349e-01
  -1.0220789e+00
  -1.3409660e+00
  -1.3926570e+00
  -1.1671072e+00
  -7.0943377e-01
  -1.1115145e-01
   5.0759876e-01
   1.0215813e+00
   1.3253810e+00
   1.3549142e+00
   1.1011917e+00
   6.1329173e-01
  -1.0495175e-02
  -6.4200742e-01
  -1.1494105e+00
  -1.4249474e+00
  -1.4083152e+00
  -1.1004167e+00
  -5.6415629e-01
   8.8256820e-02
   7.1899118e-01
   1.1941829e+00
   1.4129030e+00
   1.3290284e+00
   9.6111851e-01
   3.8813228e-01
  -2.6795855e-01
  -8.6866253e-01
  -1.2886145e+00
  -1.4418725e+00
  -1.2993008e+00
  -8.9360608e-01
  -3.1137199e-01
   3.2580356e-01
   8.8681024e-01
   1.2577755e+00
   1.3646932e+00
   1.1876259e+00
   7.6398411e-01
   1.8053431e-01
  -4.4411741e-01
  -9.8312489e-01
  -1.3265868e+00
  -1.4035418e+00
  -1.1965364e+00
  -7.4581515e-01
  -1.4205283e-01
   4.9128313e-01
   1.0227437e+00
   1.3400671e+00
   1.3741336e+00
   1.1145085e+00
   6.1290314e-01
  -2.6654386e-02
  -6.6925561e-01
  -1.1777869e+00
  -1.4426655e+00
  -1.4060096e+00
  -1.0747081e+00
  -5.1929102e-01
   1.4128096e-01
   7.6554792e-01
   1.2203800e+00
   1.4097835e+00
   1.2952980e+00
   9.0360087e-01
   3.1990271e-01
  -3.3109229e-01
  -9.1221705e-01
  -1.3028554e+00
  -1.4237590e+00
  -1.2526480e+00
  -8.2771587e-01
  -2.3875461e-01
   3.9190678e-01
   9.3456581e-01
   1.2783283e+00
   1.3532162e+00
   1.1440142e+00
   6.9327798e-01
   9.2946787e-02
  -5.3388652e-01
  -1.0576369e+00
  -1.3686033e+00
  -1.3998540e+00
  -1.1418834e+00
  -6.4574483e-01
  -1.3568257e-02
   6.2202361e-01
   1.1256207e+00
   1.3881092e+00
   1.3507992e+00
   1.0190845e+00
   4.6226637e-01
  -2.0078648e-01
  -8.2722332e-01
  -1.2814533e+00
  -1.4650360e+00
  -1.3384311e+00
  -9.2965080e-01
  -3.2787584e-01
   3.3643633e-01
   9.2034849e-01
   1.2995941e+00
   1.3951441e+00
   1.1894667e+00
   7.2921982e-01
   1.1420000e-01
  -5.2466442e-01
  -1.0532794e+00
  -1.3623007e+00
  -1.3892757e+00
  -1.1307188e+00
  -6.4200742e-01
  -2.5448514e-02
   5.9088155e-01
   1.0792421e+00
   1.3381520e+00
   1.3130879e+00
   1.0078921e+00
   4.8453624e-01
  -1.4892723e-01
  -7.6009318e-01
  -1.2194677e+00
  -1.4278131e+00
  -1.3378378e+00
  -9.6539867e-01
  -3.8740135e-01
   2.7364046e-01
   8.7545617e-01
   1.2868674e+00
   1.4168594e+00
   1.2352558e+00
   7.8010606e-01
   1.4984794e-01
  -5.1818667e-01
  -1.0781495e+00
  -1.4080449e+00
  -1.4367109e+00
  -1.1592961e+00
  -6.3782409e-01
   1.3092611e-02
   6.5194057e-01
   1.1414486e+00
   1.3781895e+00
   1.3142172e+00
   9.6630088e-01
   4.1117321e-01
  -2.3174131e-01
  -8.2609733e-01
  -1.2473036e+00
  -1.4081635e+00
  -1.2763929e+00
  -8.8071089e-01
  -3.0451849e-01
   3.3141443e-01
   8.9375878e-01
   1.2640308e+00
   1.3631739e+00
   1.1683695e+00
   7.1853322e-01
   1.0709153e-01
  -5.3684176e-01
  -1.0753227e+00
  -1.3910381e+00
  -1.4131139e+00
  -1.1335019e+00
  -6.0998720e-01
   4.5316892e-02
   6.8986383e-01
   1.1819082e+00
   1.4121483e+00
   1.3285382e+00
   9.4844521e-01
   3.5517254e-01
  -3.2050031e-01
  -9.2959021e-01
  -1.3382741e+00
  -1.4576804e+00
  -1.2633317e+00
  -7.9994536e-01
  -1.7074327e-01
   4.8602464e-01
   1.0278195e+00
   1.3388424e+00
   1.3545636e+00
   1.0746435e+00
   5.6185043e-01
  -7.2347821e-02
  -6.9208160e-01
  -1.1659410e+00
  -1.3943646e+00
  -1.3300338e+00
  -9.8730564e-01
  -4.3895689e-01
   1.9899781e-01
   7.9134731e-01
   1.2117979e+00
   1.3695263e+00
   1.2287367e+00
   8.1703956e-01
   2.2060246e-01
  -4.3330881e-01
  -1.0030865e+00
  -1.3633627e+00
  -1.4328449e+00
  -1.1931340e+00
  -6.9399754e-01
  -4.3468862e-02
   6.1542760e-01
   1.1363478e+00
   1.4025965e+00
   1.3537932e+00
   9.9995000e-01
   4.1954450e-01
  -2.5808904e-01
  -8.8201731e-01
  -1.3138295e+00
  -1.4587202e+00
  -1.2864125e+00
  -8.3726806e-01
  -2.1244116e-01
   4.4937528e-01
   1.0030865e+00
   1.3290911e+00
   1.3588909e+00
   1.0890217e+00
   5.8065884e-01
  -5.4571873e-02
  -6.7916425e-01
  -1.1592472e+00
  -1.3928057e+00
  -1.3308438e+00
  -9.8730564e-01
  -4.3589298e-01
   2.0547120e-01
   7.9936130e-01
   1.2177612e+00
   1.3692961e+00
   1.2191342e+00
   7.9724958e-01
   1.9299772e-01
  -4.6324406e-01
  -1.0278195e+00
  -1.3751652e+00
  -1.4259904e+00
  -1.1658477e+00
  -6.4957685e-01
   9.8368651e-03
   6.6588968e-01
   1.1713379e+00
   1.4117070e+00
   1.3317336e+00
   9.4844521e-01
   3.4765054e-01
  -3.3547739e-01
  -9.4724857e-01
  -1.3505295e+00
  -1.4558526e+00
  -1.2413672e+00
  -7.5714903e-01
  -1.1311365e-01
   5.4640022e-01
   1.0753227e+00
   1.3582842e+00
   1.3355568e+00
   1.0152011e+00
   4.7013998e-01
  -1.7875680e-01
  -7.8952954e-01
  -1.2299360e+00
  -1.4056193e+00
  -1.2798187e+00
  -8.8071089e-01
  -2.9506077e-01
   3.5036605e-01
   9.1575005e-01
   1.2779858e+00
   1.3571375e+00
   1.1340355e+00
   6.5516171e-01
   2.3500003e-02
  -6.2305964e-01
  -1.1414486e+00
  -1.4150138e+00
  -1.3800272e+00
  -1.0409927e+00
  -4.7091122e-01
   2.0403646e-01
   8.3232989e-01
   1.2713600e+00
   1.4202596e+00
   1.2435852e+00
   7.8010606e-01
   1.3440189e-01
  -5.4694624e-01
  -1.1090670e+00
  -1.4244938e+00
  -1.4224333e+00
  -1.1047524e+00
  -5.4504202e-01
   1.2883402e-01
   7.6441320e-01
   1.2194677e+00
   1.3939100e+00
   1.2515855e+00
   8.2729618e-01
   2.1788941e-01
  -4.4016027e-01
  -1.0013657e+00
  -1.3431480e+00
  -1.3921555e+00
  -1.1395086e+00
  -6.4200742e-01
  -9.3292308e-03
   6.1987956e-01
   1.1079068e+00
   1.3476099e+00
   1.2856047e+00
   9.3412257e-01
   3.6892006e-01
  -2.8653646e-01
  -8.8750904e-01
  -1.2995941e+00
  -1.4287323e+00
  -1.2429428e+00
  -7.8066508e-01
  -1.4339292e-01
   5.2622724e-01
   1.0762522e+00
   1.3801652e+00
   1.3664396e+00
   1.0358651e+00
   4.6226637e-01
  -2.2389018e-01
  -8.6539132e-01
  -1.3147383e+00
  -1.4685523e+00
  -1.2917169e+00
  -8.2548978e-01
  -1.7767974e-01
   5.0269436e-01
   1.0601482e+00
   1.3686033e+00
   1.3599823e+00
   1.0390142e+00
   4.8112190e-01
  -1.8573235e-01
  -8.1070857e-01
  -1.2542624e+00
  -1.4190663e+00
  -1.2709201e+00
  -8.4533692e-01
  -2.3875461e-01
   4.1334757e-01
   9.6644506e-01
   1.2985349e+00
   1.3365600e+00
   1.0721612e+00
   5.6349179e-01
  -7.7284681e-02
  -7.0823437e-01
  -1.1885813e+00
  -1.4097835e+00
  -1.3200281e+00
  -9.3663372e-01
  -3.4329865e-01
   3.2762807e-01
   9.2430916e-01
   1.3097265e+00
   1.3934033e+00
   1.1531021e+00
   6.4113090e-01
  -2.6654386e-02
  -6.9698838e-01
  -1.2146061e+00
  -1.4586535e+00
  -1.3713938e+00
  -9.7221333e-01
  -3.5340706e-01
   3.4137114e-01
   9.5087779e-01
   1.3341708e+00
   1.4035418e+00
   1.1446690e+00
   6.1933339e-01
  -4.9711128e-02
  -7.0786183e-01
  -1.2047078e+00
  -1.4284649e+00
  -1.3308998e+00
  -9.3727640e-01
  -3.3946174e-01
   3.2580356e-01
   9.0821644e-01
   1.2776194e+00
   1.3526421e+00
   1.1181497e+00
   6.2795143e-01
  -7.5638792e-03
  -6.4600969e-01
  -1.1444324e+00
  -1.3908342e+00
  -1.3290284e+00
  -9.7143530e-01
  -3.9691781e-01
   2.6610784e-01
   8.6786256e-01
   1.2707070e+00
   1.3805916e+00
   1.1692823e+00
   6.8201459e-01
   2.8370275e-02
  -6.4200742e-01
  -1.1736152e+00
  -1.4414114e+00
  -1.3806810e+00
  -1.0031457e+00
  -3.9514288e-01
   3.0204061e-01
   9.2522523e-01
   1.3279650e+00
   1.4154371e+00
   1.1671072e+00
   6.4163117e-01
  -3.7202149e-02
  -7.1003764e-01
  -1.2198125e+00
  -1.4487429e+00
  -1.3456075e+00
  -9.3698584e-01
  -3.2007726e-01
   3.6083958e-01
   9.4844521e-01
   1.3087714e+00
   1.3615110e+00
   1.0974806e+00
   5.7961676e-01
  -7.2295544e-02
  -7.0934889e-01
  -1.1872670e+00
  -1.3986326e+00
  -1.2965672e+00
  -9.0482725e-01
  -3.1226940e-01
   3.4702004e-01
   9.2359253e-01
   1.2860324e+00
   1.3506057e+00
   1.1005940e+00
   5.9085963e-01
  -6.3680435e-02
  -7.1345080e-01
  -1.2080703e+00
  -1.4311253e+00
  -1.3278364e+00
  -9.1894656e-01
  -2.9715942e-01
   3.9352486e-01
   9.9110266e-01
   1.3538120e+00
   1.3942078e+00
   1.1007135e+00
   5.4116904e-01
  -1.5277575e-01
  -8.1685691e-01
  -1.2935013e+00
  -1.4696776e+00
  -1.3040287e+00
  -8.3665521e-01
  -1.7921074e-01
   5.1216523e-01
   1.0743650e+00
   1.3761003e+00
   1.3486212e+00
   1.0011578e+00
   4.1770939e-01
  -2.6366565e-01
  -8.8379849e-01
  -1.2996252e+00
  -1.4169535e+00
  -1.2113704e+00
  -7.3282228e-01
  -9.3228213e-02
   5.5970438e-01
   1.0763269e+00
   1.3389041e+00
   1.2879915e+00
   9.3560722e-01
   3.6239705e-01
  -3.0053224e-01
  -9.0112879e-01
  -1.3007965e+00
  -1.4060834e+00
  -1.1905284e+00
  -7.0156709e-01
  -5.0608061e-02
   6.1184811e-01
   1.1306849e+00
   1.3824661e+00
   1.3050705e+00
   9.1345288e-01
   2.9738070e-01
  -3.9879758e-01
  -1.0099243e+00
  -1.3894596e+00
  -1.4450590e+00
  -1.1615023e+00
  -6.0511599e-01
   9.1673838e-02
   7.6208106e-01
   1.2452977e+00
   1.4255180e+00
   1.2600105e+00
   7.8931781e-01
   1.2712914e-01
  -5.6756709e-01
  -1.1290808e+00
  -1.4248363e+00
  -1.3867263e+00
  -1.0265730e+00
  -4.3227740e-01
   2.5402848e-01
   8.7024424e-01
   1.2726153e+00
   1.3690313e+00
   1.1396889e+00
   6.4065630e-01
  -1.0078513e-02
  -6.6050661e-01
  -1.1598430e+00
  -1.3930456e+00
  -1.3068777e+00
  -9.2178600e-01
  -3.2705874e-01
   3.3958810e-01
   9.2343688e-01
   1.2882144e+00
   1.3476171e+00
   1.0857349e+00
   5.6154303e-01
  -1.0387780e-01
  -7.5481937e-01
  -1.2370764e+00
  -1.4344626e+00
  -1.2970728e+00
  -8.5431941e-01
  -2.0919352e-01
   4.8536204e-01
   1.0626718e+00
   1.3825755e+00
   1.3658925e+00
   1.0144678e+00
   4.1156671e-01
  -2.9779464e-01
  -9.4195509e-01
  -1.3645632e+00
  -1.4629721e+00
  -1.2134819e+00
  -6.7710903e-01
   1.5538080e-02
   6.9644896e-01
   1.2013843e+00
   1.4097835e+00
   1.2736005e+00
   8.2815538e-01
   1.8264533e-01
  -5.0701524e-01
  -1.0761190e+00
  -1.3905278e+00
  -1.3780558e+00
  -1.0446242e+00
  -4.7174391e-01
   2.0365182e-01
   8.2193801e-01
   1.2382663e+00
   1.3560746e+00
   1.1490533e+00
   6.6674539e-01
   2.2705782e-02
  -6.3195026e-01
  -1.1435544e+00
  -1.3915126e+00
  -1.3164657e+00
  -9.3451584e-01
  -3.3410620e-01
   3.4397737e-01
   9.3914832e-01
   1.3087636e+00
   1.3623107e+00
   1.0838458e+00
   5.3702535e-01
  -1.4893899e-01
  -8.0950080e-01
  -1.2842249e+00
  -1.4560120e+00
  -1.2804158e+00
  -7.9755734e-01
  -1.2329967e-01
   5.7850633e-01
   1.1360728e+00
   1.4121421e+00
   1.3382161e+00
   9.3185235e-01
   2.9255136e-01
  -4.2281660e-01
  -1.0388942e+00
  -1.4052423e+00
  -1.4333658e+00
  -1.1181416e+00
  -5.3844357e-01
   1.6295119e-01
   8.1492020e-01
   1.2600105e+00
   1.3924943e+00
   1.1832575e+00
   6.8575396e-01
   2.1999421e-02
  -6.4759385e-01
  -1.1629881e+00
  -1.4025234e+00
  -1.3112254e+00
  -9.1299396e-01
  -3.0414852e-01
   3.6985080e-01
   9.4888224e-01
   1.2957717e+00
   1.3283669e+00
   1.0387442e+00
   4.9516063e-01
  -1.7373482e-01
  -8.0888972e-01
  -1.2582228e+00
  -1.4127753e+00
  -1.2331490e+00
  -7.5981509e-01
  -1.0450430e-01
   5.7569275e-01
   1.1156957e+00
   1.3824944e+00
   1.3081802e+00
   9.0764895e-01
   2.7621329e-01
  -4.3276680e-01
  -1.0451021e+00
  -1.4088182e+00
  -1.4322959e+00
  -1.1077800e+00
  -5.1407227e-01
   2.0255721e-01
   8.6462863e-01
   1.3078060e+00
   1.4221114e+00
   1.1795061e+00
   6.4081885e-01
  -5.9705877e-02
  -7.4823432e-01
  -1.2548780e+00
  -1.4558833e+00
  -1.3038970e+00
  -8.3889653e-01
  -1.7735438e-01
   5.1730527e-01
   1.0753227e+00
   1.3621019e+00
   1.3104442e+00
   9.3588759e-01
   3.3181974e-01
  -3.5402725e-01
  -9.5569447e-01
  -1.3288986e+00
  -1.3852236e+00
  -1.1126603e+00
  -5.7788817e-01
   9.0007325e-02
   7.3041265e-01
   1.1893777e+00
   1.3562078e+00
   1.1899225e+00
   7.2935434e-01
   8.4391816e-02
  -5.8977810e-01
  -1.1295684e+00
  -1.4024282e+00
  -1.3394115e+00
  -9.5287174e-01
  -3.3464530e-01
   3.6529544e-01
   9.7494021e-01
   1.3425087e+00
   1.3745036e+00
   1.0599118e+00
   4.7413976e-01
  -2.3875461e-01
  -9.0146207e-01
  -1.3477636e+00
  -1.4646323e+00
  -1.2212799e+00
  -6.7753062e-01
   3.0842629e-02
   7.2623764e-01
   1.2341378e+00
   1.4273171e+00
   1.2579874e+00
   7.6966223e-01
   8.5783748e-02
  -6.2184144e-01
  -1.1765864e+00
  -1.4413472e+00
  -1.3524556e+00
  -9.3476673e-01
  -2.9443718e-01
   4.0840865e-01
   9.9995000e-01
   1.3356611e+00
   1.3353877e+00
   1.0020891e+00
   4.2002458e-01
  -2.6675481e-01
  -8.9003460e-01
  -1.2983799e+00
  -1.3935260e+00
  -1.1536306e+00
  -6.3804582e-01
   2.7328474e-02
   6.8050416e-01
   1.1624145e+00
   1.3552449e+00
   1.2110081e+00
   7.6352531e-01
   1.2081241e-01
  -5.6053744e-01
  -1.1130754e+00
  -1.3994020e+00
  -1.3463599e+00
  -9.6399967e-01
  -3.4430440e-01
   3.6047667e-01
   9.7496155e-01
   1.3442814e+00
   1.3733768e+00
   1.0518772e+00
   4.5790361e-01
  -2.6061868e-01
  -9.2277887e-01
  -1.3604722e+00
  -1.4614819e+00
  -1.1986610e+00
  -6.3747701e-01
   8.0258928e-02
   7.7244503e-01
   1.2632715e+00
   1.4282738e+00
   1.2261618e+00
   7.0919058e-01
   9.4560580e-03
  -6.9521090e-01
  -1.2268118e+00
  -1.4523902e+00
  -1.3173089e+00
  -8.5825996e-01
  -1.9300223e-01
   5.1019218e-01
   1.0753227e+00
   1.3627111e+00
   1.3032939e+00
   9.1482907e-01
   2.9637367e-01
  -3.9717323e-01
  -9.9384184e-01
  -1.3469787e+00
  -1.3709002e+00
  -1.0612999e+00
  -4.9570560e-01
   1.8589204e-01
   8.1540862e-01
   1.2377017e+00
   1.3484148e+00
   1.1195526e+00
   6.0660712e-01
  -6.4591441e-02
  -7.2829970e-01
  -1.2193751e+00
  -1.4141359e+00
  -1.2615484e+00
  -7.9686740e-01
  -1.3399171e-01
   5.6201235e-01
   1.1157600e+00
   1.3857587e+00
   1.3008306e+00
   8.7927374e-01
   2.2546511e-01
  -4.9570560e-01
  -1.1004121e+00
  -1.4329963e+00
  -1.4064383e+00
  -1.0255227e+00
  -3.8639216e-01
   3.4769183e-01
   9.8827533e-01
   1.3704728e+00
   1.3958020e+00
   1.0578210e+00
   4.4379955e-01
  -2.8801535e-01
  -9.4953742e-01
  -1.3715523e+00
  -1.4472469e+00
  -1.1592684e+00
  -5.8345296e-01
   1.3146694e-01
   8.0262389e-01
   1.2600105e+00
   1.3895468e+00
   1.1613102e+00
   6.3603270e-01
  -5.1366499e-02
  -7.2663102e-01
  -1.2203194e+00
  -1.4100798e+00
  -1.2505942e+00
  -7.8401624e-01
  -1.2865900e-01
   5.5096266e-01
   1.0851622e+00
   1.3410531e+00
   1.2552343e+00
   8.4929999e-01
   2.2446054e-01
  -4.6339941e-01
  -1.0421896e+00
  -1.3662785e+00
  -1.3529275e+00
  -1.0034646e+00
  -4.0376386e-01
   2.9640401e-01
   9.2036063e-01
   1.3088717e+00
   1.3608179e+00
   1.0597868e+00
   4.7949464e-01
  -2.3381680e-01
  -8.9798101e-01
  -1.3414389e+00
  -1.4478131e+00
  -1.1868474e+00
  -6.2334245e-01
   9.8657759e-02
   7.9267469e-01
   1.2781942e+00
   1.4280048e+00
   1.2019177e+00
   6.5779007e-01
  -6.3255315e-02
  -7.7364240e-01
  -1.2885007e+00
  -1.4741497e+00
  -1.2830547e+00
  -7.6602367e-01
  -5.8511368e-02
   6.5520300e-01
   1.1903621e+00
   1.4097835e+00
   1.2590376e+00
   7.7972761e-01
   9.7724603e-02
  -6.1020926e-01
  -1.1624340e+00
  -1.4190259e+00
  -1.3170050e+00
  -8.8541750e-01
  -2.3681691e-01
   4.6226637e-01
   1.0340464e+00
   1.3344465e+00
   1.2890308e+00
   9.1109050e-01
   2.9763678e-01
  -3.9544574e-01
  -9.9273669e-01
  -1.3432859e+00
  -1.3584013e+00
  -1.0339019e+00
  -4.5133095e-01
   2.4223702e-01
   8.7090701e-01
   1.2741895e+00
   1.3477703e+00
   1.0705480e+00
   5.1091375e-01
  -1.8966614e-01
  -8.5200246e-01
  -1.3047911e+00
  -1.4289550e+00
  -1.1892306e+00
  -6.4452309e-01
   6.6123185e-02
   7.5877044e-01
   1.2522094e+00
   1.4156213e+00
   1.2036506e+00
   6.6934299e-01
  -4.8859542e-02
  -7.6298077e-01
  -1.2849400e+00
  -1.4764630e+00
  -1.2860898e+00
  -7.6323803e-01
  -4.5395880e-02
   6.7823854e-01
   1.2169740e+00
   1.4292371e+00
   1.2600105e+00
   7.5511342e-01
   4.8614524e-02
  -6.7309247e-01
  -1.2207994e+00
  -1.4523014e+00
  -1.3093243e+00
  -8.3197470e-01
  -1.4721940e-01
   5.6519417e-01
   1.1201095e+00
   1.3750664e+00
   1.2666497e+00
   8.2589550e-01
   1.6916518e-01
  -5.3274064e-01
  -1.0989618e+00
  -1.3849347e+00
  -1.3189386e+00
  -9.1973719e-01
  -2.9111914e-01
   4.0502564e-01
   9.9012652e-01
   1.3143555e+00
   1.2946475e+00
   9.3580748e-01
   3.2941358e-01
  -3.6925928e-01
  -9.8059134e-01
  -1.3464289e+00
  -1.3708130e+00
  -1.0452128e+00
  -4.5160756e-01
   2.5771436e-01
   8.9883248e-01
   1.3036750e+00
   1.3641254e+00
   1.0611663e+00
   4.7110706e-01
  -2.5321389e-01
  -9.2178600e-01
  -1.3572947e+00
  -1.4424043e+00
  -1.1517524e+00
  -5.5979505e-01
   1.7801458e-01
   8.6604978e-01
   1.3206134e+00
   1.4193539e+00
   1.1345643e+00
   5.4116904e-01
  -2.0297332e-01
  -8.9927415e-01
  -1.3617598e+00
  -1.4670966e+00
  -1.1877082e+00
  -5.9901142e-01
   1.4112907e-01
   8.3505616e-01
   1.2984347e+00
   1.4094280e+00
   1.1407385e+00
   5.6608950e-01
  -1.6029351e-01
  -8.4537773e-01
  -1.3088054e+00
  -1.4303613e+00
  -1.1809396e+00
  -6.2912194e-01
   7.7952268e-02
   7.5398084e-01
   1.2225476e+00
   1.3629250e+00
   1.1408303e+00
   6.1644256e-01
  -7.2045585e-02
  -7.4478480e-01
  -1.2269907e+00
  -1.3939909e+00
  -1.2031310e+00
  -7.0450490e-01
  -2.7881746e-02
   6.5078417e-01
   1.1547224e+00
   1.3520463e+00
   1.1901033e+00
   7.0959819e-01
   3.4676508e-02
  -6.5873583e-01
  -1.1884231e+00
  -1.4135776e+00
  -1.2722932e+00
  -7.9884948e-01
  -1.1587091e-01
   5.9704119e-01
   1.1503301e+00
   1.3949262e+00
   1.2626739e+00
   7.8568335e-01
   8.8986453e-02
  -6.4200742e-01
  -1.2108717e+00
  -1.4631891e+00
  -1.3288390e+00
  -8.4182909e-01
  -1.3194312e-01
   6.0984367e-01
   1.1829617e+00
   1.4318315e+00
   1.2884493e+00
   7.9118783e-01
   7.4539129e-02
  -6.6745904e-01
  -1.2340888e+00
  -1.4725810e+00
  -1.3195152e+00
  -8.1769387e-01
  -1.0400348e-01
   6.2822840e-01
   1.1819104e+00
   1.4094280e+00
   1.2519942e+00
   7.5462507e-01
   5.3013743e-02
  -6.6377194e-01
  -1.2044048e+00
  -1.4263418e+00
  -1.2731890e+00
  -7.8868079e-01
  -1.0395395e-01
   5.9808994e-01
   1.1315899e+00
   1.3566932e+00
   1.2158762e+00
   7.4832230e-01
   7.8896510e-02
  -6.1513031e-01
  -1.1507625e+00
  -1.3871728e+00
  -1.2624134e+00
  -8.0950080e-01
  -1.4776061e-01
   5.4832485e-01
   1.0947411e+00
   1.3462546e+00
   1.2348592e+00
   7.8824300e-01
   1.2323582e-01
  -5.8434429e-01
  -1.1458184e+00
  -1.4097835e+00
  -1.3030051e+00
  -8.5099838e-01
  -1.7242263e-01
   5.5168734e-01
   1.1260209e+00
   1.3937172e+00
   1.2794666e+00
   8.1105156e-01
   1.1303978e-01
  -6.2612339e-01
  -1.2050127e+00
  -1.4643530e+00
  -1.3312032e+00
  -8.3980475e-01
  -1.2302005e-01
   6.2359360e-01
   1.1953541e+00
   1.4349111e+00
   1.2758881e+00
   7.6148295e-01
   3.2740842e-02
  -7.1031388e-01
  -1.2638993e+00
  -1.4766838e+00
  -1.2913567e+00
  -7.6006978e-01
  -2.9591622e-02
   6.9953158e-01
   1.2283307e+00
   1.4138916e+00
   1.2079725e+00
   6.6933139e-01
  -5.3295744e-02
  -7.6253794e-01
  -1.2664543e+00
  -1.4304505e+00
  -1.2130166e+00
  -6.7588143e-01
   3.3750812e-02
   7.2367770e-01
   1.2087045e+00
   1.3601251e+00
   1.1395479e+00
   6.0830836e-01
  -8.9703456e-02
  -7.6694358e-01
  -1.2423502e+00
  -1.3894093e+00
  -1.1695240e+00
  -6.4200742e-01
   5.1830880e-02
   7.2626104e-01
   1.2004858e+00
   1.3467954e+00
   1.1248218e+00
   5.9276215e-01
  -1.0757584e-01
  -7.8818003e-01
  -1.2649728e+00
  -1.4074418e+00
  -1.1744418e+00
  -6.2632299e-01
   9.0273426e-02
   7.8128859e-01
   1.2576205e+00
   1.3869325e+00
   1.1306809e+00
   5.5590790e-01
  -1.8190806e-01
  -8.8071089e-01
  -1.3472373e+00
  -1.4507130e+00
  -1.1598634e+00
  -5.5263902e-01
   2.0445892e-01
   9.0204793e-01
   1.3459952e+00
   1.4117850e+00
   1.0797716e+00
   4.4121723e-01
  -3.2679388e-01
  -1.0106654e+00
  -1.4200137e+00
  -1.4409870e+00
  -1.0681283e+00
  -4.0579479e-01
   3.6123019e-01
   1.0195856e+00
   1.3869788e+00
   1.3628429e+00
   9.5586280e-01
   2.8083858e-01
  -4.7396684e-01
  -1.0996057e+00
  -1.4244470e+00
  -1.3612403e+00
  -9.3034673e-01
  -2.5303501e-01
   4.8289548e-01
   1.0753227e+00
   1.3632726e+00
   1.2704459e+00
   8.2511556e-01
   1.5133822e-01
  -5.6572090e-01
  -1.1306098e+00
  -1.3906310e+00
  -1.2767996e+00
  -8.2185823e-01
  -1.5076340e-01
   5.5355184e-01
   1.0997865e+00
   1.3398957e+00
   1.2089298e+00
   7.4248331e-01
   6.7116071e-02
  -6.3370636e-01
  -1.1690926e+00
  -1.3924192e+00
  -1.2413570e+00
  -7.5535775e-01
  -6.5664698e-02
   6.3974557e-01
   1.1670721e+00
   1.3697871e+00
   1.1894311e+00
   6.7272348e-01
  -4.0108803e-02
  -7.5303902e-01
  -1.2679785e+00
  -1.4398771e+00
  -1.2178381e+00
  -6.6050054e-01
   7.9065139e-02
   7.9520793e-01
   1.2869206e+00
   1.4144991e+00
   1.1395777e+00
   5.3694191e-01
  -2.2560755e-01
  -9.3399649e-01
  -1.3881938e+00
  -1.4590254e+00
  -1.1252273e+00
  -4.7999514e-01
   2.9504007e-01
   9.8113618e-01
   1.3844858e+00
   1.3912670e+00
   9.9995000e-01
   3.2162395e-01
  -4.5171557e-01
  -1.1017943e+00
  -1.4459499e+00
  -1.3886301e+00
  -9.4791585e-01
  -2.4971439e-01
   5.0847161e-01
   1.1136716e+00
   1.3974205e+00
   1.2826320e+00
   8.0434067e-01
   9.8814737e-02
  -6.3550392e-01
  -1.1939427e+00
  -1.4226029e+00
  -1.2605666e+00
  -7.5581251e-01
  -5.0812483e-02
   6.5779007e-01
   1.1739641e+00
   1.3562974e+00
   1.1564352e+00
   6.3162296e-01
  -7.1780887e-02
  -7.5903610e-01
  -1.2406881e+00
  -1.3844766e+00
  -1.1513878e+00
  -6.0612960e-01
   1.0073288e-01
   7.7408508e-01
   1.2277804e+00
   1.3358205e+00
   1.0672361e+00
   4.9505987e-01
  -2.2323944e-01
  -8.8873074e-01
  -1.3158133e+00
  -1.3838532e+00
  -1.0713480e+00
  -4.6291442e-01
   2.7323056e-01
   9.3145481e-01
   1.3260042e+00
   1.3434983e+00
   9.7576682e-01
   3.2342680e-01
  -4.3130077e-01
  -1.0753227e+00
  -1.4248930e+00
  -1.3782828e+00
  -9.4571222e-01
  -2.4762256e-01
   5.1867181e-01
   1.1347865e+00
   1.4237295e+00
   1.3010728e+00
   7.9991922e-01
   6.2177200e-02
  -7.0163723e-01
  -1.2726743e+00
  -1.4867653e+00
  -1.2819187e+00
  -7.1644741e-01
   4.7634746e-02
   7.9121358e-01
   1.3011964e+00
   1.4318621e+00
   1.1466713e+00
   5.2847905e-01
  -2.4469773e-01
  -9.5120632e-01
  -1.3895611e+00
  -1.4360589e+00
  -1.0796747e+00
  -4.2440208e-01
   3.4133073e-01
   9.9908166e-01
   1.3628429e+00
   1.3316128e+00
   9.1724627e-01
   2.3998414e-01
  -5.0665275e-01
  -1.1112706e+00
  -1.4044022e+00
  -1.3058034e+00
  -8.4612665e-01
  -1.5723903e-01
   5.6569834e-01
   1.1194455e+00
   1.3495981e+00
   1.1933497e+00
   6.9637540e-01
  -5.9611189e-04
  -7.0154024e-01
  -1.2100240e+00
  -1.3839476e+00
  -1.1750052e+00
  -6.4200742e-01
   6.5567124e-02
   7.4922680e-01
   1.2168205e+00
   1.3362798e+00
   1.0728234e+00
   4.9918365e-01
  -2.2418219e-01
  -8.9362388e-01
  -1.3193473e+00
  -1.3791098e+00
  -1.0534168e+00
  -4.3205345e-01
   3.1028846e-01
   9.6281702e-01
   1.3383623e+00
   1.3271447e+00
   9.2911521e-01
   2.5525239e-01
  -5.0305139e-01
  -1.1281953e+00
  -1.4388727e+00
  -1.3428958e+00
  -8.6486410e-01
  -1.4026116e-01
   6.2277161e-01
   1.2032627e+00
   1.4316267e+00
   1.2395234e+00
   6.8058693e-01
  -8.4360439e-02
  -8.3360199e-01
  -1.3489919e+00
  -1.4797709e+00
  -1.1869520e+00
  -5.5510520e-01
   2.3207600e-01
   9.4535939e-01
   1.3770080e+00
   1.4015546e+00
   1.0124365e+00
   3.2373406e-01
  -4.6343554e-01
  -1.1199068e+00
  -1.4554339e+00
  -1.3739748e+00
  -9.0116995e-01
  -1.7616376e-01
   5.8957974e-01
   1.1741849e+00
   1.4097835e+00
   1.2306921e+00
   6.9153417e-01
  -4.9614040e-02
  -7.7777833e-01
  -1.2835487e+00
  -1.4232577e+00
  -1.1595998e+00
  -5.7128403e-01
   1.7064602e-01
   8.5262850e-01
   1.2799896e+00
   1.3323086e+00
   9.9707583e-01
   3.7234873e-01
  -3.6200332e-01
  -9.9599907e-01
  -1.3493617e+00
  -1.3224983e+00
  -9.2433898e-01
  -2.6934660e-01
   4.5528573e-01
   1.0428863e+00
   1.3259496e+00
   1.2236498e+00
   7.6484138e-01
   8.0035502e-02
  -6.3545689e-01
  -1.1769073e+00
  -1.3884970e+00
  -1.2080703e+00
  -6.8549849e-01
   3.0807240e-02
   7.3570084e-01
   1.2257807e+00
   1.3579779e+00
   1.0914197e+00
   5.0028561e-01
  -2.4646096e-01
  -9.3307240e-01
  -1.3592252e+00
  -1.3985471e+00
  -1.0363352e+00
  -3.7512023e-01
   3.9403955e-01
   1.0466203e+00
   1.3902345e+00
   1.3215823e+00
   8.5780923e-01
   1.3264233e-01
  -6.4200742e-01
  -1.2380114e+00
  -1.4784213e+00
  -1.2903055e+00
  -7.2713843e-01
   4.6223845e-02
   8.0182532e-01
   1.3159968e+00
   1.4358529e+00
   1.1250236e+00
   4.7484144e-01
  -3.2250550e-01
  -1.0309565e+00
  -1.4407328e+00
  -1.4307136e+00
  -1.0043914e+00
  -2.8867870e-01
   5.0402822e-01
   1.1391253e+00
   1.4294719e+00
   1.2906763e+00
   7.6561158e-01
   1.1049898e-02
  -7.4936951e-01
  -1.2916403e+00
  -1.4574999e+00
  -1.2005937e+00
  -5.9924001e-01
   1.6764012e-01
   8.7395388e-01
   1.3131948e+00
   1.3587776e+00
   1.0003384e+00
   3.4566567e-01
  -4.1188911e-01
  -1.0505968e+00
  -1.3851853e+00
  -1.3203906e+00
  -8.7781994e-01
  -1.8866082e-01
   5.4527085e-01
   1.1105478e+00
   1.3439858e+00
   1.1794911e+00
   6.6655495e-01
  -4.4687347e-02
  -7.4730016e-01
  -1.2375241e+00
  -1.3735911e+00
  -1.1165091e+00
  -5.4116904e-01
   1.8535805e-01
   8.5208555e-01
   1.2650875e+00
   1.3036793e+00
   9.5561541e-01
   3.2107029e-01
  -4.1592094e-01
  -1.0405213e+00
  -1.3694745e+00
  -1.3047911e+00
  -8.6304526e-01
  -1.7148601e-01
   5.6827991e-01
   1.1387977e+00
   1.3705873e+00
   1.1925864e+00
   6.5416709e-01
  -8.8175868e-02
  -8.1602688e-01
  -1.3131948e+00
  -1.4300072e+00
  -1.1286040e+00
  -4.9544057e-01
   2.8320510e-01
   9.7589929e-01
   1.3749007e+00
   1.3586863e+00
   9.2925363e-01
   2.1264661e-01
  -5.7788817e-01
  -1.2053990e+00
  -1.4804569e+00
  -1.3186259e+00
  -7.6663486e-01
   1.0949070e-02
   7.8080745e-01
   1.3110636e+00
   1.4413939e+00
   1.1317577e+00
   4.7484144e-01
  -3.3169789e-01
  -1.0448693e+00
  -1.4498063e+00
  -1.4247456e+00
  -9.7778453e-01
  -2.4427202e-01
   5.5432435e-01
   1.1775158e+00
   1.4384372e+00
   1.2600105e+00
   6.9770064e-01
  -7.7847063e-02
  -8.3280197e-01
  -1.3408518e+00
  -1.4511577e+00
  -1.1331141e+00
  -4.8464247e-01
   2.9814252e-01
   9.8042613e-01
   1.3592252e+00
   1.3237371e+00
   8.8758026e-01
   1.8361572e-01
  -5.7668806e-01
  -1.1668528e+00
  -1.4127940e+00
  -1.2439933e+00
  -7.1346841e-01
   1.9011205e-02
   7.3509598e-01
   1.2228664e+00
   1.3393547e+00
   1.0522087e+00
   4.4845309e-01
  -2.9192821e-01
  -9.4954926e-01
  -1.3304154e+00
  -1.3228996e+00
  -9.3026630e-01
  -2.6934660e-01
   4.6411443e-01
   1.0531983e+00
   1.3236983e+00
   1.1954379e+00
   7.0598584e-01
  -2.2461719e-04
  -7.1426411e-01
  -1.2242303e+00
  -1.3779196e+00
  -1.1281953e+00
  -5.4755576e-01
   1.9263782e-01
   8.7242664e-01
   1.2883862e+00
   1.3144285e+00
   9.4013024e-01
   2.7490064e-01
  -4.8366889e-01
  -1.1082434e+00
  -1.4097835e+00
  -1.2948578e+00
  -7.9481768e-01
  -5.7647322e-02
   6.9556202e-01
   1.2368122e+00
   1.4002929e+00
   1.1334029e+00
   5.1391696e-01
  -2.7238503e-01
  -9.8730564e-01
  -1.4124475e+00
  -1.4161432e+00
  -9.9450838e-01
  -2.7371849e-01
   5.2760867e-01
   1.1647618e+00
   1.4418619e+00
   1.2723524e+00
   7.0627241e-01
  -8.4360439e-02
  -8.5784706e-01
  -1.3768704e+00
  -1.4815635e+00
  -1.1389904e+00
  -4.5363745e-01
   3.6446847e-01
   1.0642797e+00
   1.4310026e+00
   1.3522521e+00
   8.5262850e-01
   8.6029083e-02
  -7.1189437e-01
  -1.2963914e+00
  -1.4888964e+00
  -1.2317049e+00
  -6.0525636e-01
   1.9714359e-01
   9.2916918e-01
   1.3672840e+00
   1.3791098e+00
   9.6340421e-01
   2.4958620e-01
  -5.4273170e-01
  -1.1714796e+00
  -1.4461766e+00
  -1.2856028e+00
  -7.4165188e-01
   1.7574684e-02
   7.5986986e-01
   1.2600105e+00
   1.3680421e+00
   1.0540762e+00
   4.1628453e-01
  -3.4993135e-01
  -1.0118565e+00
  -1.3700723e+00
  -1.3183605e+00
  -8.7497653e-01
  -1.7617534e-01
   5.6569834e-01
   1.1266463e+00
   1.3384586e+00
   1.1389303e+00
   5.8995049e-01
  -1.4172064e-01
  -8.3500190e-01
  -1.2810826e+00
  -1.3460776e+00
  -1.0110390e+00
  -3.7743754e-01
   3.6345163e-01
   9.8806357e-01
   1.3077513e+00
   1.2255810e+00
   7.6568760e-01
   6.6319660e-02
  -6.6147311e-01
  -1.1972559e+00
  -1.3777784e+00
  -1.1466713e+00
  -5.7216109e-01
   1.7280102e-01
   8.6231348e-01
   1.2858133e+00
   1.3123190e+00
   9.3105128e-01
   2.5579653e-01
  -5.0873866e-01
  -1.1287536e+00
  -1.4127753e+00
  -1.2708874e+00
  -7.4341136e-01
   1.0185053e-02
   7.5924982e-01
   1.2724480e+00
   1.3892888e+00
   1.0705325e+00
   4.1156821e-01
  -3.8586380e-01
  -1.0753227e+00
  -1.4418930e+00
  -1.3693838e+00
  -8.7741327e-01
  -1.1645266e-01
   6.7807134e-01
   1.2586604e+00
   1.4430327e+00
   1.1716086e+00
   5.2697224e-01
  -2.9111914e-01
  -1.0276657e+00
  -1.4520809e+00
  -1.4306242e+00
  -9.6876877e-01
  -2.1000161e-01
   6.0877248e-01
   1.2313517e+00
   1.4626340e+00
   1.2299744e+00
   6.0612960e-01
  -2.1350308e-01
  -9.7222228e-01
  -1.4326284e+00
  -1.4511074e+00
  -1.0227486e+00
  -2.8260481e-01
   5.3700703e-01
   1.1796162e+00
   1.4450380e+00
   1.2518435e+00
   6.6232659e-01
  -1.3767829e-01
  -8.9754831e-01
  -1.3805526e+00
  -1.4376956e+00
  -1.0536553e+00
  -3.5066492e-01
   4.5054414e-01
   1.1001980e+00
   1.3974205e+00
   1.2523093e+00
   7.1298062e-01
  -5.0491721e-02
  -7.9983860e-01
  -1.3030113e+00
  -1.4059870e+00
  -1.0797648e+00
  -4.2827462e-01
   3.4484778e-01
   9.9995000e-01
   1.3355807e+00
   1.2502772e+00
   7.7303636e-01
   5.3400480e-02
  -6.8542642e-01
  -1.2157199e+00
  -1.3752487e+00
  -1.1167029e+00
  -5.2156004e-01
   2.2560755e-01
   8.9427104e-01
   1.2788783e+00
   1.2618304e+00
   8.4929047e-01
   1.6898287e-01
  -5.6923402e-01
  -1.1378925e+00
  -1.3617779e+00
  -1.1717612e+00
  -6.2612339e-01
   1.0719292e-01
   8.0204705e-01
   1.2435940e+00
   1.2945470e+00
   9.3783811e-01
   2.8243367e-01
  -4.6970607e-01
  -1.0855983e+00
  -1.3732239e+00
  -1.2413570e+00
  -7.2861382e-01
   7.5695930e-03
   7.3899848e-01
   1.2372541e+00
   1.3449764e+00
   1.0256705e+00
   3.7623531e-01
  -4.0214045e-01
  -1.0660880e+00
  -1.4060834e+00
  -1.3126634e+00
  -8.1187370e-01
  -5.8395192e-02
   7.1200109e-01
   1.2561457e+00
   1.4003070e+00
   1.0958642e+00
   4.3590286e-01
  -3.7299666e-01
  -1.0753227e+00
  -1.4474062e+00
  -1.3688466e+00
  -8.6170796e-01
  -8.4643780e-02
   7.1662459e-01
   1.2870570e+00
   1.4436527e+00
   1.1343965e+00
   4.5572163e-01
  -3.7743754e-01
  -1.0997459e+00
  -1.4801305e+00
  -1.3959300e+00
  -8.7265372e-01
  -7.6389672e-02
   7.3893125e-01
   1.3126595e+00
   1.4609673e+00
   1.1359506e+00
   4.4121723e-01
  -4.0114914e-01
  -1.1217092e+00
  -1.4900464e+00
  -1.3886373e+00
  -8.5046247e-01
  -4.8280952e-02
   7.6093977e-01
   1.3185179e+00
   1.4469245e+00
   1.1064124e+00
   4.0730590e-01
  -4.2583946e-01
  -1.1265250e+00
  -1.4717107e+00
  -1.3529030e+00
  -8.1023962e-01
  -1.8870173e-02
   7.6771849e-01
   1.2990379e+00
   1.4074418e+00
   1.0609994e+00
   3.7273534e-01
  -4.3636798e-01
  -1.1084439e+00
  -1.4309831e+00
  -1.3039917e+00
  -7.7085716e-01
  -3.4506466e-03
   7.5338857e-01
   1.2600105e+00
   1.3577872e+00
   1.0186454e+00
   3.5288793e-01
  -4.2677321e-01
  -1.0732044e+00
  -1.3831171e+00
  -1.2608515e+00
  -7.4772387e-01
  -8.0060608e-03
   7.2367770e-01
   1.2166851e+00
   1.3169006e+00
   9.9473611e-01
   3.5370787e-01
  -4.0282792e-01
  -1.0360863e+00
  -1.3470464e+00
  -1.2388142e+00
  -7.4668903e-01
  -2.6654386e-02
   6.9395021e-01
   1.1880182e+00
   1.3000546e+00
   9.9498789e-01
   3.6914394e-01
  -3.8004541e-01
  -1.0161184e+00
  -1.3380039e+00
  -1.2434462e+00
  -7.6148295e-01
  -4.3665760e-02
   6.8337338e-01
   1.1892482e+00
   1.3126759e+00
   1.0128841e+00
   3.8319090e-01
  -3.7780304e-01
  -1.0286071e+00
  -1.3613106e+00
  -1.2679785e+00
  -7.7578040e-01
  -3.9381759e-02
   7.0739785e-01
   1.2256487e+00
   1.3477651e+00
   1.0317585e+00
   3.7585058e-01
  -4.1177433e-01
  -1.0788527e+00
  -1.4097835e+00
  -1.2954069e+00
  -7.6920161e-01
   2.1691224e-03
   7.7143670e-01
   1.2899229e+00
   1.3880128e+00
   1.0308336e+00
   3.3079356e-01
  -4.8757058e-01
  -1.1595294e+00
  -1.4658641e+00
  -1.3045664e+00
  -7.2501831e-01
   8.6876413e-02
   8.6822956e-01
   1.3643434e+00
   1.4119059e+00
   9.9296893e-01
   2.4178912e-01
  -5.9808994e-01
  -1.2528343e+00
  -1.5077556e+00
  -1.2779177e+00
  -6.3661586e-01
   2.0788327e-01
   9.8000176e-01
   1.4269178e+00
   1.4015508e+00
   9.1115213e-01
   1.1538078e-01
  -7.2568747e-01
  -1.3366818e+00
  -1.5172800e+00
  -1.2080647e+00
  -5.1017711e-01
   3.4776926e-01
   1.0846870e+00
   1.4592783e+00
   1.3492143e+00
   7.9118783e-01
  -3.1311830e-02
  -8.4842709e-01
  -1.3926239e+00
  -1.4864390e+00
  -1.1004448e+00
  -3.6246547e-01
   4.8483352e-01
   1.1638789e+00
   1.4532609e+00
   1.2600105e+00
   6.4945793e-01
  -1.7691026e-01
  -9.4806484e-01
  -1.4124464e+00
  -1.4200958e+00
  -9.7106184e-01
  -2.1446980e-01
   6.0111172e-01
   1.2094424e+00
   1.4135776e+00
   1.1496034e+00
   5.0652447e-01
  -3.0383061e-01
  -1.0166767e+00
  -1.4008293e+00
  -1.3336408e+00
  -8.4004249e-01
  -8.3311160e-02
   6.8902122e-01
   1.2261618e+00
   1.3554432e+00
   1.0377107e+00
   3.7899217e-01
  -4.0494798e-01
  -1.0592925e+00
  -1.3729305e+00
  -1.2464396e+00
  -7.2344950e-01
   2.4444059e-02
   7.5398084e-01
   1.2292783e+00
   1.2979614e+00
   9.3986350e-01
   2.7279533e-01
  -4.8620362e-01
  -1.0913851e+00
  -1.3477061e+00
  -1.1735327e+00
  -6.2653786e-01
   1.1538078e-01
   8.1185173e-01
   1.2377401e+00
   1.2557586e+00
   8.6062581e-01
   1.8060863e-01
  -5.6399665e-01
  -1.1320479e+00
  -1.3394733e+00
  -1.1188129e+00
  -5.4116904e-01
   2.0657861e-01
   8.8203793e-01
   1.2656891e+00
   1.2321146e+00
   7.9100776e-01
   8.4550151e-02
  -6.5820688e-01
  -1.1954004e+00
  -1.3509869e+00
  -1.0724321e+00
  -4.4855740e-01
   3.1855643e-01
   9.7880792e-01
   1.3154779e+00
   1.2163557e+00
   7.1125134e-01
  -3.6685514e-02
  -7.8342856e-01
  -1.2835391e+00
  -1.3708130e+00
  -1.0136211e+00
  -3.2647925e-01
   4.6641634e-01
   1.1041746e+00
   1.3750175e+00
   1.1867034e+00
   5.9811236e-01
  -1.9888049e-01
  -9.4177495e-01
  -1.3838532e+00
  -1.3762004e+00
  -9.1804054e-01
  -1.5830989e-01
   6.5256916e-01
   1.2451713e+00
   1.4206630e+00
   1.1176886e+00
   4.3398607e-01
  -4.0493761e-01
  -1.1201095e+00
  -1.4719175e+00
  -1.3405510e+00
  -7.6699168e-01
   5.9537827e-02
   8.6391554e-01
   1.3767456e+00
   1.4247343e+00
   9.8944291e-01
   2.1442777e-01
  -6.4200742e-01
  -1.2929320e+00
  -1.5190545e+00
  -1.2427857e+00
  -5.5501680e-01
   3.1468374e-01
   1.0747183e+00
   1.4693538e+00
   1.3649486e+00
   7.9537516e-01
  -4.8859542e-02
  -8.8434086e-01
  -1.4299980e+00
  -1.5018254e+00
  -1.0750913e+00
  -2.9294417e-01
   5.8160871e-01
   1.2542375e+00
   1.4985006e+00
   1.2322301e+00
   5.4527085e-01
  -3.3082608e-01
  -1.1009320e+00
  -1.5058962e+00
  -1.4098932e+00
  -8.4606951e-01
  -5.1156921e-03
   8.2929831e-01
   1.3763361e+00
   1.4526460e+00
   1.0339019e+00
   2.6254744e-01
  -6.0071432e-01
  -1.2651416e+00
  -1.5079877e+00
  -1.2492491e+00
  -5.7801685e-01
   2.7824372e-01
   1.0308744e+00
   1.4274383e+00
   1.3364542e+00
   7.9098488e-01
  -2.3366044e-02
  -8.3168974e-01
  -1.3626618e+00
  -1.4396646e+00
  -1.0395209e+00
  -2.9931344e-01
   5.3064901e-01
   1.1715531e+00
   1.4097835e+00
   1.1681016e+00
   5.3059195e-01
  -2.8663885e-01
  -1.0087802e+00
  -1.3947502e+00
  -1.3176442e+00
  -8.0636723e-01
  -3.4829084e-02
   7.3726423e-01
   1.2518435e+00
   1.3386925e+00
   9.7166100e-01
   2.7635019e-01
  -5.1290794e-01
  -1.1320222e+00
  -1.3754494e+00
  -1.1643312e+00
  -5.7191230e-01
   2.0189898e-01
   8.9798101e-01
   1.2847018e+00
   1.2348905e+00
   7.6754277e-01
   4.0630583e-02
  -7.0227399e-01
  -1.2135303e+00
  -1.3238550e+00
  -9.9825414e-01
  -3.4702909e-01
   4.1156671e-01
   1.0243833e+00
   1.2877229e+00
   1.1149275e+00
   5.6482965e-01
  -1.7824640e-01
  -8.6614146e-01
  -1.2695908e+00
  -1.2545007e+00
  -8.2644740e-01
  -1.2865900e-01
   6.0579968e-01
   1.1317188e+00
   1.2734718e+00
   9.8359601e-01
   3.5871490e-01
  -3.9254643e-01
  -1.0190436e+00
  -1.3109150e+00
  -1.1697994e+00
  -6.4200742e-01
   9.6548152e-02
   7.9880760e-01
   1.2290495e+00
   1.2419289e+00
   8.3160245e-01
   1.3432965e-01
  -6.1658172e-01
  -1.1686628e+00
  -1.3350677e+00
  -1.0578210e+00
  -4.2811585e-01
   3.4347841e-01
   9.9724578e-01
   1.3116380e+00
   1.1783619e+00
   6.3979002e-01
  -1.2426526e-01
  -8.5638448e-01
  -1.3081465e+00
  -1.3244153e+00
  -8.9671363e-01
  -1.6728383e-01
   6.1801071e-01
   1.1924300e+00
   1.3589495e+00
   1.0579395e+00
   3.8864813e-01
  -4.2329265e-01
  -1.1017881e+00
  -1.4141359e+00
  -1.2509208e+00
  -6.6448696e-01
   1.4759243e-01
   9.0893077e-01
   1.3583617e+00
   1.3396113e+00
   8.5579152e-01
   6.9659067e-02
  -7.5097190e-01
  -1.3244153e+00
  -1.4518685e+00
  -1.0864779e+00
  -3.5066781e-01
   5.0471093e-01
   1.1858461e+00
   1.4569466e+00
   1.2220127e+00
   5.5898714e-01
  -3.0591654e-01
  -1.0753227e+00
  -1.4829805e+00
  -1.3860295e+00
  -8.1521990e-01
   3.4621584e-02
   8.7101759e-01
   1.4045361e+00
   1.4490759e+00
   9.8694709e-01
   1.7593043e-01
  -7.0450490e-01
  -1.3495231e+00
  -1.5345746e+00
  -1.1937208e+00
  -4.4325196e-01
   4.5790305e-01
   1.1975307e+00
   1.5184082e+00
   1.3079131e+00
   6.3769426e-01
  -2.6061868e-01
  -1.0754656e+00
  -1.5234993e+00
  -1.4482498e+00
  -8.7490255e-01
  -1.9637960e-03
   8.6746693e-01
   1.4310213e+00
   1.4923548e+00
   1.0296929e+00
   2.0365182e-01
  -6.9850253e-01
  -1.3628171e+00
  -1.5580229e+00
  -1.2161699e+00
  -4.5636322e-01
   4.5672028e-01
   1.2050932e+00
   1.5283123e+00
   1.3142411e+00
   6.3804582e-01
  -2.6416706e-01
  -1.0778318e+00
  -1.5196915e+00
  -1.4365114e+00
  -8.5829621e-01
   1.2499709e-02
   8.7190106e-01
   1.4206134e+00
   1.4683611e+00
   9.9995000e-01
   1.8009167e-01
  -7.0453633e-01
  -1.3456002e+00
  -1.5206620e+00
  -1.1704237e+00
  -4.1881603e-01
   4.7087710e-01
   1.1883146e+00
   1.4844355e+00
   1.2579874e+00
   5.9016260e-01
  -2.8450743e-01
  -1.0605634e+00
  -1.4683538e+00
  -1.3677736e+00
  -7.9640000e-01
   4.4512797e-02
   8.6097085e-01
   1.3690881e+00
   1.3938423e+00
   9.2936976e-01
   1.4002877e-01
  -6.9778666e-01
  -1.2924677e+00
  -1.4387114e+00
  -1.0883863e+00
  -3.6628430e-01
   4.7436193e-01
   1.1407285e+00
   1.4024282e+00
   1.1711586e+00
   5.3044100e-01
  -2.9454001e-01
  -1.0160994e+00
  -1.3843754e+00
  -1.2738244e+00
  -7.2595136e-01
   6.6240711e-02
   8.2626935e-01
   1.2906763e+00
   1.3003320e+00
   8.5490976e-01
   1.1190589e-01
  -6.6905290e-01
  -1.2169143e+00
  -1.3432299e+00
  -1.0069051e+00
  -3.2744673e-01
   4.5751415e-01
   1.0753227e+00
   1.3129673e+00
   1.0904636e+00
   4.8769945e-01
  -2.8423217e-01
  -9.5692750e-01
  -1.2979316e+00
  -1.1909817e+00
  -6.7556290e-01
   6.7650262e-02
   7.8010606e-01
   1.2152655e+00
   1.2238422e+00
   8.0495256e-01
   1.0568148e-01
  -6.3051833e-01
  -1.1485016e+00
  -1.2697572e+00
  -9.5384331e-01
  -3.1181937e-01
   4.3276680e-01
   1.0216449e+00
   1.2513188e+00
   1.0433188e+00
   4.7098895e-01
  -2.6632162e-01
  -9.1259475e-01
  -1.2439244e+00
  -1.1459960e+00
  -6.5348728e-01
   6.2177200e-02
   7.5240740e-01
   1.1776931e+00
   1.1906345e+00
   7.8700992e-01
   1.0720142e-01
  -6.1251742e-01
  -1.1219662e+00
  -1.2439138e+00
  -9.3568993e-01
  -3.0414852e-01
   4.3127966e-01
   1.0147092e+00
   1.2427399e+00
   1.0353422e+00
   4.6399913e-01
  -2.7280391e-01
  -9.1838186e-01
  -1.2471483e+00
  -1.1433869e+00
  -6.4200742e-01
   8.3079856e-02
   7.7915328e-01
   1.2026557e+00
   1.2043788e+00
   7.8208245e-01
   8.1980588e-02
  -6.5171467e-01
  -1.1618383e+00
  -1.2683400e+00
  -9.3185235e-01
  -2.6830499e-01
   4.9086467e-01
   1.0793123e+00
   1.2891805e+00
   1.0445619e+00
   4.2905978e-01
  -3.4259308e-01
  -9.9929042e-01
  -1.3087148e+00
  -1.1595294e+00
  -6.0151527e-01
   1.7084937e-01
   8.8603204e-01
   1.2908430e+00
   1.2401007e+00
   7.4880667e-01
  -1.1951717e-02
  -7.7440575e-01
  -1.2682508e+00
  -1.3164657e+00
  -8.9883740e-01
  -1.6036321e-01
   6.3894001e-01
   1.2155116e+00
   1.3628612e+00
   1.0256220e+00
   3.2045522e-01
  -5.0411200e-01
  -1.1551585e+00
  -1.3994020e+00
  -1.1468482e+00
  -4.8403417e-01
   3.5545013e-01
   1.0731954e+00
   1.4120528e+00
   1.2483560e+00
   6.3718601e-01
  -2.0592881e-01
  -9.8088521e-01
  -1.4097835e+00
  -1.3366287e+00
  -7.8416050e-01
   5.2931696e-02
   8.7651752e-01
   1.3911966e+00
   1.4103333e+00
   9.2387122e-01
   1.0324806e-01
  -7.5887511e-01
  -1.3529275e+00
  -1.4636194e+00
  -1.0480535e+00
  -2.5237612e-01
   6.3950990e-01
   1.3072233e+00
   1.5090599e+00
   1.1696195e+00
   4.0809488e-01
  -5.0342021e-01
  -1.2370764e+00
  -1.5272011e+00
  -1.2665820e+00
  -5.4617069e-01
   3.7653698e-01
   1.1695062e+00
   1.5457016e+00
   1.3671120e+00
   6.9552508e-01
  -2.2866835e-01
  -1.0724321e+00
  -1.5300906e+00
  -1.4341324e+00
  -8.1661183e-01
   1.0139920e-01
   9.8891558e-01
   1.5244180e+00
   1.5124442e+00
   9.5508208e-01
   5.2171782e-02
  -8.7024424e-01
  -1.4776337e+00
  -1.5483474e+00
  -1.0545883e+00
  -1.7335625e-01
   7.7695643e-01
   1.4516332e+00
   1.6047800e+00
   1.1790897e+00
   3.2741408e-01
  -6.4200742e-01
  -1.3770671e+00
  -1.6097104e+00
  -1.2537617e+00
  -4.3691348e-01
   5.4503253e-01
   1.3353049e+00
   1.6458814e+00
   1.3626013e+00
   5.8727189e-01
  -3.9879758e-01
  -1.2368072e+00
  -1.6210351e+00
  -1.4104316e+00
  -6.8046738e-01
   3.0386041e-01
   1.1842437e+00
   1.6395739e+00
   1.5031947e+00
   8.2404740e-01
  -1.5076340e-01
  -1.0658072e+00
  -1.5869173e+00
  -1.5232710e+00
  -8.9732896e-01
   6.3039122e-02
   1.0075161e+00
   1.5911956e+00
   1.6006603e+00
   1.0321619e+00
   9.3228213e-02
  -8.7300969e-01
  -1.5131902e+00
  -1.5929765e+00
  -1.0828876e+00
  -1.6923020e-01
   8.1395170e-01
   1.5070702e+00
   1.6566246e+00
   1.2080598e+00
   3.2580356e-01
  -6.6690947e-01
  -1.4064203e+00
  -1.6218743e+00
  -1.2344642e+00
  -3.8629012e-01
   6.1176313e-01
   1.3940311e+00
   1.6741491e+00
   1.3500208e+00
   5.4116904e-01
  -4.5522808e-01
  -1.2734632e+00
  -1.6135169e+00
  -1.3510886e+00
  -5.8305904e-01
   4.0827595e-01
   1.2590148e+00
   1.6573327e+00
   1.4579115e+00
   7.3509598e-01
  -2.4469607e-01
  -1.1210948e+00
  -1.5722958e+00
  -1.4332312e+00
  -7.5597317e-01
   2.0976147e-01
   1.1087320e+00
   1.6109416e+00
   1.5329052e+00
   9.0482725e-01
  -4.0930956e-02
  -9.5572169e-01
  -1.5030911e+00
  -1.4825151e+00
  -9.0286189e-01
   2.1358167e-02
   9.4941903e-01
   1.5400821e+00
   1.5771937e+00
   1.0489288e+00
   1.5160350e-01
  -7.8317002e-01
  -1.4109674e+00
  -1.5014300e+00
  -1.0227788e+00
  -1.5293348e-01
   7.8666461e-01
   1.4499243e+00
   1.5937088e+00
   1.1671072e+00
   3.2957296e-01
  -6.0854657e-01
  -1.3009249e+00
  -1.4930630e+00
  -1.1158083e+00
  -3.1019933e-01
   6.2530468e-01
   1.3454821e+00
   1.5858668e+00
   1.2600105e+00
   4.9069947e-01
  -4.3616312e-01
  -1.1777051e+00
  -1.4608568e+00
  -1.1828628e+00
  -4.4851894e-01
   4.6937562e-01
   1.2314463e+00
   1.5573447e+00
   1.3290284e+00
   6.3365487e-01
  -2.6951350e-01
  -1.0456495e+00
  -1.4084031e+00
  -1.2254854e+00
  -5.6684628e-01
   3.2211459e-01
   1.1120696e+00
   1.5118928e+00
   1.3761003e+00
   7.5793398e-01
  -1.1129239e-01
  -9.0860593e-01
  -1.3392724e+00
  -1.2456649e+00
  -6.6487624e-01
   1.8599611e-01
   9.9109502e-01
   1.4531846e+00
   1.4035418e+00
   8.6371899e-01
   3.6554949e-02
  -7.6987706e-01
  -1.2568813e+00
  -1.2456710e+00
  -7.4290697e-01
   6.2794515e-02
   8.7172390e-01
   1.3847021e+00
   1.4138916e+00
   9.5174373e-01
   1.7276176e-01
  -6.3220237e-01
  -1.1643944e+00
  -1.2279130e+00
  -8.0170586e-01
  -4.6336872e-02
   7.5661304e-01
   1.3096559e+00
   1.4097835e+00
   1.0231646e+00
   2.9665608e-01
  -4.9776790e-01
  -1.0646583e+00
  -1.1948227e+00
  -8.4238490e-01
  -1.4077762e-01
   6.4789609e-01
   1.2309331e+00
   1.3938423e+00
   1.0794427e+00
   4.0807138e-01
  -3.6823585e-01
  -9.6016204e-01
  -1.1487620e+00
  -8.6628891e-01
  -2.2034952e-01
   5.4722155e-01
   1.1510710e+00
   1.3686033e+00
   1.1222401e+00
   5.0725679e-01
  -2.4478848e-01
  -8.5302068e-01
  -1.0919531e+00
  -8.7489901e-01
  -2.8522808e-01
   4.5580181e-01
   1.0722499e+00
   1.3364542e+00
   1.1533309e+00
   5.9479135e-01
  -1.2818067e-01
  -7.4497679e-01
  -1.0264298e+00
  -8.6975200e-01
  -3.3585992e-01
   3.7446827e-01
   9.9630168e-01
   1.2995941e+00
   1.1745289e+00
   6.7150478e-01
  -1.8796945e-02
  -6.3741548e-01
  -9.5400628e-01
  -8.5237553e-01
  -3.7288824e-01
   3.0372854e-01
   9.2472979e-01
   1.2600105e+00
   1.1876290e+00
   7.3840662e-01
   8.3290454e-02
  -5.3138943e-01
  -8.7626118e-01
  -8.2423815e-01
  -3.9708782e-01
   2.4382258e-01
   8.5873628e-01
   1.2194677e+00
   1.1943627e+00
   7.9662465e-01
   1.7826508e-01
  -4.2765054e-01
  -7.9453399e-01
  -7.8671301e-01
  -4.0931027e-01
   1.9477548e-01
   7.9925335e-01
   1.1795061e+00
   1.1963656e+00
   8.4735250e-01
   2.6651299e-01
  -3.2668545e-01
  -7.0993119e-01
  -7.4105360e-01
  -4.1043941e-01
   1.5644535e-01
   7.4697658e-01
   1.1414486e+00
   1.1951545e+00
   8.9180620e-01
   3.4857390e-01
  -2.2875293e-01
  -6.2333965e-01
  -6.8837986e-01
  -4.0135649e-01
   1.2856506e-01
   7.0239781e-01
   1.1064124e+00
   1.1921135e+00
   9.3118890e-01
   4.2509717e-01
  -1.3392148e-01
  -5.3544555e-01
  -6.2967304e-01
  -3.8291463e-01
   1.1077759e-01
   6.6583604e-01
   1.0753227e+00
   1.1884855e+00
   9.6666256e-01
   4.9680277e-01
  -4.2106093e-02
  -4.4675705e-01
  -5.6577786e-01
  -3.5592151e-01
   1.0266449e-01
   6.3746518e-01
   1.0489288e+00
   1.1853689e+00
   9.9932568e-01
   5.6444707e-01
   4.6896541e-02
  -3.5762942e-01
  -4.9741055e-01
  -3.2112967e-01
   1.0376770e-01
   6.1733787e-01
   1.0278195e+00
   1.1837172e+00
   1.0301957e+00
   6.2879283e-01
   1.3337469e-01
  -2.6829179e-01
  -4.2517163e-01
  -2.7923330e-01
   1.1360486e-01
   6.0540483e-01
   1.0124365e+00
   1.1843404e+00
   1.0601952e+00
   6.9058292e-01
   2.1767020e-01
  -1.7887473e-01
  -3.4956256e-01
  -2.3087088e-01
   1.3167848e-01
   6.0152942e-01
   1.0030865e+00
   1.1879065e+00
   1.0901398e+00
   7.5051691e-01
   3.0014899e-01
  -8.9438247e-02
  -2.7100534e-01
  -1.7663287e-01
   1.5747944e-01
   6.0549731e-01
   9.9995000e-01
   1.1949428e+00
   1.1207289e+00
   8.0923002e-01
   3.8117314e-01
   0.0000000e+00
  -1.8986459e-01
  -1.1707367e-01
   1.9048512e-01
   6.1702125e-01
   1.0030865e+00
   1.2058360e+00
   1.1525354e+00
   8.6727344e-01
   4.6107424e-01
   8.9436481e-02
  -1.0647163e-01
  -5.2727391e-02
   2.3015289e-01
   6.3574118e-01
   1.0124365e+00
   1.2208302e+00
   1.1859964e+00
   9.2509566e-01
   5.4012770e-01
   1.7885354e-01
  -2.1150028e-02
   1.5873112e-02
   2.7590918e-01
   6.6121986e-01
   1.0278195e+00
   1.2400226e+00
   1.2214025e+00
   9.8302417e-01
   6.1852771e-01
   2.6819117e-01
   6.5757422e-02
   8.8174605e-02
   3.2713480e-01
   6.9293436e-01
   1.0489288e+00
   1.2633574e+00
   1.2588865e+00
   1.0412470e+00
   6.9636259e-01
   3.5731880e-01
   1.5386092e-01
   1.6357959e-01
   3.8314711e-01
   7.3026393e-01
   1.0753227e+00
   1.2906160e+00
   1.2984110e+00
   1.0997945e+00
   7.7359051e-01
   4.4600730e-01
   2.4269524e-01
   2.4142082e-01
   4.4317957e-01
   7.7247484e-01
   1.1064124e+00
   1.3214067e+00
   1.3397535e+00
   1.1585201e+00
   8.5001555e-01
   5.3390140e-01
   3.3169120e-01
   3.2093489e-01
   5.0635953e-01
   8.1870293e-01
   1.1414486e+00
   1.3551510e+00
   1.3824928e+00
   1.2170822e+00
   9.2526452e-01
   6.2049294e-01
   4.2014775e-01
   4.0123569e-01
   5.7168524e-01
   8.6793481e-01
   1.1795061e+00
   1.3910700e+00
   1.4259934e+00
   1.2749257e+00
   9.9876509e-01
   7.0509575e-01
   5.0720529e-01
   4.8128871e-01
   6.3800301e-01
   9.1898894e-01
   1.2194677e+00
   1.4281708e+00
   1.4693914e+00
   1.3312661e+00
   1.0697260e+00
   7.8682293e-01
   5.9182167e-01
   5.5988751e-01
   7.0398615e-01
   9.7049795e-01
   1.2600105e+00
   1.4652339e+00
   1.5115823e+00
   1.3850748e+00
   1.1371206e+00
   8.6456804e-01
   6.7275182e-01
   6.3563386e-01
   7.6811715e-01
   1.0208940e+00
   1.2995941e+00
   1.5008039e+00
   1.5512127e+00
   1.4350707e+00
   1.1996757e+00
   9.3699155e-01
   7.4853319e-01
   7.0692338e-01
   8.2867523e-01
   1.0683992e+00
   1.3364542e+00
   1.5331856e+00
   1.5866769e+00
   1.4797160e+00
   1.2558667e+00
   1.0025148e+00
   8.1747874e-01
   7.7193889e-01
   8.8373136e-01
   1.1110234e+00
   1.3686033e+00
   1.5604476e+00
   1.6161225e+00
   1.5172222e+00
   1.3039224e+00
   1.0593237e+00
   8.7767997e-01
   8.2865391e-01
   9.3115348e-01
   1.1465723e+00
   1.3938423e+00
   1.5804360e+00
   1.6374655e+00
   1.5455661e+00
   1.3418412e+00
   1.1053845e+00
   9.2702266e-01
   8.7484908e-01
   9.6862468e-01
   1.1726678e+00
   1.4097835e+00
   1.5908011e+00
   1.6484200e+00
   1.5625209e+00
   1.3674225e+00
   1.1384748e+00
   9.6321813e-01
   9.0814428e-01
   9.9367714e-01
   1.1867853e+00
   1.4138916e+00
   1.5890409e+00
   1.6465438e+00
   1.5657030e+00
   1.3783147e+00
   1.1562328e+00
   9.8385289e-01
   9.2604945e-01
   1.0037449e+00
   1.1863088e+00
   1.4035418e+00
   1.5725630e+00
   1.6293030e+00
   1.5526395e+00
   1.3720839e+00
   1.1562267e+00
   9.8645918e-01
   9.2603661e-01
   9.9623827e-01
   1.1686082e+00
   1.3761003e+00
   1.5387684e+00
   1.5941594e+00
   1.5208577e+00
   1.3463054e+00
   1.1360472e+00
   9.6860890e-01
   9.0563538e-01
   9.6864107e-01
   1.1311397e+00
   1.3290284e+00
   1.4851586e+00
   1.5386803e+00
   1.4679976e+00
   1.2986783e+00
   1.0934246e+00
   9.2803197e-01
   8.6255314e-01
   9.1863348e-01
   1.0715713e+00
   1.2600105e+00
   1.4094678e+00
   1.4606743e+00
   1.3919502e+00
   1.2271659e+00
   1.0263700e+00
   8.6275952e-01
   7.9481985e-01
   8.4423881e-01
   9.8793169e-01
   1.1671072e+00
   1.3098180e+00
   1.3583490e+00
   1.2910183e+00
   1.1301582e+00
   9.3334059e-01
   7.7129005e-01
   7.0095586e-01
   7.4399305e-01
   8.7878273e-01
   1.0489288e+00
   1.1848962e+00
   1.2304907e+00
   1.1640979e+00
   1.0066561e+00
   8.1342364e-01
   6.5277509e-01
   5.8015847e-01
   6.1713275e-01
   7.4340839e-01
   9.0482725e-01
   1.0341476e+00
   1.0766596e+00
   1.0108749e+00
   8.5646766e-01
   6.6653493e-01
   5.0721751e-01
   4.3250060e-01
   4.6379402e-01
   5.8201450e-01
   7.3509598e-01
   8.5797649e-01
   8.9739151e-01
   8.3202747e-01
   6.8041174e-01
   4.9362080e-01
   3.3567308e-01
   2.5913149e-01
   2.8521249e-01
   3.9592805e-01
   5.4116904e-01
   6.5794502e-01
   6.9439568e-01
   6.2942281e-01
   4.8051278e-01
   2.9685187e-01
   1.4044204e-01
   6.2465949e-02
   8.3910219e-02
   1.8778191e-01
   3.2580356e-01
   4.3695337e-01
   4.7073295e-01
   4.0629274e-01
   2.6017346e-01
   7.9791954e-02
  -7.4765841e-02
  -1.5365459e-01
  -1.3614744e-01
  -3.8332582e-02
   9.3228213e-02
   1.9938407e-01
   2.3095555e-01
   1.6736880e-01
   2.4304800e-02
  -1.5247737e-01
  -3.0471258e-01
  -3.8384966e-01
  -3.6944571e-01
  -2.7676579e-01
  -1.5076340e-01
  -4.8811094e-02
  -1.8812609e-02
  -8.1044476e-02
  -2.2060802e-01
  -3.9329866e-01
  -5.4258210e-01
  -6.2115828e-01
  -6.0888767e-01
  -5.2028584e-01
  -3.9879758e-01
  -3.0010485e-01
  -2.7087881e-01
  -3.3108175e-01
  -4.6652759e-01
  -6.3447078e-01
  -7.8002293e-01
  -8.5709254e-01
  -8.4585875e-01
  -7.6015424e-01
  -6.4200742e-01
  -5.4549260e-01
  -5.1609115e-01
  -5.7343824e-01
  -7.0399767e-01
  -8.6639468e-01
  -1.0073068e+00
  -1.0818092e+00
  -1.0704116e+00
  -9.8632409e-01
  -8.7024424e-01
  -7.7471726e-01
  -7.4407691e-01
  -7.9762186e-01
  -9.2240932e-01
  -1.0783538e+00
  -1.2136234e+00
  -1.2844194e+00
  -1.2715907e+00
  -1.1877795e+00
  -1.0724321e+00
  -9.7663873e-01
  -9.4362698e-01
  -9.9235267e-01
  -1.1104156e+00
  -1.2589444e+00
  -1.3875267e+00
  -1.4534503e+00
  -1.4379097e+00
  -1.3530289e+00
  -1.2370764e+00
  -1.1397581e+00
  -1.1032356e+00
  -1.1461181e+00
  -1.2565024e+00
  -1.3966615e+00
  -1.5175362e+00
  -1.5774623e+00
  -1.5579842e+00
  -1.4707528e+00
  -1.3529275e+00
  -1.2528958e+00
  -1.2117929e+00
  -1.2478800e+00
  -1.3497096e+00
  -1.4806349e+00
  -1.5928870e+00
  -1.6458127e+00
  -1.6213092e+00
  -1.5305947e+00
  -1.4097835e+00
  -1.3060073e+00
  -1.2594133e+00
  -1.2879147e+00
  -1.3804827e+00
  -1.5014911e+00
  -1.6044025e+00
  -1.6495393e+00
  -1.6191519e+00
  -1.5240633e+00
  -1.3994020e+00
  -1.2911028e+00
  -1.2383620e+00
  -1.2587463e+00
  -1.3416124e+00
  -1.4522994e+00
  -1.5454463e+00
  -1.5823160e+00
  -1.5455121e+00
  -1.4454962e+00
  -1.3164657e+00
  -1.2032145e+00
  -1.1440235e+00
  -1.1561159e+00
  -1.2292032e+00
  -1.3295389e+00
  -1.4128856e+00
  -1.4414141e+00
  -1.3980794e+00
  -1.2930120e+00
  -1.1595294e+00
  -1.0413369e+00
  -9.7583398e-01
  -9.7990425e-01
  -1.0435863e+00
  -1.1340002e+00
  -1.2079829e+00
  -1.2285806e+00
  -1.1790971e+00
  -1.0693594e+00
  -9.3185235e-01
  -8.0924151e-01
  -7.3807792e-01
  -7.3490931e-01
  -7.9007637e-01
  -8.7152070e-01
  -9.3710693e-01
  -9.5072557e-01
  -8.9602507e-01
  -7.8255378e-01
  -6.4200742e-01
  -5.1605781e-01
  -4.4043823e-01
  -4.3136511e-01
  -4.7945774e-01
  -5.5343738e-01
  -6.1215154e-01
  -6.2030461e-01
  -5.6188492e-01
  -4.4618398e-01
  -3.0414852e-01
  -1.7649945e-01
  -9.8181348e-02
  -8.5083793e-02
  -1.2808284e-01
  -1.9663966e-01
  -2.5054207e-01
  -2.5527860e-01
  -1.9517145e-01
  -7.9274662e-02
   6.2177200e-02
   1.8937445e-01
   2.6813390e-01
   2.8288860e-01
   2.4252624e-01
   1.7688337e-01
   1.2527283e-01
   1.2145100e-01
   1.8076882e-01
   2.9439275e-01
   4.3276680e-01
   5.5695567e-01
   6.3351213e-01
   6.4718791e-01
   6.0665383e-01
   5.4108008e-01
   4.8891937e-01
   4.8320157e-01
   5.3895863e-01
   6.4756283e-01
   7.8010606e-01
   8.9849335e-01
   9.6998973e-01
   9.7966197e-01
   9.3598248e-01
   8.6748925e-01
   8.1181263e-01
   8.0128390e-01
   8.5062468e-01
   9.5140035e-01
   1.0753227e+00
   1.1851054e+00
   1.2487037e+00
   1.2514962e+00
   1.2017742e+00
   1.1274760e+00
   1.0654460e+00
   1.0473439e+00
   1.0875902e+00
   1.1779324e+00
   1.2906763e+00
   1.3893151e+00
   1.4424734e+00
   1.4358381e+00
   1.3775362e+00
   1.2949372e+00
   1.2241336e+00
   1.1961401e+00
   1.2250856e+00
   1.3028895e+00
   1.4024282e+00
   1.4879465e+00
   1.5287187e+00
   1.5107368e+00
   1.4419785e+00
   1.3492731e+00
   1.2679944e+00
   1.2285371e+00
   1.2447472e+00
   1.3087076e+00
   1.3938423e+00
   1.4651217e+00
   1.4924506e+00
   1.4621221e+00
   1.3819783e+00
   1.2783354e+00
   1.1858785e+00
   1.1344059e+00
   1.1374893e+00
   1.1873665e+00
   1.2579874e+00
   1.3150224e+00
   1.3289877e+00
   1.2864730e+00
   1.1951964e+00
   1.0809855e+00
   9.7786461e-01
   9.1505707e-01
   9.0586798e-01
   9.4268066e-01
   9.9995000e-01
   1.0440210e+00
   1.0460020e+00
   9.9277306e-01
   8.9193835e-01
   7.6885796e-01
   6.5692108e-01
   5.8479512e-01
   5.6552451e-01
   5.9162868e-01
   6.3804582e-01
   6.7177008e-01
   6.6448198e-01
   6.0334453e-01
   4.9585505e-01
   3.6692497e-01
   2.4933037e-01
   1.7119958e-01
   1.4532048e-01
   1.6433807e-01
   2.0365182e-01
   2.3087914e-01
   2.1825166e-01
   1.5320619e-01
   4.3138014e-02
  -8.7474451e-02
  -2.0644905e-01
  -2.8618244e-01
  -3.1414098e-01
  -2.9756576e-01
  -2.6061868e-01
  -2.3508558e-01
  -2.4820567e-01
  -3.1227921e-01
  -4.2001050e-01
  -5.4734130e-01
  -6.6266702e-01
  -7.3889764e-01
  -7.6375316e-01
  -7.4437345e-01
  -7.0450490e-01
  -6.7536353e-01
  -6.8368205e-01
  -7.4150999e-01
  -8.4165076e-01
  -9.6045584e-01
  -1.0668842e+00
  -1.1343495e+00
  -1.1508261e+00
  -1.1233658e+00
  -1.0753227e+00
  -1.0373698e+00
  -1.0357562e+00
  -1.0822938e+00
  -1.1698857e+00
  -1.2752844e+00
  -1.3680001e+00
  -1.4219416e+00
  -1.4253387e+00
  -1.3851686e+00
  -1.3244153e+00
  -1.2732350e+00
  -1.2574155e+00
  -1.2885434e+00
  -1.3596232e+00
  -1.4477999e+00
  -1.5231234e+00
  -1.5599892e+00
  -1.5468836e+00
  -1.4907207e+00
  -1.4141359e+00
  -1.3467923e+00
  -1.3140371e+00
  -1.3272435e+00
  -1.3795174e+00
  -1.4483878e+00
  -1.5044318e+00
  -1.5225226e+00
  -1.4914023e+00
  -1.4179316e+00
  -1.3244153e+00
  -1.2400450e+00
  -1.1897451e+00
  -1.1846843e+00
  -1.2180684e+00
  -1.2678001e+00
  -1.3049699e+00
  -1.3049173e+00
  -1.2566364e+00
  -1.1669415e+00
  -1.0578210e+00
  -9.5801237e-01
  -8.9203123e-01
  -8.7084783e-01
  -8.8776319e-01
  -9.2104070e-01
  -9.4226708e-01
  -9.2723412e-01
  -8.6518126e-01
  -7.6287833e-01
  -6.4200742e-01
  -5.3086477e-01
  -4.5356684e-01
  -4.2088698e-01
  -4.2621325e-01
  -4.4815314e-01
  -4.5876983e-01
  -4.3428932e-01
  -3.6418546e-01
  -2.5518169e-01
  -1.2865900e-01
  -1.2480202e-02
   6.9632334e-02
   1.0710475e-01
   1.0647393e-01
   8.8808153e-02
   8.1591164e-02
   1.0818401e-01
   1.7889310e-01
   2.8704757e-01
   4.1156671e-01
   5.2501762e-01
   6.0407111e-01
   6.3835903e-01
   6.3435836e-01
   6.1283575e-01
   6.0084773e-01
   6.2136627e-01
   6.8449554e-01
   7.8362644e-01
   8.9798101e-01
   1.0005558e+00
   1.0684168e+00
   1.0914100e+00
   1.0759694e+00
   1.0425839e+00
   1.0179097e+00
   1.0245544e+00
   1.0724387e+00
   1.1550255e+00
   1.2518435e+00
   1.3363195e+00
   1.3859172e+00
   1.3907058e+00
   1.3570927e+00
   1.3053119e+00
   1.2616451e+00
   1.2483592e+00
   1.2752082e+00
   1.3357372e+00
   1.4097835e+00
   1.4712038e+00
   1.4978609e+00
   1.4800532e+00
   1.4241754e+00
   1.3502263e+00
   1.2841350e+00
   1.2478471e+00
   1.2509640e+00
   1.2871179e+00
   1.3364542e+00
   1.3732548e+00
   1.3757782e+00
   1.3345540e+00
   1.2559724e+00
   1.1598108e+00
   1.0716612e+00
   1.0131617e+00
   9.9376813e-01
   1.0071995e+00
   1.0339019e+00
   1.0485722e+00
   1.0298546e+00
   9.6850509e-01
   8.7090996e-01
   7.5663127e-01
   6.5093184e-01
   5.7514775e-01
   5.3858855e-01
   5.3505214e-01
   5.4527085e-01
   5.4433811e-01
   5.1126698e-01
   4.3702615e-01
   3.2799109e-01
   2.0350592e-01
   8.8503671e-02
   4.0152170e-03
  -4.0804607e-02
  -5.2094969e-02
  -4.8859542e-02
  -5.5633531e-02
  -9.3059906e-02
  -1.6997758e-01
  -2.8003698e-01
  -4.0412199e-01
  -5.1763767e-01
  -5.9986853e-01
  -6.4182996e-01
  -6.4962037e-01
  -6.4200742e-01
  -6.4318587e-01
  -6.7348468e-01
  -7.4157623e-01
  -8.4115688e-01
  -9.5335378e-01
  -1.0539231e+00
  -1.1224794e+00
  -1.1502274e+00
  -1.1432500e+00
  -1.1201095e+00
  -1.1046930e+00
  -1.1170472e+00
  -1.1657051e+00
  -1.2444304e+00
  -1.3346095e+00
  -1.4123635e+00
  -1.4576513e+00
  -1.4618858e+00
  -1.4311580e+00
  -1.3838532e+00
  -1.3435811e+00
  -1.3301344e+00
  -1.3519307e+00
  -1.4028185e+00
  -1.4644557e+00
  -1.5133371e+00
  -1.5297755e+00
  -1.5054044e+00
  -1.4463406e+00
  -1.3708130e+00
  -1.3021765e+00
  -1.2599902e+00
  -1.2525712e+00
  -1.2738617e+00
  -1.3057940e+00
  -1.3252362e+00
  -1.3128547e+00
  -1.2605055e+00
  -1.1743372e+00
  -1.0724321e+00
  -9.7790003e-01
  -9.1007450e-01
  -8.7717484e-01
  -8.7323300e-01
  -8.8044601e-01
  -8.7604205e-01
  -8.4102716e-01
  -7.6746871e-01
  -6.6153914e-01
  -5.4116904e-01
  -4.2921945e-01
  -3.4479147e-01
  -2.9599514e-01
  -2.7693424e-01
  -2.7004688e-01
  -2.5289425e-01
  -2.0679462e-01
  -1.2400150e-01
  -1.0689565e-02
   1.1538078e-01
   2.3161518e-01
   3.1916467e-01
   3.7005289e-01
   3.9013439e-01
   3.9676537e-01
   4.1208989e-01
   4.5451577e-01
   5.3163909e-01
   6.3731472e-01
   7.5398084e-01
   8.5933682e-01
   9.3481421e-01
   9.7260257e-01
   9.7855192e-01
   9.6985422e-01
   9.6840244e-01
   9.9237342e-01
   1.0492525e+00
   1.1329594e+00
   1.2261618e+00
   1.3068819e+00
   1.3568611e+00
   1.3684871e+00
   1.3476414e+00
   1.3113911e+00
   1.2814186e+00
   1.2757088e+00
   1.3016713e+00
   1.3533202e+00
   1.4135776e+00
   1.4608102e+00
   1.4770905e+00
   1.4550273e+00
   1.4005596e+00
   1.3306576e+00
   1.2668214e+00
   1.2268698e+00
   1.2181579e+00
   1.2348093e+00
   1.2600105e+00
   1.2724783e+00
   1.2546212e+00
   1.1992745e+00
   1.1124422e+00
   1.0110065e+00
   9.1629403e-01
   8.4596314e-01
   8.0731482e-01
   7.9457668e-01
   7.9118783e-01
   7.7619976e-01
   7.3233948e-01
   6.5265239e-01
   5.4319201e-01
   4.2073887e-01
   3.0643146e-01
   2.1775048e-01
   1.6192046e-01
   1.3324464e-01
   1.1538078e-01
   8.7677351e-02
   3.3140795e-02
  -5.5011889e-02
  -1.7071394e-01
  -2.9732152e-01
  -4.1391915e-01
  -5.0324106e-01
  -5.5818050e-01
  -5.8440521e-01
  -5.9808994e-01
  -6.1964332e-01
  -6.6583408e-01
  -7.4332659e-01
  -8.4609100e-01
  -9.5766780e-01
  -1.0574111e+00
  -1.1283177e+00
  -1.1634490e+00
  -1.1684981e+00
  -1.1595294e+00
  -1.1567678e+00
  -1.1768150e+00
  -1.2262720e+00
  -1.2991968e+00
  -1.3793612e+00
  -1.4464334e+00
  -1.4837168e+00
  -1.4844863e+00
  -1.4545074e+00
  -1.4097835e+00
  -1.3704041e+00
  -1.3528506e+00
  -1.3637024e+00
  -1.3971418e+00
  -1.4372034e+00
  -1.4638967e+00
  -1.4608569e+00
  -1.4215975e+00
  -1.3519821e+00
  -1.2679785e+00
  -1.1895655e+00
  -1.1331248e+00
  -1.1052297e+00
  -1.1001956e+00
  -1.1023224e+00
  -1.0919587e+00
  -1.0530664e+00
  -9.7939125e-01
  -8.7688827e-01
  -7.6148295e-01
  -6.5303381e-01
  -5.6781005e-01
  -5.1235965e-01
  -4.8110597e-01
  -4.5858218e-01
  -4.2543958e-01
  -3.6592703e-01
  -2.7398205e-01
  -1.5561053e-01
  -2.6654386e-02
   9.3190429e-02
   1.8781332e-01
   2.5074225e-01
   2.8750264e-01
   3.1338967e-01
   3.4751514e-01
   4.0541037e-01
   4.9301342e-01
   6.0433364e-01
   7.2367770e-01
   8.3157731e-01
   9.1214727e-01
   9.5906137e-01
   9.7786750e-01
   9.8376620e-01
   9.9571107e-01
   1.0290921e+00
   1.0897993e+00
   1.1719304e+00
   1.2600105e+00
   1.3348668e+00
   1.3809064e+00
   1.3920170e+00
   1.3738379e+00
   1.3415449e+00
   1.3140027e+00
   1.3065266e+00
   1.3250206e+00
   1.3637274e+00
   1.4074418e+00
   1.4373329e+00
   1.4381442e+00
   1.4040187e+00
   1.3407287e+00
   1.2634648e+00
   1.1910396e+00
   1.1387258e+00
   1.1124675e+00
   1.1066710e+00
   1.1064124e+00
   1.0932082e+00
   1.0521392e+00
   9.7760224e-01
   8.7549768e-01
   7.6102422e-01
   6.5293174e-01
   5.6643446e-01
   5.0749337e-01
   4.7064787e-01
   4.4121723e-01
   4.0102160e-01
   3.3543017e-01
   2.3904190e-01
   1.1783200e-01
  -1.3048574e-02
  -1.3497153e-01
  -2.3284450e-01
  -3.0075857e-01
  -3.4411667e-01
  -3.7743754e-01
  -4.1868346e-01
  -4.8228525e-01
  -5.7353146e-01
  -6.8646184e-01
  -8.0606284e-01
  -9.1391811e-01
  -9.9514951e-01
  -1.0439956e+00
  -1.0659005e+00
  -1.0753227e+00
  -1.0901100e+00
  -1.1245963e+00
  -1.1840582e+00
  -1.2626481e+00
  -1.3455839e+00
  -1.4147529e+00
  -1.4555811e+00
  -1.4625439e+00
  -1.4412157e+00
  -1.4060834e+00
  -1.3749666e+00
  -1.3621844e+00
  -1.3730786e+00
  -1.4019843e+00
  -1.4344146e+00
  -1.4526175e+00
  -1.4423758e+00
  -1.3984507e+00
  -1.3265922e+00
  -1.2413570e+00
  -1.1605734e+00
  -1.0985757e+00
  -1.0607928e+00
  -1.0417556e+00
  -1.0272764e+00
  -9.9996040e-01
  -9.4593694e-01
  -8.6023683e-01
  -7.4876538e-01
  -6.2612339e-01
  -5.1011640e-01
  -4.1505538e-01
  -3.4640930e-01
  -2.9884883e-01
  -2.5842111e-01
  -2.0801655e-01
  -1.3403270e-01
  -3.1687678e-02
   9.3044205e-02
   2.2560755e-01
   3.4831344e-01
   4.4697318e-01
   5.1618268e-01
   5.6124264e-01
   5.9598817e-01
   6.3736519e-01
   6.9883194e-01
   7.8510826e-01
   8.9027601e-01
   9.9995000e-01
   1.0966828e+00
   1.1665337e+00
   1.2042907e+00
   1.2153548e+00
   1.2135731e+00
   1.2158574e+00
   1.2356489e+00
   1.2777288e+00
   1.3363534e+00
   1.3974205e+00
   1.4438322e+00
   1.4619991e+00
   1.4470015e+00
   1.4044369e+00
   1.3482573e+00
   1.2954273e+00
   1.2594511e+00
   1.2452431e+00
   1.2472960e+00
   1.2518435e+00
   1.2421802e+00
   1.2051036e+00
   1.1360137e+00
   1.0407259e+00
   9.3331037e-01
   8.3078990e-01
   7.4672804e-01
   6.8615701e-01
   6.4378029e-01
   6.0612960e-01
   5.5684472e-01
   4.8305302e-01
   3.8040993e-01
   2.5487686e-01
   1.2056336e-01
  -5.5356101e-03
  -1.0989217e-01
  -1.8745990e-01
  -2.4343816e-01
  -2.9111914e-01
  -3.4664787e-01
  -4.2270289e-01
  -5.2351378e-01
  -6.4311684e-01
  -7.6750959e-01
  -8.7987479e-01
  -9.6687355e-01
  -1.0236026e+00
  -1.0553254e+00
  -1.0753227e+00
  -1.0996902e+00
  -1.1410784e+00
  -1.2037661e+00
  -1.2819481e+00
  -1.3618862e+00
  -1.4270944e+00
  -1.4645729e+00
  -1.4697086e+00
  -1.4479731e+00
  -1.4127753e+00
  -1.3802964e+00
  -1.3632862e+00
  -1.3661911e+00
  -1.3834733e+00
  -1.4017573e+00
  -1.4049763e+00
  -1.3805484e+00
  -1.3242201e+00
  -1.2417317e+00
  -1.1466713e+00
  -1.0553463e+00
  -9.8063442e-01
  -9.2716542e-01
  -8.8967084e-01
  -8.5512585e-01
  -8.0785797e-01
  -7.3566561e-01
  -6.3460684e-01
  -5.1063142e-01
  -3.7743754e-01
  -2.5137803e-01
  -1.4536639e-01
  -6.4111166e-02
  -2.4959916e-03
   5.2282390e-02
   1.1564213e-01
   1.9955364e-01
   3.0780448e-01
   4.3439886e-01
   5.6569834e-01
   6.8548020e-01
   7.8097699e-01
   8.4758956e-01
   8.9047637e-01
   9.2241827e-01
   9.5878177e-01
   1.0115103e+00
   1.0844409e+00
   1.1717340e+00
   1.2600105e+00
   1.3333744e+00
   1.3793981e+00
   1.3937825e+00
   1.3819155e+00
   1.3567384e+00
   1.3337426e+00
   1.3250134e+00
   1.3345965e+00
   1.3569565e+00
   1.3791098e+00
   1.3856116e+00
   1.3644868e+00
   1.3118378e+00
   1.2333714e+00
   1.1422666e+00
   1.0542040e+00
   9.8145962e-01
   9.2832110e-01
   8.8957357e-01
   8.5262850e-01
   8.0247524e-01
   7.2755853e-01
   6.2433474e-01
   4.9876798e-01
   3.6419921e-01
   2.3640758e-01
   1.2775465e-01
   4.2648682e-02
  -2.3941299e-02
  -8.4360439e-02
  -1.5335060e-01
  -2.4222466e-01
  -3.5436033e-01
  -4.8373346e-01
  -6.1704692e-01
  -7.3863674e-01
  -8.3627772e-01
  -9.0567036e-01
  -9.5189831e-01
  -9.8730564e-01
  -1.0266118e+00
  -1.0811357e+00
  -1.1543372e+00
  -1.2403788e+00
  -1.3262505e+00
  -1.3966433e+00
  -1.4397040e+00
  -1.4514729e+00
  -1.4373121e+00
  -1.4097835e+00
  -1.3837947e+00
  -1.3708703e+00
  -1.3747404e+00
  -1.3899271e+00
  -1.4038667e+00
  -1.4017486e+00
  -1.3722194e+00
  -1.3117722e+00
  -1.2261441e+00
  -1.1281953e+00
  -1.0330843e+00
  -9.5258561e-01
  -8.9072274e-01
  -8.4238088e-01
  -7.9542409e-01
  -7.3550155e-01
  -6.5170191e-01
  -5.4089340e-01
  -4.0909313e-01
  -2.6934660e-01
  -1.3693181e-01
  -2.3723642e-02
   6.6128646e-02
   1.3756283e-01
   2.0248997e-01
   2.7501968e-01
   3.6585403e-01
   4.7799382e-01
   6.0539672e-01
   7.3509598e-01
   8.5196610e-01
   9.4431173e-01
   1.0081446e+00
   1.0485179e+00
   1.0774145e+00
   1.1090017e+00
   1.1540704e+00
   1.2157861e+00
   1.2883723e+00
   1.3592252e+00
   1.4136490e+00
   1.4403965e+00
   1.4358999e+00
   1.4055769e+00
   1.3617195e+00
   1.3187755e+00
   1.2878325e+00
   1.2724099e+00
   1.2671663e+00
   1.2600105e+00
   1.2368038e+00
   1.1868537e+00
   1.1070977e+00
   1.0033814e+00
   8.8834628e-01
   7.7673857e-01
   6.7993500e-01
   6.0177669e-01
   5.3729966e-01
   4.7484144e-01
   4.0071256e-01
   3.0464325e-01
   1.8392216e-01
   4.4647031e-02
  -1.0038732e-01
  -2.3635281e-01
  -3.5181955e-01
  -4.4288018e-01
  -5.1439500e-01
  -5.7788817e-01
  -6.4690526e-01
  -7.3161097e-01
  -8.3469320e-01
  -9.5013764e-01
  -1.0653375e+00
  -1.1657290e+00
  -1.2401783e+00
  -1.2850626e+00
  -1.3054899e+00
  -1.3131948e+00
  -1.3219237e+00
  -1.3420730e+00
  -1.3766344e+00
  -1.4199914e+00
  -1.4600255e+00
  -1.4827212e+00
  -1.4775081e+00
  -1.4412973e+00
  -1.3796736e+00
  -1.3047911e+00
  -1.2307820e+00
  -1.1684357e+00
  -1.1211808e+00
  -1.0839047e+00
  -1.0450537e+00
  -9.9120808e-01
  -9.1237899e-01
  -8.0600074e-01
  -6.7809569e-01
  -5.4116904e-01
  -4.0964178e-01
  -2.9456893e-01
  -1.9966051e-01
  -1.2012193e-01
  -4.4750899e-02
   3.9516455e-02
   1.4235253e-01
   2.6608747e-01
   4.0456978e-01
   5.4527085e-01
   6.7382623e-01
   7.7927674e-01
   8.5800764e-01
   9.1488464e-01
   9.6115851e-01
   1.0099450e+00
   1.0710120e+00
   1.1468676e+00
   1.2316432e+00
   1.3131948e+00
   1.3776162e+00
   1.4144375e+00
   1.4205225e+00
   1.4011788e+00
   1.3680616e+00
   1.3346767e+00
   1.3112047e+00
   1.3006259e+00
   1.2976228e+00
   1.2906763e+00
   1.2665497e+00
   1.2154436e+00
   1.1348507e+00
   1.0306389e+00
   9.1495315e-01
   8.0174023e-01
   7.0160970e-01
   6.1799314e-01
   5.4606651e-01
   4.7484144e-01
   3.9162059e-01
   2.8710985e-01
   1.5923179e-01
   1.4183637e-02
  -1.3566209e-01
  -2.7620948e-01
  -3.9674133e-01
  -4.9372324e-01
  -5.7186009e-01
  -6.4200742e-01
  -7.1674183e-01
  -8.0528817e-01
  -9.0974415e-01
  -1.0240446e+00
  -1.1360586e+00
  -1.2320160e+00
  -1.3015696e+00
  -1.3415599e+00
  -1.3570478e+00
  -1.3592252e+00
  -1.3610076e+00
  -1.3719970e+00
  -1.3947407e+00
  -1.4237148e+00
  -1.4474162e+00
  -1.4527608e+00
  -1.4301042e+00
  -1.3769652e+00
  -1.2990319e+00
  -1.2080703e+00
  -1.1175364e+00
  -1.0375724e+00
  -9.7129855e-01
  -9.1381315e-01
  -8.5427963e-01
  -7.8029600e-01
  -6.8287368e-01
  -5.6012063e-01
  -4.1822218e-01
  -2.6934660e-01
  -1.2727824e-01
  -2.4476965e-03
   1.0174337e-01
   1.8990279e-01
   2.7256507e-01
   3.6184744e-01
   4.6650975e-01
   5.8830868e-01
   7.2103928e-01
   8.5262850e-01
   9.6947866e-01
   1.0614002e+00
   1.1252507e+00
   1.1658925e+00
   1.1941105e+00
   1.2222891e+00
   1.2595069e+00
   1.3079234e+00
   1.3618390e+00
   1.4097835e+00
   1.4388332e+00
   1.4395032e+00
   1.4093467e+00
   1.3538882e+00
   1.2845366e+00
   1.2142815e+00
   1.1528184e+00
   1.1029655e+00
   1.0597391e+00
   1.0124365e+00
   9.4892370e-01
   8.6048806e-01
   7.4539710e-01
   6.0980582e-01
   4.6566695e-01
   3.2644489e-01
   2.0227190e-01
   9.6395659e-02
   4.2714163e-03
  -8.4360439e-02
  -1.8121162e-01
  -2.9463207e-01
  -4.2608740e-01
  -5.6927417e-01
  -7.1220985e-01
  -8.4149761e-01
  -9.4713566e-01
  -1.0260358e+00
  -1.0829103e+00
  -1.1281953e+00
  -1.1738083e+00
  -1.2283675e+00
  -1.2937010e+00
  -1.3639793e+00
  -1.4278006e+00
  -1.4724305e+00
  -1.4885724e+00
  -1.4738480e+00
  -1.4336597e+00
  -1.3791098e+00
  -1.3227748e+00
  -1.2739539e+00
  -1.2352048e+00
  -1.2014915e+00
  -1.1622616e+00
  -1.1056585e+00
  -1.0232515e+00
  -9.1347728e-01
  -7.8247632e-01
  -6.4200742e-01
  -5.0523836e-01
  -3.8202198e-01
  -2.7546076e-01
  -1.8106832e-01
  -8.8842135e-02
   1.2551039e-02
   1.3108155e-01
   2.6795191e-01
   4.1678249e-01
   5.6569834e-01
   7.0151894e-01
   8.1444996e-01
   9.0148683e-01
   9.6723388e-01
   1.0218323e+00
   1.0767949e+00
   1.1403438e+00
   1.2140358e+00
   1.2919646e+00
   1.3628429e+00
   1.4141678e+00
   1.4368749e+00
   1.4287049e+00
   1.3949988e+00
   1.3466207e+00
   1.2958081e+00
   1.2515355e+00
   1.2161657e+00
   1.1846636e+00
   1.1466713e+00
   1.0906446e+00
   1.0084687e+00
   8.9878521e-01
   7.6776173e-01
   6.2700916e-01
   4.8944534e-01
   3.6468515e-01
   2.5571657e-01
   1.5812818e-01
   6.2177200e-02
  -4.3098956e-02
  -1.6530402e-01
  -3.0539040e-01
  -4.5691236e-01
  -6.0811006e-01
  -7.4602781e-01
  -8.6109364e-01
  -9.5041291e-01
  -1.0185224e+00
  -1.0753227e+00
  -1.1319856e+00
  -1.1964055e+00
  -1.2699346e+00
  -1.3466520e+00
  -1.4154424e+00
  -1.4640899e+00
  -1.4838211e+00
  -1.4725623e+00
  -1.4356691e+00
  -1.3838532e+00
  -1.3291030e+00
  -1.2801583e+00
  -1.2392692e+00
  -1.2014751e+00
  -1.1566743e+00
  -1.0936906e+00
  -1.0047764e+00
  -8.8883189e-01
  -7.5210870e-01
  -6.0612960e-01
  -4.6362123e-01
  -3.3401257e-01
  -2.2021709e-01
  -1.1792317e-01
  -1.7657360e-02
   9.1174772e-02
   2.1582008e-01
   3.5699311e-01
   5.0819400e-01
   6.5779007e-01
   7.9306586e-01
   9.0469528e-01
   9.8993005e-01
   1.0532910e+00
   1.1045044e+00
   1.1544785e+00
   1.2108623e+00
   1.2748864e+00
   1.3406950e+00
   1.3974205e+00
   1.4332093e+00
   1.4396571e+00
   1.4149610e+00
   1.3645854e+00
   1.2991919e+00
   1.2306255e+00
   1.1674951e+00
   1.1120348e+00
   1.0594435e+00
   9.9995000e-01
   9.2281001e-01
   8.2070299e-01
   6.9284578e-01
   5.4563265e-01
   3.9055689e-01
   2.4020851e-01
   1.0387594e-01
  -1.5570715e-02
  -1.2232940e-01
  -2.2560755e-01
  -3.3564900e-01
  -4.5937091e-01
  -5.9728222e-01
  -7.4286350e-01
  -8.8464618e-01
  -1.0101971e+00
  -1.1104878e+00
  -1.1829811e+00
  -1.2322624e+00
  -1.2679785e+00
  -1.3008796e+00
  -1.3384799e+00
  -1.3819992e+00
  -1.4257534e+00
  -1.4592253e+00
  -1.4710235e+00
  -1.4532139e+00
  -1.4043696e+00
  -1.3301752e+00
  -1.2413570e+00
  -1.1497327e+00
  -1.0638906e+00
  -9.8614807e-01
  -9.1194865e-01
  -8.3192156e-01
  -7.3581184e-01
  -6.1677359e-01
  -4.7438230e-01
  -3.1521314e-01
  -1.5076340e-01
   6.4880707e-03
   1.4738067e-01
   2.6909218e-01
   3.7573114e-01
   4.7628265e-01
   5.8070003e-01
   6.9564239e-01
   8.2149163e-01
   9.5179123e-01
   1.0753227e+00
   1.1800265e+00
   1.2572720e+00
   1.3048457e+00
   1.3275230e+00
   1.3350088e+00
   1.3380403e+00
   1.3441446e+00
   1.3546742e+00
   1.3642532e+00
   1.3628429e+00
   1.3396348e+00
   1.2872812e+00
   1.2048461e+00
   1.0983480e+00
   9.7869005e-01
   8.5776788e-01
   7.4424277e-01
   6.4059254e-01
   5.4256211e-01
   4.4121723e-01
   3.2680965e-01
   1.9297060e-01
   3.9625237e-02
  -1.2648852e-01
  -2.9389717e-01
  -4.5027288e-01
  -5.8663877e-01
  -7.0029592e-01
  -7.9536010e-01
  -8.8071089e-01
  -9.6614435e-01
  -1.0582062e+00
  -1.1573019e+00
  -1.2571909e+00
  -1.3470588e+00
  -1.4153762e+00
  -1.4540706e+00
  -1.4614195e+00
  -1.4425626e+00
  -1.4074418e+00
  -1.3669607e+00
  -1.3288328e+00
  -1.2947055e+00
  -1.2596582e+00
  -1.2142600e+00
  -1.1483988e+00
  -1.0554134e+00
  -9.3494671e-01
  -7.9342943e-01
  -6.4200742e-01
  -4.9270491e-01
  -3.5428684e-01
  -2.2939744e-01
  -1.1406203e-01
   2.6520892e-04
   1.2289822e-01
   2.5982127e-01
   4.1086794e-01
   5.6925888e-01
   7.2367770e-01
   8.6209437e-01
   9.7587827e-01
   1.0626342e+00
   1.1266839e+00
   1.1770160e+00
   1.2234956e+00
   1.2727862e+00
   1.3255476e+00
   1.3759803e+00
   1.4138916e+00
   1.4284917e+00
   1.4124697e+00
   1.3647916e+00
   1.2911536e+00
   1.2019185e+00
   1.1083270e+00
   1.0184310e+00
   9.3430047e-01
   8.5156892e-01
   7.6148295e-01
   6.5466794e-01
   5.2516402e-01
   3.7318545e-01
   2.0554551e-01
   3.3581802e-02
  -1.3062799e-01
  -2.7831776e-01
  -4.0680949e-01
  -5.1996115e-01
  -6.2612339e-01
  -7.3439463e-01
  -8.5061326e-01
  -9.7462439e-01
  -1.0998696e+00
  -1.2154592e+00
  -1.3099369e+00
  -1.3753016e+00
  -1.4097525e+00
  -1.4181140e+00
  -1.4097835e+00
  -1.3949912e+00
  -1.3808047e+00
  -1.3684074e+00
  -1.3526880e+00
  -1.3242974e+00
  -1.2733816e+00
  -1.1935625e+00
  -1.0846418e+00
  -9.5299454e-01
  -8.0950080e-01
  -6.6580416e-01
  -5.3032507e-01
  -4.0554711e-01
  -2.8760669e-01
  -1.6833476e-01
  -3.8961628e-02
   1.0593881e-01
   2.6577932e-01
   4.3358927e-01
   5.9808994e-01
   7.4742583e-01
   8.7313116e-01
   9.7282166e-01
   1.0505907e+00
   1.1149666e+00
   1.1752194e+00
   1.2374361e+00
   1.3018666e+00
   1.3625600e+00
   1.4094280e+00
   1.4319496e+00
   1.4230995e+00
   1.3820018e+00
   1.3142957e+00
   1.2300770e+00
   1.1402020e+00
   1.0523684e+00
   9.6846709e-01
   8.8421249e-01
   7.9118783e-01
   6.8051548e-01
   5.4674395e-01
   3.9046060e-01
   2.1862695e-01
   4.2504870e-02
  -1.2603811e-01
  -2.7843759e-01
  -4.1206846e-01
  -5.3060960e-01
  -6.4200742e-01
  -7.5482603e-01
  -8.7438761e-01
  -1.0001846e+00
  -1.1255581e+00
  -1.2397683e+00
  -1.3316701e+00
  -1.3935918e+00
  -1.4239393e+00
  -1.4275367e+00
  -1.4135776e+00
  -1.3919767e+00
  -1.3695170e+00
  -1.3472686e+00
  -1.3202625e+00
  -1.2795416e+00
  -1.2158013e+00
  -1.1232250e+00
  -1.0020447e+00
  -8.5884714e-01
  -7.0450490e-01
  -5.5052221e-01
  -4.0518619e-01
  -2.7098925e-01
  -1.4429900e-01
  -1.7392662e-02
   1.1793150e-01
   2.6655488e-01
   4.2751137e-01
   5.9370420e-01
   7.5398084e-01
   8.9677785e-01
   1.0139491e+00
   1.1033209e+00
   1.1690065e+00
   1.2193672e+00
   1.2634085e+00
   1.3069941e+00
   1.3503299e+00
   1.3876804e+00
   1.4094280e+00
   1.4056863e+00
   1.3700870e+00
   1.3022933e+00
   1.2082793e+00
   1.0982699e+00
   9.8312893e-01
   8.7057227e-01
   7.6265108e-01
   6.5545914e-01
   5.4116904e-01
   4.1161007e-01
   2.6201232e-01
   9.3478643e-02
  -8.6766597e-02
  -2.6745282e-01
  -4.3687561e-01
  -5.8667248e-01
  -7.1432781e-01
  -8.2345910e-01
  -9.2178600e-01
  -1.0175683e+00
  -1.1158832e+00
  -1.2161720e+00
  -1.3119980e+00
  -1.3931132e+00
  -1.4490456e+00
  -1.4728392e+00
  -1.4635219e+00
  -1.4263611e+00
  -1.3708130e+00
  -1.3069539e+00
  -1.2417564e+00
  -1.1766338e+00
  -1.1071872e+00
  -1.0252457e+00
  -9.2241546e-01
  -7.9377242e-01
  -6.4028413e-01
  -4.6902807e-01
  -2.9111914e-01
  -1.1813223e-01
   4.1619501e-02
   1.8553723e-01
   3.1699282e-01
   4.4330239e-01
   5.7220287e-01
   7.0818871e-01
   8.5011759e-01
   9.9100764e-01
   1.1201095e+00
   1.2264671e+00
   1.3026121e+00
   1.3469866e+00
   1.3641749e+00
   1.3628632e+00
   1.3523129e+00
   1.3386996e+00
   1.3227183e+00
   1.2993704e+00
   1.2600105e+00
   1.1958679e+00
   1.1016931e+00
   9.7813177e-01
   8.3191661e-01
   6.7379978e-01
   5.1501239e-01
   3.6359816e-01
   2.2201453e-01
   8.6908344e-02
  -4.8859542e-02
  -1.9272585e-01
  -3.4881699e-01
  -5.1561036e-01
  -6.8576723e-01
  -8.4820868e-01
  -9.9164885e-01
  -1.1082430e+00
  -1.1959651e+00
  -1.2588158e+00
  -1.3047911e+00
  -1.3423964e+00
  -1.3770462e+00
  -1.4087296e+00
  -1.4318358e+00
  -1.4372085e+00
  -1.4156418e+00
  -1.3614819e+00
  -1.2749564e+00
  -1.1623417e+00
  -1.0339019e+00
  -9.0038632e-01
  -7.6941903e-01
  -6.4315457e-01
  -5.1808700e-01
  -3.8707502e-01
  -2.4279844e-01
  -8.1314132e-02
   9.5657282e-02
   2.8059711e-01
   4.6226637e-01
   6.2921025e-01
   7.7335929e-01
   8.9236141e-01
   9.8976519e-01
   1.0729957e+00
   1.1499083e+00
   1.2252458e+00
   1.2983622e+00
   1.3630866e+00
   1.4097835e+00
   1.4288249e+00
   1.4141476e+00
   1.3655406e+00
   1.2887881e+00
   1.1936165e+00
   1.0902293e+00
   9.8575281e-01
   8.8194653e-01
   7.7504599e-01
   6.5779007e-01
   5.2284783e-01
   3.6632555e-01
   1.9000422e-01
   1.4435386e-03
  -1.8809601e-01
  -3.6712788e-01
  -5.2749330e-01
  -6.6664738e-01
  -7.8781667e-01
  -8.9798101e-01
  -1.0044640e+00
  -1.1114464e+00
  -1.2177454e+00
  -1.3167144e+00
  -1.3983099e+00
  -1.4525385e+00
  -1.4729720e+00
  -1.4589923e+00
  -1.4159118e+00
  -1.3529275e+00
  -1.2796934e+00
  -1.2028214e+00
  -1.1236450e+00
  -1.0380968e+00
  -9.3873824e-01
  -8.1815865e-01
  -6.7243547e-01
  -5.0332478e-01
  -3.1833680e-01
  -1.2865900e-01
   5.4288438e-02
   2.2235901e-01
   3.7291992e-01
   5.0898331e-01
   6.3719277e-01
   7.6444874e-01
   8.9447553e-01
   1.0256534e+00
   1.1509538e+00
   1.2600105e+00
   1.3425420e+00
   1.3918250e+00
   1.4068967e+00
   1.3926529e+00
   1.3578087e+00
   1.3115076e+00
   1.2598752e+00
   1.2038366e+00
   1.1390261e+00
   1.0578210e+00
   9.5271275e-01
   8.1972246e-01
   6.6054575e-01
   4.8260097e-01
   2.9695392e-01
   1.1490335e-01
  -5.5478192e-02
  -2.1153875e-01
  -3.5615164e-01
  -4.9570560e-01
  -6.3676351e-01
  -7.8268082e-01
  -9.3148887e-01
  -1.0758631e+00
  -1.2051983e+00
  -1.3090061e+00
  -1.3803462e+00
  -1.4179875e+00
  -1.4264828e+00
  -1.4141359e+00
  -1.3896450e+00
  -1.3587089e+00
  -1.3218948e+00
  -1.2745806e+00
  -1.2089909e+00
  -1.1175420e+00
  -9.9621265e-01
  -8.4664444e-01
  -6.7616326e-01
  -4.9570560e-01
  -3.1643363e-01
  -1.4632220e-01
   1.1990446e-02
   1.6128112e-01
   3.0773498e-01
   4.5763627e-01
   6.1403644e-01
   7.7468697e-01
   9.3203920e-01
   1.0753227e+00
   1.1939179e+00
   1.2807454e+00
   1.3343854e+00
   1.3591293e+00
   1.3629519e+00
   1.3541876e+00
   1.3381869e+00
   1.3152326e+00
   1.2805135e+00
   1.2261618e+00
   1.1445715e+00
   1.0317248e+00
   8.8924847e-01
   7.2440882e-01
   5.4803877e-01
   3.7118155e-01
   2.0172262e-01
   4.2284212e-02
  -1.0982751e-01
  -2.6061868e-01
  -4.1612970e-01
  -5.7915167e-01
  -7.4720722e-01
  -9.1258086e-01
  -1.0643998e+00
  -1.1919818e+00
  -1.2881822e+00
  -1.3514724e+00
  -1.3859674e+00
  -1.3994020e+00
  -1.3998385e+00
  -1.3923706e+00
  -1.3770865e+00
  -1.3490717e+00
  -1.3004464e+00
  -1.2236575e+00
  -1.1147601e+00
  -9.7543028e-01
  -8.1293219e-01
  -6.3804582e-01
  -4.6173760e-01
  -2.9183554e-01
  -1.3096615e-01
   2.3473773e-02
   1.7731656e-01
   3.3637624e-01
   5.0321227e-01
   6.7515706e-01
   8.4437595e-01
   9.9995000e-01
   1.1311986e+00
   1.2309850e+00
   1.2977531e+00
   1.3355308e+00
   1.3519089e+00
   1.3547780e+00
   1.3490776e+00
   1.3348038e+00
   1.3070387e+00
   1.2579874e+00
   1.1802410e+00
   1.0700143e+00
   9.2911333e-01
   7.6487471e-01
   5.8809237e-01
   4.0971337e-01
   2.3755441e-01
   7.4279346e-02
  -8.2605548e-02
  -2.3875461e-01
  -3.9976558e-01
  -5.6798961e-01
  -7.4060454e-01
  -9.0970336e-01
  -1.0643785e+00
  -1.1940189e+00
  -1.2915741e+00
  -1.3555493e+00
  -1.3899831e+00
  -1.4024282e+00
  -1.4007148e+00
  -1.3897428e+00
  -1.3695311e+00
  -1.3352710e+00
  -1.2793608e+00
  -1.1946399e+00
  -1.0775802e+00
  -9.3020866e-01
  -7.6001745e-01
  -5.7788817e-01
  -3.9481111e-01
  -2.1864100e-01
  -5.2113278e-02
   1.0713835e-01
   2.6458900e-01
   4.2563519e-01
   5.9245020e-01
   7.6210181e-01
   9.2666815e-01
   1.0753227e+00
   1.1976055e+00
   1.2866450e+00
   1.3411110e+00
   1.3651660e+00
   1.3664450e+00
   1.3528438e+00
   1.3293502e+00
   1.2961326e+00
   1.2486149e+00
   1.1795061e+00
   1.0820037e+00
   9.5293869e-01
   7.9465089e-01
   6.1486979e-01
   4.2463402e-01
   2.3503231e-01
   5.3996494e-02
  -1.1564503e-01
  -2.7612867e-01
  -4.3276680e-01
  -5.9078962e-01
  -7.5224446e-01
  -9.1415641e-01
  -1.0686701e+00
  -1.2051340e+00
  -1.3133450e+00
  -1.3867267e+00
  -1.4242394e+00
  -1.4303034e+00
  -1.4127753e+00
  -1.3797578e+00
  -1.3364677e+00
  -1.2833593e+00
  -1.2162178e+00
  -1.1281824e+00
  -1.0129168e+00
  -8.6770556e-01
  -6.9528307e-01
  -5.0368224e-01
  -3.0414852e-01
  -1.0790086e-01
   7.7039692e-02
   2.4776070e-01
   4.0639897e-01
   5.5815560e-01
   7.0816569e-01
   8.5843980e-01
   1.0060651e+00
   1.1433710e+00
   1.2600105e+00
   1.3461764e+00
   1.3957348e+00
   1.4080895e+00
   1.3880752e+00
   1.3439276e+00
   1.2841111e+00
   1.2142197e+00
   1.1351309e+00
   1.0431159e+00
   9.3185235e-01
   7.9556032e-01
   6.3205023e-01
   4.4450274e-01
   2.4128567e-01
   3.3861421e-02
  -1.6643323e-01
  -3.5152369e-01
  -5.1847277e-01
  -6.6940034e-01
  -8.0950080e-01
  -9.4393851e-01
  -1.0748284e+00
  -1.1994745e+00
  -1.3105557e+00
  -1.3982019e+00
  -1.4531786e+00
  -1.4699730e+00
  -1.4486104e+00
  -1.3945141e+00
  -1.3164657e+00
  -1.2234473e+00
  -1.1215700e+00
  -1.0122568e+00
  -8.9236422e-01
  -7.5618364e-01
  -5.9854162e-01
  -4.1779785e-01
  -2.1757667e-01
  -6.5519962e-03
   2.0365182e-01
   4.0166106e-01
   5.7945397e-01
   7.3419963e-01
   8.6815470e-01
   9.8668078e-01
   1.0951618e+00
   1.1960195e+00
   1.2869849e+00
   1.3612999e+00
   1.4097835e+00
   1.4239816e+00
   1.3992020e+00
   1.3362797e+00
   1.2413997e+00
   1.1240437e+00
   9.9384297e-01
   8.5753143e-01
   7.1715292e-01
   5.7019297e-01
   4.1156671e-01
   2.3668343e-01
   4.4395238e-02
  -1.6131847e-01
  -3.7159666e-01
  -5.7480029e-01
  -7.5969247e-01
  -9.1850229e-01
  -1.0487244e+00
  -1.1529894e+00
  -1.2370764e+00
  -1.3068475e+00
  -1.3652920e+00
  -1.4108249e+00
  -1.4374987e+00
  -1.4370553e+00
  -1.4020354e+00
  -1.3287591e+00
  -1.2190368e+00
  -1.0799508e+00
  -9.2178600e-01
  -7.5488948e-01
  -5.8664551e-01
  -4.1970567e-01
  -2.5212953e-01
  -7.9359734e-02
   1.0274782e-01
   2.9502158e-01
   4.9333367e-01
   6.8887197e-01
   8.7024424e-01
   1.0266329e+00
   1.1508168e+00
   1.2409266e+00
   1.3002829e+00
   1.3353980e+00
   1.3529201e+00
   1.3566998e+00
   1.3461081e+00
   1.3162531e+00
   1.2600105e+00
   1.1710897e+00
   1.0469563e+00
   8.9048459e-01
   7.0969738e-01
   5.1567774e-01
   3.1943446e-01
   1.2889868e-01
  -5.2823055e-02
  -2.2729715e-01
  -3.9879758e-01
  -5.7130543e-01
  -7.4564710e-01
  -9.1789087e-01
  -1.0796386e+00
  -1.2201231e+00
  -1.3293312e+00
  -1.4009755e+00
  -1.4341990e+00
  -1.4333737e+00
  -1.4060834e+00
  -1.3600698e+00
  -1.3003144e+00
  -1.2273688e+00
  -1.1375698e+00
  -1.0250455e+00
  -8.8473395e-01
  -7.1524631e-01
  -5.2046079e-01
  -3.0922051e-01
  -9.3228213e-02
   1.1608042e-01
   3.1051557e-01
   4.8685286e-01
   6.4666526e-01
   7.9436025e-01
   9.3420075e-01
   1.0674748e+00
   1.1909192e+00
   1.2970214e+00
   1.3761003e+00
   1.4193876e+00
   1.4219425e+00
   1.3842957e+00
   1.3122006e+00
   1.2145905e+00
   1.1005189e+00
   9.7624981e-01
   8.4359695e-01
   7.0013283e-01
   5.4116904e-01
   3.6272880e-01
   1.6435192e-01
  -4.9365061e-02
  -2.6910834e-01
  -4.8296310e-01
  -6.7952532e-01
  -8.5084805e-01
  -9.9412475e-01
  -1.1114944e+00
  -1.2080703e+00
  -1.2889701e+00
  -1.3565042e+00
  -1.4086150e+00
  -1.4391755e+00
  -1.4400439e+00
  -1.4040931e+00
  -1.3280590e+00
  -1.2141172e+00
  -1.0695813e+00
  -9.0482725e-01
  -7.3022613e-01
  -5.5323974e-01
  -3.7676777e-01
  -1.9935366e-01
  -1.7142703e-02
   1.7318565e-01
   3.7166203e-01
   5.7353152e-01
   7.6961913e-01
   9.4844521e-01
   1.0993099e+00
   1.2151938e+00
   1.2943914e+00
   1.3402760e+00
   1.3593047e+00
   1.3580443e+00
   1.3403644e+00
   1.3058785e+00
   1.2502295e+00
   1.1671072e+00
   1.0512195e+00
   9.0106931e-01
   7.2046100e-01
   5.1814353e-01
   3.0570463e-01
   9.4497425e-02
  -1.0725333e-01
  -2.9608920e-01
  -4.7310623e-01
  -6.4200742e-01
  -8.0619680e-01
  -9.6605766e-01
  -1.1174849e+00
  -1.2522593e+00
  -1.3601453e+00
  -1.4319305e+00
  -1.4622651e+00
  -1.4512292e+00
  -1.4040415e+00
  -1.3290284e+00
  -1.2346305e+00
  -1.1265907e+00
  -1.0063874e+00
  -8.7150064e-01
  -7.1738967e-01
  -5.4040490e-01
  -3.4049606e-01
  -1.2265425e-01
   1.0349213e-01
   3.2580356e-01
   5.3269676e-01
   7.1601345e-01
   8.7262754e-01
   1.0042094e+00
   1.1152695e+00
   1.2102581e+00
   1.2908563e+00
   1.3545150e+00
   1.3948179e+00
   1.4035418e+00
   1.3736348e+00
   1.3019780e+00
   1.1908739e+00
   1.0476887e+00
   8.8277509e-01
   7.0645550e-01
   5.2620033e-01
   3.4505507e-01
   1.6189001e-01
  -2.6654386e-02
  -2.2330345e-01
  -4.2749464e-01
  -6.3398324e-01
  -8.3327408e-01
  -1.0137474e+00
  -1.1646979e+00
  -1.2791557e+00
  -1.3554387e+00
  -1.3968690e+00
  -1.4097835e+00
  -1.4006161e+00
  -1.3731786e+00
  -1.3271869e+00
  -1.2585941e+00
  -1.1615994e+00
  -1.0315541e+00
  -8.6763826e-01
  -6.7426720e-01
  -4.6066683e-01
  -2.3875461e-01
  -2.0106487e-02
   1.8686345e-01
   3.7846780e-01
   5.5549409e-01
   7.2127032e-01
   8.7882443e-01
   1.0282585e+00
   1.1653742e+00
   1.2821030e+00
   1.3686033e+00
   1.4162433e+00
   1.4203465e+00
   1.3816648e+00
   1.3060238e+00
   1.2022786e+00
   1.0793614e+00
   9.4353774e-01
   7.9690877e-01
   6.3770973e-01
   4.6226637e-01
   2.6783221e-01
   5.5190048e-02
  -1.7001075e-01
  -3.9772778e-01
  -6.1566549e-01
  -8.1230043e-01
  -9.7967276e-01
  -1.1149135e+00
  -1.2199589e+00
  -1.2995941e+00
  -1.3586017e+00
  -1.3991306e+00
  -1.4193078e+00
  -1.4136380e+00
  -1.3750430e+00
  -1.2977645e+00
  -1.1800154e+00
  -1.0253568e+00
  -8.4226091e-01
  -6.4200742e-01
  -4.3569302e-01
  -2.3146852e-01
  -3.3025945e-02
   1.6012285e-01
   3.5072202e-01
   5.4097785e-01
   7.3000333e-01
   9.1251687e-01
   1.0793294e+00
   1.2194677e+00
   1.3231539e+00
   1.3845299e+00
   1.4031089e+00
   1.3834202e+00
   1.3329950e+00
   1.2594738e+00
   1.1679403e+00
   1.0594973e+00
   9.3161577e-01
   7.8010606e-01
   6.0193398e-01
   3.9777775e-01
   1.7331675e-01
  -6.1275110e-02
  -2.9347471e-01
  -5.1141302e-01
  -7.0662914e-01
  -8.7556401e-01
  -1.0192642e+00
  -1.1414486e+00
  -1.2457148e+00
  -1.3329840e+00
  -1.4001912e+00
  -1.4407415e+00
  -1.4465757e+00
  -1.4110647e+00
  -1.3316326e+00
  -1.2111037e+00
  -1.0572517e+00
  -8.8071089e-01
  -6.9202846e-01
  -4.9895958e-01
  -3.0500826e-01
  -1.0973609e-01
   8.9318552e-02
   2.9388641e-01
   5.0247399e-01
   7.0912695e-01
   9.0396479e-01
   1.0753227e+00
   1.2127198e+00
   1.3095548e+00
   1.3645300e+00
   1.3812867e+00
   1.3664144e+00
   1.3266093e+00
   1.2660783e+00
   1.1851812e+00
   1.0808249e+00
   9.4844521e-01
   7.8480069e-01
   5.9048419e-01
   3.7116408e-01
   1.3704620e-01
  -9.9275112e-02
  -3.2579607e-01
  -5.3381725e-01
  -7.1939985e-01
  -8.8305346e-01
  -1.0278195e+00
  -1.1565253e+00
  -1.2692977e+00
  -1.3623200e+00
  -1.4283366e+00
  -1.4587344e+00
  -1.4464226e+00
  -1.3884199e+00
  -1.2871639e+00
  -1.1500411e+00
  -9.8730564e-01
  -8.0916803e-01
  -6.2314222e-01
  -4.3263539e-01
  -2.3728385e-01
  -3.4866374e-02
   1.7598029e-01
   3.9332702e-01
   6.1077602e-01
   8.1803793e-01
   1.0030865e+00
   1.1551100e+00
   1.2671715e+00
   1.3375975e+00
   1.3695968e+00
   1.3692819e+00
   1.3428691e+00
   1.2941400e+00
   1.2231397e+00
   1.1266052e+00
   9.9995000e-01
   8.4002672e-01
   6.4758857e-01
   4.2847788e-01
   1.9305264e-01
  -4.5969385e-02
  -2.7646799e-01
  -4.8959556e-01
  -6.8119571e-01
  -8.5147266e-01
  -1.0030865e+00
  -1.1384488e+00
  -1.2572949e+00
  -1.3554987e+00
  -1.4256146e+00
  -1.4589645e+00
  -1.4484923e+00
  -1.3913046e+00
  -1.2899336e+00
  -1.1518351e+00
  -9.8730564e-01
  -8.0659601e-01
  -6.1729962e-01
  -4.2298222e-01
  -2.2353769e-01
  -1.7090425e-02
   1.9733004e-01
   4.1741383e-01
   6.3645294e-01
   8.4395759e-01
   1.0278195e+00
   1.1772409e+00
   1.2853530e+00
   1.3505613e+00
   1.3761376e+00
   1.3682422e+00
   1.3331517e+00
   1.2747646e+00
   1.1933405e+00
   1.0859493e+00
   9.4844521e-01
   7.7818827e-01
   5.7644538e-01
   3.4951833e-01
   1.0812783e-01
  -1.3475514e-01
  -3.6684967e-01
  -5.7920414e-01
  -7.6757784e-01
  -9.3209015e-01
  -1.0753227e+00
  -1.1996485e+00
  -1.3048536e+00
  -1.3869968e+00
  -1.4389769e+00
  -1.4526122e+00
  -1.4214550e+00
  -1.3432743e+00
  -1.2212562e+00
  -1.0634586e+00
  -8.8071089e-01
  -6.8373875e-01
  -4.8058179e-01
  -2.7525149e-01
  -6.8098231e-02
   1.4230306e-01
   3.5652197e-01
   5.7195643e-01
   7.8177076e-01
   9.7554669e-01
   1.1414486e+00
   1.2691226e+00
   1.3522627e+00
   1.3899023e+00
   1.3859651e+00
   1.3472727e+00
   1.2807841e+00
   1.1911267e+00
   1.0793595e+00
   9.4342668e-01
   7.8010606e-01
   5.8767660e-01
   3.6824868e-01
   1.2882297e-01
  -1.1937454e-01
  -3.6307871e-01
  -5.8991123e-01
  -7.9098415e-01
  -9.6224203e-01
  -1.1040848e+00
  -1.2194677e+00
  -1.3112518e+00
  -1.3798594e+00
  -1.4221632e+00
  -1.4320602e+00
  -1.4025262e+00
  -1.3283737e+00
  -1.2086577e+00
  -1.0477995e+00
  -8.5497987e-01
  -6.4200742e-01
  -4.2044125e-01
  -1.9902502e-01
   1.7635412e-02
   2.2869974e-01
   4.3522617e-01
   6.3758228e-01
   8.3318232e-01
   1.0154725e+00
   1.1746054e+00
   1.2995941e+00
   1.3811661e+00
   1.4142618e+00
   1.3992527e+00
   1.3414331e+00
   1.2489929e+00
   1.1302464e+00
   9.9116968e-01
   8.3416768e-01
   6.5851532e-01
   4.6226637e-01
   2.4485654e-01
   9.3557887e-03
  -2.3654563e-01
  -4.8125170e-01
  -7.1146186e-01
  -9.1507729e-01
  -1.0837603e+00
  -1.2142251e+00
  -1.3078194e+00
  -1.3686033e+00
  -1.4007009e+00
  -1.4059653e+00
  -1.3828746e+00
  -1.3270879e+00
  -1.2334525e+00
  -1.0986846e+00
  -9.2367975e-01
  -7.1454241e-01
  -4.8190534e-01
  -2.3875461e-01
   2.4583931e-03
   2.3237051e-01
   4.4601026e-01
   6.4241604e-01
   8.2277880e-01
   9.8788119e-01
   1.1358708e+00
   1.2612720e+00
   1.3556607e+00
   1.4097835e+00
   1.4163410e+00
   1.3723933e+00
   1.2804805e+00
   1.1480298e+00
   9.8526990e-01
   8.0242799e-01
   6.0725321e-01
   4.0377293e-01
   1.9270983e-01
  -2.6654386e-02
  -2.5394104e-01
  -4.8549531e-01
  -7.1346345e-01
  -9.2654307e-01
  -1.1121820e+00
  -1.2594440e+00
  -1.3615003e+00
  -1.4168427e+00
  -1.4287952e+00
  -1.4035418e+00
  -1.3474465e+00
  -1.2647000e+00
  -1.1561898e+00
  -1.0200149e+00
  -8.5342236e-01
  -6.5539243e-01
  -4.2884181e-01
  -1.8155167e-01
   7.4589962e-02
   3.2580356e-01
   5.5930910e-01
   7.6585449e-01
   9.4098201e-01
   1.0846138e+00
   1.1991763e+00
   1.2870355e+00
   1.3482717e+00
   1.3796812e+00
   1.3754152e+00
   1.3290284e+00
   1.2361589e+00
   1.0968113e+00
   9.1635205e-01
   7.0481079e-01
   4.7471804e-01
   2.3825871e-01
   4.7753165e-03
  -2.2048635e-01
  -4.3597637e-01
  -6.4200742e-01
  -8.3826024e-01
  -1.0216498e+00
  -1.1854328e+00
  -1.3199573e+00
  -1.4148193e+00
  -1.4616479e+00
  -1.4564873e+00
  -1.4008915e+00
  -1.3013259e+00
  -1.1671072e+00
  -1.0076583e+00
  -8.3010589e-01
  -6.3810429e-01
  -4.3229079e-01
  -2.1214483e-01
   2.1521103e-02
   2.6445704e-01
   5.0813187e-01
   7.4054370e-01
   9.4844521e-01
   1.1202015e+00
   1.2482525e+00
   1.3302976e+00
   1.3688003e+00
   1.3690443e+00
   1.3365154e+00
   1.2746275e+00
   1.1836694e+00
   1.0613672e+00
   9.0482725e-01
   7.1308729e-01
   4.8925743e-01
   2.4138219e-01
  -1.8365069e-02
  -2.7591271e-01
  -5.1816414e-01
  -7.3548887e-01
  -9.2295351e-01
  -1.0798953e+00
  -1.2080703e+00
  -1.3091485e+00
  -1.3825665e+00
  -1.4246064e+00
  -1.4290844e+00
  -1.3894096e+00
  -1.3012344e+00
  -1.1646807e+00
  -9.8527539e-01
  -7.7321014e-01
  -5.4116904e-01
  -3.0150502e-01
  -6.3784795e-02
   1.6642631e-01
   3.8714827e-01
   5.9817456e-01
   7.9863451e-01
   9.8493719e-01
   1.1499544e+00
   1.2838204e+00
   1.3761003e+00
   1.4185460e+00
   1.4074246e+00
   1.3445549e+00
   1.2366683e+00
   1.0933405e+00
   9.2426913e-01
   7.3691247e-01
   5.3535114e-01
   3.2075694e-01
   9.3228213e-02
  -1.4577880e-01
  -3.9142645e-01
  -6.3473094e-01
  -8.6342721e-01
  -1.0642098e+00
  -1.2255673e+00
  -1.3401947e+00
  -1.4061237e+00
  -1.4261903e+00
  -1.4060834e+00
  -1.3517495e+00
  -1.2671591e+00
  -1.1532875e+00
  -1.0086862e+00
  -8.3139763e-01
  -6.2143876e-01
  -3.8285403e-01
  -1.2448924e-01
   1.4087846e-01
   3.9879758e-01
   6.3600330e-01
   8.4287008e-01
   1.0145991e+00
   1.1507637e+00
   1.2534593e+00
   1.3248259e+00
   1.3649460e+00
   1.3709584e+00
   1.3377556e+00
   1.2600105e+00
   1.1347543e+00
   9.6350640e-01
   7.5311167e-01
   5.1492252e-01
   2.6258526e-01
   9.2119291e-03
  -2.3505434e-01
  -4.6422946e-01
  -6.7606293e-01
  -8.7024424e-01
  -1.0460101e+00
  -1.2001455e+00
  -1.3262153e+00
  -1.4153801e+00
  -1.4585390e+00
  -1.4490161e+00
  -1.3847913e+00
  -1.2694329e+00
  -1.1113735e+00
  -9.2178600e-01
  -7.1184118e-01
  -4.9034621e-01
  -2.6260947e-01
  -3.0894704e-02
   2.0378684e-01
   4.3931502e-01
   6.7051921e-01
   8.8848499e-01
   1.0814578e+00
   1.2370764e+00
   1.3451544e+00
   1.4000066e+00
   1.4014843e+00
   1.3543583e+00
   1.2663111e+00
   1.1453116e+00
   9.9736864e-01
   8.2549656e-01
   6.3024955e-01
   4.1156671e-01
   1.7115791e-01
  -8.5556504e-02
  -3.4877484e-01
  -6.0525513e-01
  -8.4059660e-01
  -1.0420776e+00
  -1.2010502e+00
  -1.3140555e+00
  -1.3823045e+00
  -1.4097835e+00
  -1.4007552e+00
  -1.3576436e+00
  -1.2801272e+00
  -1.1657876e+00
  -1.0120484e+00
  -8.1863253e-01
  -5.8955040e-01
  -3.3380166e-01
  -6.4450351e-02
   2.0365182e-01
   4.5671037e-01
   6.8440443e-01
   8.8104311e-01
   1.0451107e+00
   1.1774602e+00
   1.2789245e+00
   1.3483253e+00
   1.3816962e+00
   1.3730566e+00
   1.3164657e+00
   1.2085787e+00
   1.0507206e+00
   8.4966023e-01
   6.1674821e-01
   3.6569509e-01
   1.0977053e-01
  -1.4058365e-01
  -3.7890152e-01
  -6.0225625e-01
  -8.0950080e-01
  -9.9895317e-01
  -1.1665016e+00
  -1.3049369e+00
  -1.4048410e+00
  -1.4567526e+00
  -1.4538304e+00
  -1.3940269e+00
  -1.2809591e+00
  -1.1231407e+00
  -9.3185235e-01
  -7.1842754e-01
  -4.9194171e-01
  -2.5812087e-01
  -1.9809673e-02
   2.2126797e-01
   4.6222269e-01
   6.9715896e-01
   9.1658057e-01
   1.1083633e+00
   1.2600105e+00
   1.3614085e+00
   1.4070955e+00
   1.3972316e+00
   1.3369374e+00
   1.2342755e+00
   1.0976511e+00
   9.3360998e-01
   7.4584369e-01
   5.3573151e-01
   3.0414852e-01
   5.3770365e-02
  -2.0909356e-01
  -4.7393384e-01
  -7.2705668e-01
  -9.5389295e-01
  -1.1418152e+00
  -1.2824783e+00
  -1.3728728e+00
  -1.4147618e+00
  -1.4127753e+00
  -1.3719328e+00
  -1.2955684e+00
  -1.1844548e+00
  -1.0374511e+00
  -8.5339381e-01
  -6.3346062e-01
  -3.8303950e-01
  -1.1231141e-01
   1.6476384e-01
   4.3276680e-01
   6.7765731e-01
   8.8915085e-01
   1.0618256e+00
   1.1946334e+00
   1.2890896e+00
   1.3469103e+00
   1.3680615e+00
   1.3500102e+00
   1.2884918e+00
   1.1795061e+00
   1.0217680e+00
   8.1864645e-01
   5.7880096e-01
   3.1521012e-01
   4.2884206e-02
  -2.2395330e-01
  -4.7423689e-01
  -7.0118123e-01
  -9.0183209e-01
  -1.0753227e+00
  -1.2206010e+00
  -1.3345872e+00
  -1.4115428e+00
  -1.4439551e+00
  -1.4246441e+00
  -1.3493146e+00
  -1.2185833e+00
  -1.0386973e+00
  -8.2063526e-01
  -5.7788817e-01
  -3.2369913e-01
  -6.8737323e-02
   1.7999949e-01
   4.1873703e-01
   6.4521076e-01
   8.5645102e-01
   1.0470206e+00
   1.2084792e+00
   1.3303698e+00
   1.4024282e+00
   1.4172330e+00
   1.3723295e+00
   1.2710400e+00
   1.1216590e+00
   9.3532523e-01
   7.2335039e-01
   4.9497124e-01
   2.5631298e-01
   1.0873624e-02
  -2.3875461e-01
  -4.8869151e-01
  -7.3205270e-01
  -9.5847866e-01
  -1.1551974e+00
  -1.3093155e+00
  -1.4105536e+00
  -1.4534573e+00
  -1.4383004e+00
  -1.3703788e+00
  -1.2579874e+00
  -1.1098552e+00
  -9.3300035e-01
  -7.3178172e-01
  -5.0845208e-01
  -2.6492115e-01
  -4.9636989e-03
   2.6407514e-01
   5.3083957e-01
   7.8107033e-01
   9.9995000e-01
   1.1748996e+00
   1.2978592e+00
   1.3662722e+00
   1.3824715e+00
   1.3517616e+00
   1.2799676e+00
   1.1714044e+00
   1.0280366e+00
   8.5012235e-01
   6.3804582e-01
   3.9456994e-01
   1.2656328e-01
  -1.5455724e-01
  -4.3394536e-01
  -6.9569360e-01
  -9.2566269e-01
  -1.1138073e+00
  -1.2552196e+00
  -1.3495936e+00
  -1.3994020e+00
  -1.4075549e+00
  -1.3754857e+00
  -1.3024262e+00
  -1.1861553e+00
  -1.0249195e+00
  -8.1975244e-01
  -5.7625038e-01
  -3.0504602e-01
  -2.0708112e-02
   2.6061868e-01
   5.2404622e-01
   7.5828521e-01
   9.5672324e-01
   1.1169445e+00
   1.2389847e+00
   1.3230862e+00
   1.3678935e+00
   1.3698420e+00
   1.3240152e+00
   1.2261618e+00
   1.0750978e+00
   8.7454820e-01
   6.3367494e-01
   3.6602063e-01
   8.7183537e-02
  -1.8798951e-01
  -4.4773387e-01
  -6.8445244e-01
  -8.9426583e-01
  -1.0753227e+00
  -1.2256329e+00
  -1.3413582e+00
  -1.4163050e+00
  -1.4428850e+00
  -1.4142308e+00
  -1.3266853e+00
  -1.1817209e+00
  -9.8653688e-01
  -7.5306573e-01
  -4.9570560e-01
  -2.2856271e-01
   3.6842242e-02
   2.9264075e-01
   5.3417155e-01
   7.5832209e-01
   9.6141805e-01
   1.1375900e+00
   1.2783545e+00
   1.3736686e+00
   1.4141359e+00
   1.3935826e+00
   1.3110574e+00
   1.1715056e+00
   9.8485052e-01
   7.6379900e-01
   5.2115211e-01
   2.6756999e-01
   1.0546867e-02
  -2.4512528e-01
  -4.9570560e-01
  -7.3642727e-01
  -9.5991925e-01
  -1.1558574e+00
  -1.3120966e+00
  -1.4169567e+00
  -1.4618771e+00
  -1.4434940e+00
  -1.3643929e+00
  -1.2322702e+00
  -1.0578210e+00
  -8.5213128e-01
  -6.2451720e-01
  -3.8156014e-01
  -1.2760964e-01
   1.3355166e-01
   3.9664252e-01
   6.5333892e-01
   8.9197534e-01
   1.0987370e+00
   1.2600105e+00
   1.3651053e+00
   1.4084005e+00
   1.3901709e+00
   1.3158292e+00
   1.1938989e+00
   1.0334958e+00
   8.4225181e-01
   6.2542414e-01
   3.8645307e-01
   1.2865900e-01
  -1.4268475e-01
  -4.1882210e-01
  -6.8724655e-01
  -9.3293527e-01
  -1.1407480e+00
  -1.2982012e+00
  -1.3976731e+00
  -1.4372953e+00
  -1.4202699e+00
  -1.3529275e+00
  -1.2422988e+00
  -1.0941293e+00
  -9.1207081e-01
  -6.9830596e-01
  -4.5529101e-01
  -1.8785173e-01
   9.5284236e-02
   3.8123334e-01
   6.5421474e-01
   8.9798101e-01
   1.0986301e+00
   1.2468553e+00
   1.3388915e+00
   1.3758998e+00
   1.3621047e+00
   1.3024546e+00
   1.2007282e+00
   1.0588120e+00
   8.7739986e-01
   6.5779007e-01
   4.0401697e-01
   1.2439924e-01
  -1.6820482e-01
  -4.5766516e-01
  -7.2702712e-01
  -9.6134655e-01
  -1.1499709e+00
  -1.2875291e+00
  -1.3733722e+00
  -1.4097835e+00
  -1.3997221e+00
  -1.3450183e+00
  -1.2457394e+00
  -1.1009647e+00
  -9.1064507e-01
  -6.7777729e-01
  -4.0997874e-01
  -1.1975570e-01
   1.7676103e-01
   4.6226637e-01
   7.2112571e-01
   9.4167456e-01
   1.1172390e+00
   1.2456234e+00
   1.3273825e+00
   1.3636417e+00
   1.3543774e+00
   1.2978665e+00
   1.1915392e+00
   1.0339019e+00
   8.2675952e-01
   5.7682353e-01
   2.9600161e-01
   1.4691050e-04
  -2.9338444e-01
  -5.6857622e-01
  -8.1305864e-01
  -1.0191484e+00
  -1.1833720e+00
  -1.3047911e+00
  -1.3828912e+00
  -1.4159398e+00
  -1.4005157e+00
  -1.3324365e+00
  -1.2087450e+00
  -1.0299809e+00
  -8.0182596e-01
  -5.3542089e-01
  -2.4613510e-01
   4.8859542e-02
   3.3342061e-01
   5.9473866e-01
   8.2438688e-01
   1.0178703e+00
   1.1729952e+00
   1.2878171e+00
   1.3590697e+00
   1.3817687e+00
   1.3502086e+00
   1.2600105e+00
   1.1104431e+00
   9.0610557e-01
   6.5727446e-01
   3.7869879e-01
   8.7195509e-02
  -2.0116432e-01
  -4.7334851e-01
  -7.2041464e-01
  -9.3707667e-01
  -1.1201095e+00
  -1.2663487e+00
  -1.3711825e+00
  -1.4282226e+00
  -1.4303664e+00
  -1.3719012e+00
  -1.2508718e+00
  -1.0708007e+00
  -8.4106534e-01
  -5.7572055e-01
  -2.9111914e-01
  -3.1205834e-03
   2.7518564e-01
   5.3452587e-01
   7.6901922e-01
   9.7460999e-01
   1.1471116e+00
   1.2807541e+00
   1.3679158e+00
   1.4002445e+00
   1.3708130e+00
   1.2765299e+00
   1.1198936e+00
   9.0939954e-01
   6.5838920e-01
   3.8269728e-01
   9.7885422e-02
  -1.8301477e-01
  -4.5053789e-01
  -6.9836662e-01
  -9.2178600e-01
  -1.1157651e+00
  -1.2735535e+00
  -1.3864672e+00
  -1.4450623e+00
  -1.4413369e+00
  -1.3711791e+00
  -1.2361527e+00
  -1.0439297e+00
  -8.0716480e-01
  -5.4116904e-01
  -2.6116821e-01
   1.9932412e-02
   2.9257188e-01
   5.5011674e-01
   7.8733259e-01
   9.9849802e-01
   1.1760444e+00
   1.3103900e+00
   1.3911598e+00
   1.4094280e+00
   1.3601984e+00
   1.2442154e+00
   1.0684194e+00
   8.4484288e-01
   5.8830759e-01
   3.1370753e-01
   3.3794750e-02
  -2.4183102e-01
  -5.0630457e-01
  -7.5398084e-01
  -9.7857697e-01
  -1.1718506e+00
  -1.3234762e+00
  -1.4223062e+00
  -1.4586470e+00
  -1.4267666e+00
  -1.3267255e+00
  -1.1648492e+00
  -9.5264212e-01
  -7.0450490e-01
  -4.3503874e-01
  -1.5685105e-01
   1.2044192e-01
   3.8979562e-01
   6.4523485e-01
   8.8002102e-01
   1.0853645e+00
   1.2503392e+00
   1.3631779e+00
   1.4135776e+00
   1.3952273e+00
   1.3076527e+00
   1.1567009e+00
   9.5346601e-01
   7.1202213e-01
   4.4674530e-01
   1.7013612e-01
  -1.0816632e-01
  -3.8096372e-01
  -6.4200742e-01
  -8.8418861e-01
  -1.0982817e+00
  -1.2728921e+00
  -1.3957816e+00
  -1.4561966e+00
  -1.4474090e+00
  -1.3685705e+00
  -1.2252002e+00
  -1.0281184e+00
  -7.9118783e-01
  -5.2864948e-01
  -2.5295779e-01
   2.6196646e-02
   3.0146655e-01
   5.6636798e-01
   8.1349210e-01
   1.0332769e+00
   1.2139840e+00
   1.3430494e+00
   1.4094280e+00
   1.4061428e+00
   1.3321392e+00
   1.1927717e+00
   9.9873642e-01
   7.6381617e-01
   5.0222323e-01
   2.2644319e-01
  -5.3737455e-02
  -3.3081290e-01
  -5.9808994e-01
  -8.4792037e-01
  -1.0704985e+00
  -1.2538637e+00
  -1.3852709e+00
  -1.4535455e+00
  -1.4516342e+00
  -1.3784528e+00
  -1.2393629e+00
  -1.0450972e+00
  -8.0950080e-01
  -5.4687472e-01
  -2.6982311e-01
   1.1718202e-02
   2.9006813e-01
   5.5834500e-01
   8.0871894e-01
   1.0312328e+00
   1.2138266e+00
   1.3437222e+00
   1.4097835e+00
   1.4050603e+00
   1.3286217e+00
   1.1860168e+00
   9.8818273e-01
   7.4917540e-01
   4.8350758e-01
   2.0399303e-01
  -7.9227922e-02
  -3.5828240e-01
  -6.2612339e-01
  -8.7480125e-01
  -1.0943056e+00
  -1.2726071e+00
  -1.3970513e+00
  -1.4567161e+00
  -1.4449419e+00
  -1.3611426e+00
  -1.2112399e+00
  -1.0065475e+00
  -7.6148295e-01
  -4.9089267e-01
  -2.0788788e-01
   7.7137333e-02
   3.5611009e-01
   6.2185153e-01
   8.6636611e-01
   1.0797012e+00
   1.2500014e+00
   1.3649051e+00
   1.4138916e+00
   1.3907889e+00
   1.2955532e+00
   1.1346684e+00
   9.1999704e-01
   6.6646516e-01
   3.8936756e-01
   1.0218969e-01
  -1.8438564e-01
  -4.6209425e-01
  -7.2367770e-01
  -9.6118828e-01
  -1.1648620e+00
  -1.3231796e+00
  -1.4242581e+00
  -1.4581794e+00
  -1.4194662e+00
  -1.3088201e+00
  -1.1334771e+00
  -9.0601579e-01
  -6.4200742e-01
  -3.5729456e-01
  -6.5793934e-02
   2.2151130e-01
   4.9620047e-01
   7.5101542e-01
   9.7817759e-01
   1.1682691e+00
   1.3102926e+00
   1.3930500e+00
   1.4074418e+00
   1.3489013e+00
   1.2190813e+00
   1.0261547e+00
   7.8357181e-01
   5.0766744e-01
   2.1490683e-01
  -8.0334551e-02
  -3.6679498e-01
  -6.3596769e-01
  -8.8071089e-01
  -1.0935716e+00
  -1.2656675e+00
  -1.3867370e+00
  -1.4464940e+00
  -1.4368879e+00
  -1.3544843e+00
  -1.2020899e+00
  -9.8898735e-01
  -7.2963380e-01
  -4.4121723e-01
  -1.4086517e-01
   1.5660125e-01
   4.3970740e-01
   6.9997611e-01
   9.3054238e-01
   1.1244767e+00
   1.2736578e+00
   1.3688026e+00
   1.4007847e+00
   1.3628429e+00
   1.2528970e+00
   1.0750979e+00
   8.3998956e-01
   5.6313845e-01
   2.6263469e-01
  -4.3740012e-02
  -3.4078431e-01
  -6.1693108e-01
  -8.6390268e-01
  -1.0753227e+00
  -1.2450283e+00
  -1.3659228e+00
  -1.4299715e+00
  -1.4294712e+00
  -1.3591940e+00
  -1.2186244e+00
  -1.0134261e+00
  -7.5551931e-01
  -4.6163635e-01
  -1.5076340e-01
   1.5873305e-01
   4.5140153e-01
   7.1576762e-01
   9.4398506e-01
   1.1304334e+00
   1.2700069e+00
   1.3569316e+00
   1.3847131e+00
   1.3473416e+00
   1.2413570e+00
   1.0679956e+00
   8.3456218e-01
   5.5441660e-01
   2.4545068e-01
  -7.2530303e-02
  -3.8071971e-01
  -6.6362220e-01
  -9.1011446e-01
  -1.1130800e+00
  -1.2679785e+00
  -1.3710944e+00
  -1.4183029e+00
  -1.4049520e+00
  -1.3269878e+00
  -1.1829265e+00
  -9.7589973e-01
  -7.1492322e-01
  -4.1478795e-01
  -9.4457528e-02
   2.2560755e-01
   5.2639354e-01
   7.9265291e-01
   1.0139500e+00
   1.1842633e+00
   1.3005081e+00
   1.3607265e+00
   1.3627828e+00
   1.3041620e+00
   1.1830002e+00
   9.9995000e-01
   7.6011477e-01
   4.7420923e-01
   1.5835378e-01
  -1.6760403e-01
  -4.8281430e-01
  -7.6838806e-01
  -1.0097077e+00
  -1.1974392e+00
  -1.3270815e+00
  -1.3974205e+00
  -1.4086398e+00
  -1.3609249e+00
  -1.2541606e+00
  -1.0888509e+00
  -8.6786816e-01
  -5.9827032e-01
  -2.9235174e-01
   3.2654486e-02
   3.5632178e-01
   6.5779007e-01
   9.1873067e-01
   1.1256267e+00
   1.2707285e+00
   1.3515252e+00
   1.3691073e+00
   1.3261734e+00
   1.2255241e+00
   1.0696418e+00
   8.6148803e-01
   6.0612960e-01
   3.1243794e-01
  -5.9641970e-03
  -3.3108191e-01
  -6.4234398e-01
  -9.1937729e-01
  -1.1449492e+00
  -1.3071910e+00
  -1.4004693e+00
  -1.4247520e+00
  -1.3838532e+00
  -1.2833144e+00
  -1.1287684e+00
  -9.2538885e-01
  -6.7855800e-01
  -3.9536918e-01
  -8.6214608e-02
   2.3435930e-01
   5.4809390e-01
   8.3484072e-01
   1.0753227e+00
   1.2540232e+00
   1.3613217e+00
   1.3942490e+00
   1.3557197e+00
   1.2526331e+00
   1.0936088e+00
   8.8720655e-01
   6.4123714e-01
   3.6330154e-01
   6.2177200e-02
  -2.5069054e-01
  -5.6040280e-01
  -8.4908414e-01
  -1.0976997e+00
  -1.2887685e+00
  -1.4091634e+00
  -1.4521235e+00
  -1.4178611e+00
  -1.3126322e+00
  -1.1466713e+00
  -9.3176535e-01
  -6.7932227e-01
  -3.9954496e-01
  -1.0185067e-01
   2.0384042e-01
   5.0568473e-01
   7.8916733e-01
   1.0375774e+00
   1.2337804e+00
   1.3628429e+00
   1.4147043e+00
   1.3860294e+00
   1.2806364e+00
   1.1083808e+00
   8.8290787e-01
   6.1905832e-01
   3.3078782e-01
   3.0216469e-02
  -2.7204976e-01
  -5.6569834e-01
  -8.3932380e-01
  -1.0796755e+00
  -1.2720866e+00
  -1.4021557e+00
  -1.4582392e+00
  -1.4339545e+00
  -1.3298395e+00
  -1.1535751e+00
  -9.1866654e-01
  -6.4200742e-01
  -3.4112166e-01
  -3.1950454e-02
   2.7219711e-01
   5.6038527e-01
   8.2285619e-01
   1.0496297e+00
   1.2296961e+00
   1.3513473e+00
   1.4037198e+00
   1.3791098e+00
   1.2752726e+00
   1.0968618e+00
   8.5542984e-01
   5.6790269e-01
   2.5396400e-01
  -6.6846440e-02
  -3.7744703e-01
  -6.6432100e-01
  -9.1727118e-01
  -1.1281953e+00
  -1.2896148e+00
  -1.3937557e+00
  -1.4327287e+00
  -1.3998859e+00
  -1.2919210e+00
  -1.1109373e+00
  -8.6565081e-01
  -5.7116926e-01
  -2.4727187e-01
   8.4360439e-02
   4.0315163e-01
   6.9199761e-01
   9.3837350e-01
   1.1340400e+00
   1.2737257e+00
   1.3535221e+00
   1.3697949e+00
   1.3191628e+00
   1.1996282e+00
   1.0124365e+00
   7.6389898e-01
   4.6636482e-01
   1.3779552e-01
  -2.0011667e-01
  -5.2482618e-01
  -8.1598894e-01
  -1.0578170e+00
  -1.2401165e+00
  -1.3578754e+00
  -1.4097835e+00
  -1.3964330e+00
  -1.3190067e+00
  -1.1790170e+00
  -9.7918537e-01
  -7.2505211e-01
  -4.2656434e-01
  -9.8841462e-02
   2.3841233e-01
   5.6289565e-01
   8.5262850e-01
   1.0889809e+00
   1.2589368e+00
   1.3559859e+00
   1.3795171e+00
   1.3331140e+00
   1.2225053e+00
   1.0539938e+00
   8.3393332e-01
   5.6935534e-01
   2.6934660e-01
  -5.3563310e-02
  -3.8279025e-01
  -6.9837894e-01
  -9.7901911e-01
  -1.2049211e+00
  -1.3607316e+00
  -1.4376228e+00
  -1.4339587e+00
  -1.3544301e+00
  -1.2080703e+00
  -1.0059229e+00
  -7.5919605e-01
  -4.7848359e-01
  -1.7416644e-01
   1.4239592e-01
   4.5761324e-01
   7.5512822e-01
   1.0165069e+00
   1.2231889e+00
   1.3592252e+00
   1.4139906e+00
   1.3840170e+00
   1.2733681e+00
   1.0924653e+00
   8.5579710e-01
   5.7929744e-01
   2.7824247e-01
  -3.3743615e-02
  -3.4445246e-01
  -6.4200742e-01
  -9.1365480e-01
  -1.1452019e+00
  -1.3216099e+00
  -1.4287757e+00
  -1.4560372e+00
  -1.3986003e+00
  -1.2590526e+00
  -1.0474029e+00
  -7.7958019e-01
  -4.7484144e-01
  -1.5289290e-01
   1.6841536e-01
   4.7422249e-01
   7.5249189e-01
   9.9292808e-01
   1.1856982e+00
   1.3207304e+00
   1.3881007e+00
   1.3795501e+00
   1.2906763e+00
   1.1230185e+00
   8.8521713e-01
   5.9271284e-01
   2.6593967e-01
  -7.2519047e-02
  -4.0099316e-01
  -7.0113873e-01
  -9.5909924e-01
  -1.1652907e+00
  -1.3131948e+00
  -1.3978891e+00
  -1.4150938e+00
  -1.3612570e+00
  -1.2347324e+00
  -1.0376106e+00
  -7.7744100e-01
  -4.6804931e-01
  -1.2893790e-01
   2.1675782e-01
   5.4527085e-01
   8.3533472e-01
   1.0705761e+00
   1.2405689e+00
   1.3404354e+00
   1.3693890e+00
   1.3289609e+00
   1.2217057e+00
   1.0509214e+00
   8.2145416e-01
   5.4116904e-01
   2.2234223e-01
  -1.1779873e-01
  -4.5788090e-01
  -7.7454864e-01
  -1.0454881e+00
  -1.2524841e+00
  -1.3836456e+00
  -1.4342112e+00
  -1.4058388e+00
  -1.3047911e+00
  -1.1397805e+00
  -9.2028548e-01
  -6.5589297e-01
  -3.5675482e-01
  -3.4756724e-02
   2.9532759e-01
   6.1545426e-01
   9.0518067e-01
   1.1437931e+00
   1.3131948e+00
   1.4007322e+00
   1.4011086e+00
   1.3168200e+00
   1.1570370e+00
   9.3537230e-01
   6.6731888e-01
   3.6819204e-01
   5.2147745e-02
  -2.6761946e-01
  -5.7788817e-01
  -8.6434741e-01
  -1.1112090e+00
  -1.3019727e+00
  -1.4213481e+00
  -1.4578476e+00
  -1.4062419e+00
  -1.2690526e+00
  -1.0565409e+00
  -7.8514626e-01
  -4.7484144e-01
  -1.4621174e-01
   1.8188903e-01
   4.9352084e-01
   7.7556572e-01
   1.0167469e+00
   1.2064733e+00
   1.3342617e+00
   1.3902199e+00
   1.3666084e+00
   1.2600105e+00
   1.0733285e+00
   8.1680596e-01
   5.0756711e-01
   1.6765499e-01
  -1.7893940e-01
  -5.0943015e-01
  -8.0470781e-01
  -1.0505391e+00
  -1.2373845e+00
  -1.3592252e+00
  -1.4121237e+00
  -1.3932839e+00
  -1.3011111e+00
  -1.1363091e+00
  -9.0356890e-01
  -6.1309397e-01
  -2.8119173e-01
   7.0550505e-02
   4.1749741e-01
   7.3509598e-01
   1.0020673e+00
   1.2027950e+00
   1.3283272e+00
   1.3758971e+00
   1.3473694e+00
   1.2473609e+00
   1.0818216e+00
   8.5760229e-01
   5.8306901e-01
   2.6934660e-01
  -6.8539399e-02
  -4.1136752e-01
  -7.3673214e-01
  -1.0213402e+00
  -1.2440765e+00
  -1.3890039e+00
  -1.4474447e+00
  -1.4185835e+00
  -1.3085174e+00
  -1.1281953e+00
  -8.9101915e-01
  -6.1092362e-01
  -3.0148524e-01
   2.3854543e-02
   3.5085008e-01
   6.6350723e-01
   9.4386555e-01
   1.1729584e+00
   1.3329275e+00
   1.4097835e+00
   1.3959959e+00
   1.2920837e+00
   1.1066779e+00
   8.5501840e-01
   5.5635832e-01
   2.3108165e-01
  -1.0162266e-01
  -4.2495951e-01
  -7.2449861e-01
  -9.8730564e-01
  -1.2009397e+00
  -1.3530490e+00
  -1.4320231e+00
  -1.4286915e+00
  -1.3385828e+00
  -1.1639556e+00
  -9.1480827e-01
  -6.0837431e-01
  -2.6710442e-01
   8.4360439e-02
   4.2239234e-01
   7.2689623e-01
   9.8256615e-01
   1.1787764e+00
   1.3085018e+00
   1.3669835e+00
   1.3508910e+00
   1.2584579e+00
   1.0906098e+00
   8.5262850e-01
   5.5559961e-01
   2.1688675e-01
  -1.4082481e-01
  -4.9188449e-01
  -8.1090473e-01
  -1.0760162e+00
  -1.2712884e+00
  -1.3877432e+00
  -1.4228772e+00
  -1.3791098e+00
  -1.2619013e+00
  -1.0783203e+00
  -8.3657139e-01
  -5.4653333e-01
  -2.2088500e-01
   1.2390108e-01
   4.6742452e-01
   7.8651554e-01
   1.0576391e+00
   1.2600105e+00
   1.3785841e+00
   1.4060692e+00
   1.3434288e+00
   1.1988098e+00
   9.8535763e-01
   7.1869917e-01
   4.1490714e-01
   8.9491297e-02
  -2.4250474e-01
  -5.6569834e-01
  -8.6355488e-01
  -1.1182796e+00
  -1.3118424e+00
  -1.4280913e+00
  -1.4554366e+00
  -1.3892902e+00
  -1.2334506e+00
  -9.9992938e-01
  -7.0721017e-01
  -3.7743754e-01
  -3.3355666e-02
   3.0415718e-01
   6.1739088e-01
   8.9184762e-01
   1.1154180e+00
   1.2773897e+00
   1.3680090e+00
   1.3790391e+00
   1.3052954e+00
   1.1466713e+00
   9.0987897e-01
   6.0914068e-01
   2.6536950e-01
  -9.6124248e-02
  -4.4886892e-01
  -7.6856295e-01
  -1.0356404e+00
  -1.2364995e+00
  -1.3633056e+00
  -1.4127753e+00
  -1.3846635e+00
  -1.2807048e+00
  -1.1044850e+00
  -8.6226257e-01
  -5.6429403e-01
  -2.2593229e-01
   1.3222763e-01
   4.8557658e-01
   8.0802940e-01
   1.0753227e+00
   1.2682204e+00
   1.3747753e+00
   1.3910946e+00
   1.3205539e+00
   1.1719006e+00
   9.5701351e-01
   6.8910844e-01
   3.8191044e-01
   4.9850874e-02
  -2.9111914e-01
  -6.2279833e-01
  -9.2478710e-01
  -1.1757269e+00
  -1.3556583e+00
  -1.4489552e+00
  -1.4470051e+00
  -1.3498164e+00
  -1.1660443e+00
  -9.1142795e-01
  -6.0612960e-01
  -2.7178907e-01
   7.0873317e-02
   4.0335140e-01
   7.0946000e-01
   9.7464479e-01
   1.1851860e+00
   1.3279956e+00
   1.3914257e+00
   1.3670404e+00
   1.2518435e+00
   1.0501745e+00
   7.7450368e-01
   4.4467329e-01
   8.5626987e-02
  -2.7583283e-01
  -6.1441093e-01
  -9.0894987e-01
  -1.1437588e+00
  -1.3085550e+00
  -1.3974205e+00
  -1.4074850e+00
  -1.3380643e+00
  -1.1907096e+00
  -9.7016330e-01
  -6.8576213e-01
  -3.5255226e-01
   8.6017108e-03
   3.7232089e-01
   7.1134797e-01
   9.9995000e-01
   1.2172278e+00
   1.3494779e+00
   1.3910594e+00
   1.3437110e+00
   1.2147617e+00
   1.0149915e+00
   7.5692158e-01
   4.5403852e-01
   1.2099768e-01
  -2.2560755e-01
  -5.6660584e-01
  -8.8042195e-01
  -1.1444498e+00
  -1.3375345e+00
  -1.4430051e+00
  -1.4514195e+00
  -1.3622052e+00
  -1.1836942e+00
  -9.3155563e-01
  -6.2612339e-01
  -2.8943445e-01
   5.7193966e-02
   3.9450115e-01
   7.0545440e-01
   9.7464640e-01
   1.1876015e+00
   1.3306757e+00
   1.3919486e+00
   1.3630437e+00
   1.2413570e+00
   1.0319077e+00
   7.4805057e-01
   4.1061366e-01
   4.5521775e-02
  -3.1953942e-01
  -6.5856241e-01
  -9.4990105e-01
  -1.1776365e+00
  -1.3315465e+00
  -1.4060834e+00
  -1.3990679e+00
  -1.3108222e+00
  -1.1441826e+00
  -9.0538311e-01
  -6.0534729e-01
  -2.6066078e-01
   1.0647509e-01
   4.6969412e-01
   8.0121697e-01
   1.0753227e+00
   1.2716730e+00
   1.3776395e+00
   1.3890954e+00
   1.3096333e+00
   1.1486622e+00
   9.1914800e-01
   6.3577864e-01
   3.1405544e-01
  -2.9643446e-02
  -3.7743754e-01
  -7.0943986e-01
  -1.0040412e+00
  -1.2393478e+00
  -1.3956660e+00
  -1.4584660e+00
  -1.4209901e+00
  -1.2857015e+00
  -1.0640972e+00
  -7.7490918e-01
  -4.4121723e-01
  -8.7300836e-02
   2.6393261e-01
   5.9239572e-01
   8.8106668e-01
   1.1154228e+00
   1.2827405e+00
   1.3719374e+00
   1.3743480e+00
   1.2853619e+00
   1.1064124e+00
   8.4654226e-01
   5.2281246e-01
   1.5914804e-01
  -2.1628637e-01
  -5.7460336e-01
  -8.8973086e-01
  -1.1411103e+00
  -1.3150003e+00
  -1.4043191e+00
  -1.4074418e+00
  -1.3266731e+00
  -1.1671212e+00
  -9.3642356e-01
  -6.4532112e-01
  -3.0863428e-01
   5.4064728e-02
   4.1875537e-01
   7.5860397e-01
   1.0468018e+00
   1.2600105e+00
   1.3815475e+00
   1.4034733e+00
   1.3270689e+00
   1.1616921e+00
   9.2249635e-01
   6.2780199e-01
   2.9691703e-01
  -5.1074931e-02
  -3.9750407e-01
  -7.2367770e-01
  -1.0104863e+00
  -1.2387027e+00
  -1.3903260e+00
  -1.4508556e+00
  -1.4119357e+00
  -1.2735515e+00
  -1.0450103e+00
  -7.4426688e-01
  -3.9566528e-01
  -2.6654386e-02
   3.3566497e-01
   6.6730948e-01
   9.4894589e-01
   1.1661103e+00
   1.3085098e+00
   1.3690910e+00
   1.3435582e+00
   1.2307408e+00
   1.0337568e+00
   7.6148295e-01
   4.2959353e-01
   6.0477257e-02
  -3.1833044e-01
  -6.7706653e-01
  -9.8740434e-01
  -1.2259789e+00
  -1.3769168e+00
  -1.4328348e+00
  -1.3942682e+00
  -1.2679785e+00
  -1.0648899e+00
  -7.9841193e-01
  -4.8362345e-01
  -1.3734269e-01
   2.2133493e-01
   5.7070479e-01
   8.8696755e-01
   1.1459184e+00
   1.3256660e+00
   1.4097835e+00
   1.3900426e+00
   1.2679265e+00
   1.0544573e+00
   7.6838006e-01
   4.3323902e-01
   7.4178236e-02
  -2.8470028e-01
  -6.2188241e-01
  -9.1882005e-01
  -1.1595294e+00
  -1.3300725e+00
  -1.4185713e+00
  -1.4161131e+00
  -1.3184489e+00
  -1.1279563e+00
  -8.5509442e-01
  -5.1863852e-01
  -1.4431744e-01
   2.3801810e-01
   5.9808994e-01
   9.0886256e-01
   1.1493252e+00
   1.3058385e+00
   1.3719900e+00
   1.3473807e+00
   1.2360612e+00
   1.0453349e+00
   7.8536423e-01
   4.6957040e-01
   1.1538078e-01
  -2.5536069e-01
  -6.1696134e-01
  -9.4174143e-01
  -1.2030239e+00
  -1.3786313e+00
  -1.4540144e+00
  -1.4241864e+00
  -1.2939754e+00
  -1.0766154e+00
  -7.9118783e-01
  -4.5972210e-01
  -1.0476388e-01
   2.5207007e-01
   5.9049152e-01
   8.9128379e-01
   1.1360397e+00
   1.3075204e+00
   1.3909615e+00
   1.3761931e+00
   1.2600105e+00
   1.0479969e+00
   7.5506231e-01
   4.0431112e-01
   2.4357774e-02
  -3.5430773e-01
  -7.0301955e-01
  -9.9783792e-01
  -1.2211033e+00
  -1.3615774e+00
  -1.4135776e+00
  -1.3757979e+00
  -1.2505015e+00
  -1.0434886e+00
  -7.6479634e-01
  -4.2966235e-01
  -5.9052371e-02
   3.2089102e-01
   6.8078681e-01
   9.9116107e-01
   1.2261618e+00
   1.3669513e+00
   1.4039336e+00
   1.3373174e+00
   1.1760168e+00
   9.3538689e-01
   6.3458199e-01
   2.9432296e-01
  -6.4426270e-02
  -4.2082817e-01
  -7.5398084e-01
  -1.0428117e+00
  -1.2666652e+00
  -1.4068851e+00
  -1.4492317e+00
  -1.3865446e+00
  -1.2208297e+00
  -9.6402258e-01
  -6.3703193e-01
  -2.6717699e-01
   1.1538078e-01
   4.8133062e-01
   8.0516971e-01
   1.0668760e+00
   1.2522281e+00
   1.3521686e+00
   1.3618868e+00
   1.2802823e+00
   1.1101859e+00
   8.5927141e-01
   5.4116904e-01
   1.7607390e-01
  -2.0979546e-01
  -5.8618735e-01
  -9.2206415e-01
  -1.1894549e+00
  -1.3670098e+00
  -1.4424065e+00
  -1.4130986e+00
  -1.2854063e+00
  -1.0724321e+00
  -7.9157911e-01
  -4.6244386e-01
  -1.0556722e-01
   2.5792097e-01
   6.0616125e-01
   9.1656692e-01
   1.1665649e+00
   1.3353559e+00
   1.4065136e+00
   1.3708130e+00
   1.2284574e+00
   9.8994658e-01
   6.7519268e-01
   3.1099794e-01
  -7.2501126e-02
  -4.4554207e-01
  -7.8173806e-01
  -1.0598255e+00
  -1.2640887e+00
  -1.3838532e+00
  -1.4127118e+00
  -1.3481303e+00
  -1.1917905e+00
  -9.5058825e-01
  -6.3778915e-01
  -2.7363006e-01
   1.1526931e-01
   4.9797328e-01
   8.4256853e-01
   1.1201095e+00
   1.3082586e+00
   1.3937672e+00
   1.3732886e+00
   1.2525217e+00
   1.0441717e+00
   7.6549896e-01
   4.3622307e-01
   7.7260326e-02
  -2.8967589e-01
  -6.4200742e-01
  -9.5638832e-01
  -1.2095484e+00
  -1.3801482e+00
  -1.4514481e+00
  -1.4141738e+00
  -1.2687396e+00
  -1.0260813e+00
  -7.0670987e-01
  -3.3811638e-01
   4.8859542e-02
   4.2380738e-01
   7.5980833e-01
   1.0352355e+00
   1.2342235e+00
   1.3461976e+00
   1.3651227e+00
   1.2891104e+00
   1.1207361e+00
   8.6797618e-01
   5.4527085e-01
   1.7400681e-01
  -2.1820038e-01
  -5.9969504e-01
  -9.3821610e-01
  -1.2048998e+00
  -1.3779316e+00
  -1.4449944e+00
  -1.4040122e+00
  -1.2621977e+00
  -1.0339019e+00
  -7.3804377e-01
  -3.9589330e-01
  -2.9688247e-02
   3.3788105e-01
   6.8370850e-01
   9.8445251e-01
   1.2174287e+00
   1.3624669e+00
   1.4045275e+00
   1.3364542e+00
   1.1610363e+00
   8.9164449e-01
   5.5107413e-01
   1.6874992e-01
  -2.2307537e-01
  -5.9322376e-01
  -9.1472740e-01
  -1.1666483e+00
  -1.3345168e+00
  -1.4097835e+00
  -1.3889479e+00
  -1.2730065e+00
  -1.0675749e+00
  -7.8360311e-01
  -4.3820076e-01
  -5.4886764e-02
   3.3733436e-01
   7.0631570e-01
   1.0202849e+00
   1.2518435e+00
   1.3815291e+00
   1.4000933e+00
   1.3090156e+00
   1.1192820e+00
   8.4895018e-01
   5.2030227e-01
   1.5737398e-01
  -2.1564485e-01
  -5.7509272e-01
  -8.9798101e-01
  -1.1622114e+00
  -1.3474261e+00
  -1.4367354e+00
  -1.4191204e+00
  -1.2918963e+00
  -1.0624310e+00
  -7.4841296e-01
  -3.7633639e-01
   2.1606806e-02
   4.1156671e-01
   7.6208193e-01
   1.0472546e+00
   1.2485068e+00
   1.3548617e+00
   1.3621576e+00
   1.2718734e+00
   1.0902276e+00
   8.2792130e-01
   5.0046914e-01
   1.2865900e-01
  -2.6151502e-01
  -6.4001454e-01
  -9.7523202e-01
  -1.2375142e+00
  -1.4030350e+00
  -1.4571049e+00
  -1.3960917e+00
  -1.2275032e+00
  -9.6830161e-01
  -6.4200742e-01
  -2.7543183e-01
   1.0414572e-01
   4.7083773e-01
   8.0098523e-01
   1.0733396e+00
   1.2691945e+00
   1.3730277e+00
   1.3739034e+00
   1.2674494e+00
   1.0578210e+00
   7.5888507e-01
   3.9396076e-01
  -6.1640430e-03
  -4.0670944e-01
  -7.7317582e-01
  -1.0754670e+00
  -1.2909809e+00
  -1.4061314e+00
  -1.4162657e+00
  -1.3244153e+00
  -1.1395938e+00
  -8.7533666e-01
  -5.4889244e-01
  -1.8104293e-01
   2.0386867e-01
   5.7832236e-01
   9.1295561e-01
   1.1790428e+00
   1.3518448e+00
   1.4141359e+00
   1.3590196e+00
   1.1912483e+00
   9.2664813e-01
   5.8977678e-01
   2.1042635e-01
  -1.8014193e-01
  -5.5237838e-01
  -8.8050009e-01
  -1.1433482e+00
  -1.3244153e+00
  -1.4116565e+00
  -1.3976616e+00
  -1.2804677e+00
  -1.0648614e+00
  -7.6363294e-01
  -3.9806750e-01
   2.9278845e-03
   4.0528922e-01
   7.7357362e-01
   1.0753227e+00
   1.2850562e+00
   1.3870246e+00
   1.3762114e+00
   1.2575974e+00
   1.0441759e+00
   7.5448788e-01
   4.1042893e-01
   3.5786812e-02
  -3.4446570e-01
  -7.0450490e-01
  -1.0182067e+00
  -1.2604303e+00
  -1.4092242e+00
  -1.4486914e+00
  -1.3718520e+00
  -1.1826638e+00
  -8.9648197e-01
  -5.3863104e-01
  -1.4129189e-01
   2.6061868e-01
   6.3363856e-01
   9.4913570e-01
   1.1853158e+00
   1.3277964e+00
   1.3691391e+00
   1.3079883e+00
   1.1484405e+00
   8.9997962e-01
   5.7788604e-01
   2.0365182e-01
  -1.9524826e-01
  -5.8676762e-01
  -9.3705633e-01
  -1.2142750e+00
  -1.3927160e+00
  -1.4562921e+00
  -1.4005623e+00
  -1.2328476e+00
  -9.7052132e-01
  -6.3804582e-01
  -2.6360000e-01
   1.2388179e-01
   4.9674351e-01
   8.2964902e-01
   1.0999874e+00
   1.2882227e+00
   1.3787122e+00
   1.3612111e+00
   1.2328442e+00
   9.9995000e-01
   6.7903554e-01
   2.9621264e-01
  -1.1512276e-01
  -5.1808696e-01
  -8.7684101e-01
  -1.1608868e+00
  -1.3482331e+00
  -1.4268988e+00
  -1.3947306e+00
  -1.2579874e+00
  -1.0294148e+00
  -7.2651138e-01
  -3.7040310e-01
   1.4685249e-02
   4.0175976e-01
   7.6177424e-01
   1.0652269e+00
   1.2847867e+00
   1.3986392e+00
   1.3938423e+00
   1.2688117e+00
   1.0341860e+00
   7.1172337e-01
   3.3141787e-01
  -7.2494769e-02
  -4.6571230e-01
  -8.1733926e-01
  -1.1021043e+00
  -1.3012449e+00
  -1.4024282e+00
  -1.3993231e+00
  -1.2914049e+00
  -1.0842788e+00
  -7.9039539e-01
  -4.2965410e-01
  -2.9237744e-02
   3.7785786e-01
   7.5575409e-01
   1.0697402e+00
   1.2906763e+00
   1.3987824e+00
   1.3859615e+00
   1.2561950e+00
   1.0240799e+00
   7.1206819e-01
   3.4723635e-01
  -4.1607785e-02
  -4.2597824e-01
  -7.7886281e-01
  -1.0753227e+00
  -1.2930995e+00
  -1.4137239e+00
  -1.4243043e+00
  -1.3197435e+00
  -1.1047586e+00
  -7.9493040e-01
  -4.1615272e-01
  -2.2545656e-03
   4.0890434e-01
   7.8010606e-01
   1.0792261e+00
   1.2825593e+00
   1.3764810e+00
   1.3574126e+00
   1.2305377e+00
   1.0079780e+00
   7.0711810e-01
   3.4948038e-01
  -3.9867147e-02
  -4.3276680e-01
  -7.9886119e-01
  -1.1073849e+00
  -1.3299771e+00
  -1.4441734e+00
  -1.4368485e+00
  -1.3067157e+00
  -1.0651404e+00
  -7.3493186e-01
  -3.4732227e-01
   6.2177200e-02
   4.5809742e-01
   8.0861656e-01
   1.0878895e+00
   1.2770207e+00
   1.3640439e+00
   1.3435142e+00
   1.2162837e+00
   9.8973847e-01
   6.7836435e-01
   3.0414852e-01
  -1.0382351e-01
  -5.1108003e-01
  -8.8090534e-01
  -1.1785395e+00
  -1.3756439e+00
  -1.4540565e+00
  -1.4079899e+00
  -1.2442265e+00
  -9.8040882e-01
  -6.4200742e-01
  -2.5882220e-01
   1.3815975e-01
   5.1903089e-01
   8.5628161e-01
   1.1255060e+00
   1.3060407e+00
   1.3820172e+00
   1.3439961e+00
   1.1909311e+00
   9.3185235e-01
   5.8652169e-01
   1.8447091e-01
  -2.3775528e-01
  -6.4080703e-01
  -9.8739191e-01
  -1.2467823e+00
  -1.3980593e+00
  -1.4315645e+00
  -1.3485540e+00
  -1.1595294e+00
  -8.8198388e-01
  -5.3828463e-01
  -1.5412008e-01
   2.4247684e-01
   6.2189477e-01
   9.5403927e-01
   1.2101957e+00
   1.3657571e+00
   1.4034683e+00
   1.3164657e+00
   1.1102532e+00
   8.0291621e-01
   4.2330182e-01
   7.4346566e-03
  -4.0608342e-01
  -7.8070179e-01
  -1.0856596e+00
  -1.2982675e+00
  -1.4046603e+00
  -1.3994020e+00
  -1.2845792e+00
  -1.0689829e+00
  -7.6769779e-01
  -4.0201097e-01
   8.0231494e-04
   4.0840044e-01
   7.8545447e-01
   1.0969589e+00
   1.3123716e+00
   1.4097835e+00
   1.3791630e+00
   1.2238717e+00
   9.6007260e-01
   6.1420208e-01
   2.1916602e-01
  -1.8981768e-01
  -5.7885321e-01
  -9.1792201e-01
  -1.1822658e+00
  -1.3529275e+00
  -1.4170045e+00
  -1.3681144e+00
  -1.2072794e+00
  -9.4402698e-01
  -5.9716266e-01
  -1.9454660e-01
   2.2863161e-01
   6.3317966e-01
   9.8042183e-01
   1.2370764e+00
   1.3794740e+00
   1.3962322e+00
   1.2889131e+00
   1.0707301e+00
   7.6386346e-01
   3.9621033e-01
  -1.6310098e-03
  -3.9864378e-01
  -7.6487379e-01
  -1.0724321e+00
  -1.2965321e+00
  -1.4169927e+00
  -1.4203181e+00
  -1.3020482e+00
  -1.0687235e+00
  -7.3869734e-01
  -3.4120104e-01
   8.6498335e-02
   5.0347712e-01
   8.7024424e-01
   1.1535039e+00
   1.3296620e+00
   1.3865331e+00
   1.3232275e+00
   1.1486789e+00
   8.7953285e-01
   5.3809744e-01
   1.5076792e-01
  -2.5306879e-01
  -6.4200742e-01
  -9.8398963e-01
  -1.2484601e+00
  -1.4093649e+00
  -1.4485989e+00
  -1.3591532e+00
  -1.1470877e+00
  -8.3164192e-01
  -4.4323325e-01
  -1.9647622e-02
   3.9879758e-01
   7.7410191e-01
   1.0745053e+00
   1.2769087e+00
   1.3677145e+00
   1.3424613e+00
   1.2048826e+00
   9.6598142e-01
   6.4343598e-01
   2.6125157e-01
  -1.5076340e-01
  -5.5824999e-01
  -9.2468452e-01
  -1.2149238e+00
  -1.3994651e+00
  -1.4585955e+00
  -1.3854710e+00
  -1.1873406e+00
  -8.8457342e-01
  -5.0770752e-01
  -9.3228213e-02
   3.2095973e-01
   6.9945861e-01
   1.0121272e+00
   1.2355483e+00
   1.3535362e+00
   1.3572348e+00
   1.2453060e+00
   1.0244214e+00
   7.0987416e-01
   3.2580356e-01
  -9.5585034e-02
  -5.1624734e-01
  -8.9600932e-01
  -1.1972942e+00
  -1.3899974e+00
  -1.4554843e+00
  -1.3888473e+00
  -1.1989925e+00
  -9.0668367e-01
  -5.4116904e-01
  -1.3627901e-01
   2.7315239e-01
   6.5399966e-01
   9.7659166e-01
   1.2157898e+00
   1.3518962e+00
   1.3718183e+00
   1.2706100e+00
   1.0531132e+00
   7.3509598e-01
   3.4319161e-01
  -8.6863823e-02
  -5.1376750e-01
  -8.9550455e-01
  -1.1946368e+00
  -1.3829619e+00
  -1.4446219e+00
  -1.3771576e+00
  -1.1905563e+00
  -9.0482725e-01
  -5.4691339e-01
  -1.4771629e-01
   2.6027842e-01
   6.4470667e-01
   9.7466584e-01
   1.2221613e+00
   1.3640339e+00
   1.3844175e+00
   1.2773617e+00
   1.0489288e+00
   7.1798298e-01
   3.1509513e-01
  -1.2056083e-01
  -5.4590100e-01
  -9.1933868e-01
  -1.2058300e+00
  -1.3806024e+00
  -1.4310108e+00
  -1.3564964e+00
  -1.1671072e+00
  -8.8129913e-01
  -5.2371805e-01
  -1.2337613e-01
   2.8775846e-01
   6.7608938e-01
   1.0081091e+00
   1.2528505e+00
   1.3850710e+00
   1.3887330e+00
   1.2600105e+00
   1.0089574e+00
   6.5918546e-01
   2.4536017e-01
  -1.9111264e-01
  -6.0736644e-01
  -9.6425301e-01
  -1.2304539e+00
  -1.3849357e+00
  -1.4176727e+00
  -1.3290284e+00
  -1.1284355e+00
  -8.3299410e-01
  -4.6632483e-01
  -5.7631582e-02
   3.5939920e-01
   7.4835381e-01
   1.0728389e+00
   1.3001861e+00
   1.4056271e+00
   1.3761003e+00
   1.2127531e+00
   9.3141281e-01
   5.6076762e-01
   1.3857194e-01
  -2.9332405e-01
  -6.9407989e-01
  -1.0281455e+00
  -1.2681143e+00
  -1.3960383e+00
  -1.4035418e+00
  -1.2913091e+00
  -1.0684849e+00
  -7.5225229e-01
  -3.6747157e-01
   5.4045947e-02
   4.7515218e-01
   8.5621141e-01
   1.1591342e+00
   1.3520731e+00
   1.4138916e+00
   1.3374061e+00
   1.1306101e+00
   8.1555551e-01
   4.2514520e-01
  -1.4133851e-03
  -4.2348981e-01
  -8.0330869e-01
  -1.1090226e+00
  -1.3164511e+00
  -1.4097835e+00
  -1.3817652e+00
  -1.2338394e+00
  -9.7643702e-01
  -6.2922910e-01
  -2.2085947e-01
   2.1240742e-01
   6.2948926e-01
   9.8868822e-01
   1.2527484e+00
   1.3938423e+00
   1.3974369e+00
   1.2641926e+00
   1.0095085e+00
   6.6091401e-01
   2.5400072e-01
  -1.7214148e-01
  -5.7907694e-01
  -9.3217568e-01
  -1.2026294e+00
  -1.3686033e+00
  -1.4160017e+00
  -1.3392598e+00
  -1.1422923e+00
  -8.3934729e-01
  -4.5522589e-01
  -2.4259528e-02
   4.1234815e-01
   8.1077110e-01
   1.1298480e+00
   1.3364542e+00
   1.4098727e+00
   1.3442683e+00
   1.1488315e+00
   8.4573516e-01
   4.6655208e-01
   4.8050122e-02
  -3.7175963e-01
  -7.5675309e-01
  -1.0748701e+00
  -1.2995941e+00
  -1.4111798e+00
  -1.3979942e+00
  -1.2580456e+00
  -1.0003910e+00
  -6.4582904e-01
  -2.2622659e-01
   2.1794238e-01
   6.4181486e-01
   1.0015566e+00
   1.2600105e+00
   1.3914605e+00
   1.3845805e+00
   1.2430905e+00
   9.8421882e-01
   6.3557380e-01
   2.3129838e-01
  -1.9164972e-01
  -5.9654762e-01
  -9.4916349e-01
  -1.2194677e+00
  -1.3832188e+00
  -1.4237543e+00
  -1.3340104e+00
  -1.1184130e+00
  -7.9399788e-01
  -3.9007016e-01
   5.4047748e-02
   4.9316196e-01
   8.8169081e-01
   1.1795061e+00
   1.3569964e+00
   1.3983934e+00
   1.3028493e+00
   1.0833272e+00
   7.6386908e-01
   3.7607811e-01
  -4.4373967e-02
  -4.6069295e-01
  -8.3724888e-01
  -1.1414486e+00
  -1.3455963e+00
  -1.4290404e+00
  -1.3805938e+00
  -1.2008249e+00
  -9.0353872e-01
  -5.1572321e-01
  -7.5486716e-02
   3.7200840e-01
   7.8006179e-01
   1.1064124e+00
   1.3185261e+00
   1.3972125e+00
   1.3380330e+00
   1.1505332e+00
   8.5583218e-01
   4.8337577e-01
   6.7637935e-02
  -3.5472877e-01
  -7.4719075e-01
  -1.0753227e+00
  -1.3088763e+00
  -1.4242034e+00
  -1.4069862e+00
  -1.2548406e+00
  -9.7907615e-01
  -6.0486355e-01
  -1.6931667e-01
   2.8251415e-01
   7.0318315e-01
   1.0489288e+00
   1.2851287e+00
   1.3901311e+00
   1.3569070e+00
   1.1925332e+00
   9.1601662e-01
   5.5524469e-01
   1.4382563e-01
  -2.8169533e-01
  -6.8414804e-01
  -1.0278195e+00
  -1.2806817e+00
  -1.4170201e+00
  -1.4203892e+00
  -1.2864350e+00
  -1.0248442e+00
  -6.5965134e-01
  -2.2740190e-01
   2.2683482e-01
   6.5504492e-01
   1.0124365e+00
   1.2630185e+00
   1.3835818e+00
   1.3655106e+00
   1.2144234e+00
   9.4813739e-01
   5.9372984e-01
   1.8444585e-01
  -2.4306740e-01
  -6.5110822e-01
  -1.0030865e+00
  -1.2658733e+00
  -1.4125711e+00
  -1.4256126e+00
  -1.2997078e+00
  -1.0438836e+00
  -6.8183941e-01
  -2.5011489e-01
   2.0593274e-01
   6.3777258e-01
   9.9995000e-01
   1.2557563e+00
   1.3812968e+00
   1.3673808e+00
   1.2192224e+00
   9.5444532e-01
   6.0015804e-01
   1.8984814e-01
  -2.3942510e-01
  -6.4944479e-01
  -1.0030865e+00
  -1.2667576e+00
  -1.4132490e+00
  -1.4248939e+00
  -1.2965398e+00
  -1.0375756e+00
  -6.7223561e-01
  -2.3768575e-01
   2.2009629e-01
   6.5206399e-01
   1.0124365e+00
   1.2644270e+00
   1.3843377e+00
   1.3634409e+00
   1.2076399e+00
   9.3540597e-01
   5.7476465e-01
   1.6008893e-01
  -2.7081455e-01
  -6.7922045e-01
  -1.0278195e+00
  -1.2832143e+00
  -1.4187888e+00
  -1.4178372e+00
  -1.2764577e+00
  -1.0054549e+00
  -6.3048762e-01
  -1.8998472e-01
   2.6913765e-01
   6.9735040e-01
   1.0489288e+00
   1.2877031e+00
   1.3911111e+00
   1.3519779e+00
   1.1780275e+00
   8.8963791e-01
   5.1663253e-01
   9.4881488e-02
  -3.3678088e-01
  -7.3920179e-01
  -1.0753227e+00
  -1.3126890e+00
  -1.4262627e+00
  -1.4014229e+00
  -1.2366665e+00
  -9.4527043e-01
  -5.5517471e-01
  -1.0663915e-01
   3.5226081e-01
   7.7166450e-01
   1.1064124e+00
   1.3217680e+00
   1.3973465e+00
   1.3286870e+00
   1.1264957e+00
   8.1410047e-01
   4.2393834e-01
  -6.1193882e-03
  -4.3607243e-01
  -8.2658407e-01
  -1.1414486e+00
  -1.3500549e+00
  -1.4300498e+00
  -1.3700971e+00
  -1.1722612e+00
  -8.5330732e-01
  -4.4421331e-01
   1.2513035e-02
   4.6760506e-01
   8.7122936e-01
   1.1795061e+00
   1.3601299e+00
   1.3960718e+00
   1.2868217e+00
   1.0472342e+00
   7.0455963e-01
   2.9452409e-01
  -1.4269452e-01
  -5.6602934e-01
  -9.3645645e-01
  -1.2194677e+00
  -1.3874011e+00
  -1.4218415e+00
  -1.3160054e+00
  -1.0766748e+00
  -7.2501204e-01
  -2.9560216e-01
   1.6663175e-01
   6.1148830e-01
   9.8981784e-01
   1.2600105e+00
   1.3934142e+00
   1.3776813e+00
   1.2175417e+00
   9.3311384e-01
   5.5639079e-01
   1.2682343e-01
  -3.1310356e-01
  -7.2169629e-01
  -1.0610804e+00
  -1.2995941e+00
  -1.4138658e+00
  -1.3908101e+00
  -1.2294904e+00
  -9.4246293e-01
  -5.5599032e-01
  -1.0853514e-01
   3.5276122e-01
   7.7741085e-01
   1.1179832e+00
   1.3364542e+00
   1.4092830e+00
   1.3302488e+00
   1.1105982e+00
   7.7668190e-01
   3.6578764e-01
  -7.8838595e-02
  -5.1283040e-01
  -8.9474815e-01
  -1.1891157e+00
  -1.3686033e+00
  -1.4156964e+00
  -1.3241174e+00
  -1.1000067e+00
  -7.6253888e-01
  -3.4343897e-01
   1.1511912e-01
   5.6445989e-01
   9.5494492e-01
   1.2423342e+00
   1.3938423e+00
   1.3926971e+00
   1.2402878e+00
   9.5552299e-01
   5.7166338e-01
   1.3142122e-01
  -3.1860347e-01
  -7.3313573e-01
  -1.0723984e+00
  -1.3050110e+00
  -1.4097835e+00
  -1.3767807e+00
  -1.2079834e+00
  -9.1762371e-01
  -5.3195791e-01
  -8.8024862e-02
   3.6904458e-01
   7.9032937e-01
   1.1287323e+00
   1.3451221e+00
   1.4138916e+00
   1.3267893e+00
   1.0941833e+00
   7.4347618e-01
   3.1503308e-01
  -1.4348419e-01
  -5.8322620e-01
  -9.5963464e-01
  -1.2365732e+00
  -1.3888795e+00
  -1.4035418e+00
  -1.2799360e+00
  -1.0295316e+00
  -6.7523974e-01
  -2.5026621e-01
   2.0388581e-01
   6.4061609e-01
   1.0127333e+00
   1.2779385e+00
   1.4045070e+00
   1.3761003e+00
   1.1946379e+00
   8.8049118e-01
   4.6983074e-01
   9.6074041e-03
  -4.4883745e-01
  -8.5630149e-01
  -1.1712712e+00
  -1.3637650e+00
  -1.4172687e+00
  -1.3290284e+00
  -1.1092271e+00
  -7.7956299e-01
  -3.7151488e-01
   7.5727805e-02
   5.1792820e-01
   9.0933773e-01
   1.2071642e+00
   1.3766401e+00
   1.3959484e+00
   1.2600105e+00
   9.8217295e-01
   5.9318033e-01
   1.3739929e-01
  -3.3310287e-01
  -7.6552763e-01
  -1.1130669e+00
  -1.3402336e+00
  -1.4260972e+00
  -1.3652838e+00
  -1.1671072e+00
  -8.5347603e-01
  -4.5622646e-01
  -1.4298002e-02
   4.2915736e-01
   8.2990044e-01
   1.1461905e+00
   1.3428790e+00
   1.3957097e+00
   1.2951591e+00
   1.0489288e+00
   6.8226630e-01
   2.3564601e-01
  -2.4007945e-01
  -6.9033514e-01
  -1.0641041e+00
  -1.3204983e+00
  -1.4334902e+00
  -1.3941631e+00
  -1.2104451e+00
  -9.0482725e-01
  -5.1086103e-01
  -6.9234758e-02
   3.7602131e-01
   7.8100614e-01
   1.1051986e+00
   1.3146947e+00
   1.3855099e+00
   1.3067213e+00
   1.0829002e+00
   7.3509598e-01
   2.9970608e-01
  -1.7507386e-01
  -6.3497381e-01
  -1.0267214e+00
  -1.3052280e+00
  -1.4395610e+00
  -1.4166315e+00
  -1.2420690e+00
  -9.3839570e-01
  -5.4116904e-01
  -9.4058684e-02
   3.5619041e-01
   7.6423773e-01
   1.0898003e+00
   1.3005591e+00
   1.3745580e+00
   1.3022562e+00
   1.0881394e+00
   7.5149681e-01
   3.2580356e-01
  -1.4378318e-01
  -6.0496710e-01
  -1.0045331e+00
  -1.2953577e+00
  -1.4429744e+00
  -1.4304275e+00
  -1.2604637e+00
  -9.5469366e-01
  -5.5002550e-01
  -9.3228213e-02
   3.6523393e-01
   7.7700863e-01
   1.1005481e+00
   1.3043919e+00
   1.3691573e+00
   1.2885700e+00
   1.0698408e+00
   7.3346661e-01
   3.1226075e-01
  -1.5076340e-01
  -6.0597748e-01
  -1.0022223e+00
  -1.2929612e+00
  -1.4426134e+00
  -1.4318995e+00
  -1.2610596e+00
  -9.5017230e-01
  -5.3641165e-01
  -6.8756465e-02
   3.9879758e-01
   8.1423077e-01
   1.1335160e+00
   1.3248779e+00
   1.3710438e+00
   1.2697150e+00
   1.0327514e+00
   6.8457491e-01
   2.6008113e-01
  -1.9793064e-01
  -6.4200742e-01
  -1.0241668e+00
  -1.3008586e+00
  -1.4383379e+00
  -1.4176380e+00
  -1.2381171e+00
  -9.1863431e-01
  -4.9580824e-01
  -1.9425620e-02
   4.5427703e-01
   8.7024424e-01
   1.1817551e+00
   1.3558968e+00
   1.3766335e+00
   1.2453503e+00
   9.7928527e-01
   6.0856757e-01
   1.7259866e-01
  -2.8370933e-01
  -7.1364583e-01
  -1.0724321e+00
  -1.3211057e+00
  -1.4305406e+00
  -1.3852717e+00
  -1.1864767e+00
  -8.5330171e-01
  -4.2183521e-01
   5.8574508e-02
   5.3136641e-01
   9.4028752e-01
   1.2370764e+00
   1.3879075e+00
   1.3774675e+00
   1.2100940e+00
   9.0806806e-01
   5.0772441e-01
   5.4355983e-02
  -4.0311438e-01
  -8.1698926e-01
  -1.1448637e+00
  -1.3529275e+00
  -1.4186808e+00
  -1.3331657e+00
  -1.1025762e+00
  -7.4883656e-01
  -3.0860426e-01
   1.6974265e-01
   6.3120745e-01
   1.0209099e+00
   1.2914769e+00
   1.4097835e+00
   1.3617422e+00
   1.1541935e+00
   8.1357068e-01
   3.8171185e-01
  -9.0240562e-02
  -5.4862349e-01
  -9.4355701e-01
  -1.2339504e+00
  -1.3908751e+00
  -1.3994020e+00
  -1.2592387e+00
  -9.8449764e-01
  -6.0272682e-01
  -1.5308045e-01
   3.1664518e-01
   7.5432514e-01
   1.1090889e+00
   1.3376535e+00
   1.4104632e+00
   1.3164657e+00
   1.0654356e+00
   6.8717739e-01
   2.2758536e-01
  -2.5777050e-01
  -7.1133302e-01
  -1.0811100e+00
  -1.3268346e+00
  -1.4239293e+00
  -1.3650529e+00
  -1.1595294e+00
  -8.3126519e-01
  -4.1578594e-01
   4.3166828e-02
   4.9732832e-01
   8.9795366e-01
   1.2002978e+00
   1.3684251e+00
   1.3799058e+00
   1.2296344e+00
   9.3185235e-01
   5.1960056e-01
   4.1257370e-02
  -4.4555106e-01
  -8.8174760e-01
  -1.2149442e+00
  -1.4064564e+00
  -1.4359925e+00
  -1.3033778e+00
  -1.0273458e+00
  -6.4200742e-01
  -1.9194068e-01
   2.7314611e-01
   7.0346765e-01
   1.0535898e+00
   1.2862056e+00
   1.3753690e+00
   1.3092119e+00
   1.0919332e+00
   7.4459440e-01
   3.0414852e-01
  -1.7973239e-01
  -6.5006792e-01
  -1.0497017e+00
  -1.3291056e+00
  -1.4534821e+00
  -1.4078070e+00
  -1.1988358e+00
  -8.5373905e-01
  -4.1575338e-01
   6.2177200e-02
   5.2450279e-01
   9.1970284e-01
   1.2055947e+00
   1.3529398e+00
   1.3474103e+00
   1.1902263e+00
   8.9778293e-01
   5.0040153e-01
   4.0111384e-02
  -4.3276680e-01
  -8.6438380e-01
  -1.2033171e+00
  -1.4071291e+00
  -1.4485335e+00
  -1.3199760e+00
  -1.0355581e+00
  -6.2968326e-01
  -1.5248269e-01
   3.3721886e-01
   7.8010606e-01
   1.1242594e+00
   1.3314203e+00
   1.3808131e+00
   1.2703156e+00
   1.0153203e+00
   6.4595030e-01
   2.0334127e-01
  -2.6448906e-01
  -7.0694650e-01
  -1.0753227e+00
  -1.3274344e+00
  -1.4322915e+00
  -1.3743408e+00
  -1.1565529e+00
  -8.0150644e-01
  -3.4980363e-01
   1.4439354e-01
   6.2028247e-01
   1.0187518e+00
   1.2906763e+00
   1.4036703e+00
   1.3461216e+00
   1.1279399e+00
   7.7816896e-01
   3.4021585e-01
  -1.3421189e-01
  -5.9137009e-01
  -9.8112152e-01
  -1.2615417e+00
  -1.4024282e+00
  -1.3878377e+00
  -1.2177376e+00
  -9.0866517e-01
  -4.9307177e-01
  -1.6943478e-02
   4.6456203e-01
   8.9334040e-01
   1.2157879e+00
   1.3903558e+00
   1.3938423e+00
   1.2251464e+00
   9.0565273e-01
   4.7610815e-01
  -9.4023860e-03
  -4.9119801e-01
  -9.1201847e-01
  -1.2239892e+00
  -1.3936274e+00
  -1.4045422e+00
  -1.2579874e+00
  -9.7173376e-01
  -5.7777276e-01
  -1.1920388e-01
   3.5357405e-01
   7.8740276e-01
   1.1316355e+00
   1.3439002e+00
   1.3957583e+00
   1.2773439e+00
   9.9995000e-01
   5.9571753e-01
   1.1407780e-01
  -3.8472043e-01
  -8.3799093e-01
  -1.1894257e+00
  -1.3967692e+00
  -1.4370595e+00
  -1.3087275e+00
  -1.0305486e+00
  -6.3804582e-01
  -1.7830194e-01
   2.9582956e-01
   7.3134570e-01
   1.0801287e+00
   1.3032777e+00
   1.3747533e+00
   1.2842795e+00
   1.0392358e+00
   6.6506370e-01
   2.0365182e-01
  -2.9064271e-01
  -7.5724628e-01
  -1.1372321e+00
  -1.3816110e+00
  -1.4585774e+00
  -1.3583136e+00
  -1.0943955e+00
  -7.0154775e-01
  -2.3025940e-01
   2.6061868e-01
   7.1188326e-01
   1.0712617e+00
   1.2990185e+00
   1.3714624e+00
   1.2824137e+00
   1.0429830e+00
   6.8005966e-01
   2.3376576e-01
  -2.4607347e-01
  -7.0450490e-01
  -1.0870522e+00
  -1.3460538e+00
  -1.4470510e+00
  -1.3742060e+00
  -1.1336141e+00
  -7.5357745e-01
  -2.8142773e-01
   2.2280166e-01
   6.9484590e-01
   1.0753227e+00
   1.3178638e+00
   1.3949109e+00
   1.3003975e+00
   1.0492427e+00
   6.7419469e-01
   2.2092856e-01
  -2.5764094e-01
  -7.0707386e-01
  -1.0767113e+00
  -1.3244153e+00
  -1.4206982e+00
  -1.3521111e+00
  -1.1235546e+00
  -7.5897342e-01
  -2.9986459e-01
   1.9875251e-01
   6.7479279e-01
   1.0672821e+00
   1.3250113e+00
   1.4141359e+00
   1.3232695e+00
   1.0650785e+00
   6.7410785e-01
   2.0134975e-01
  -2.9330692e-01
  -7.4930609e-01
  -1.1129653e+00
  -1.3433404e+00
  -1.4159540e+00
  -1.3244153e+00
  -1.0802555e+00
  -7.1136529e-01
  -2.5928915e-01
   2.2455205e-01
   6.8373757e-01
   1.0627560e+00
   1.3135961e+00
   1.4022847e+00
   1.3143158e+00
   1.0578210e+00
   6.6356483e-01
   1.8139122e-01
  -3.2651723e-01
  -7.9449167e-01
  -1.1627778e+00
  -1.3858106e+00
  -1.4379819e+00
  -1.3161251e+00
  -1.0386638e+00
  -6.4200742e-01
  -1.7515661e-01
   3.0646084e-01
   7.4710231e-01
   1.0962813e+00
   1.3135968e+00
   1.3727519e+00
   1.2646303e+00
   9.9911606e-01
   6.0516879e-01
   1.2865900e-01
  -3.7230094e-01
  -8.3432294e-01
  -1.1972173e+00
  -1.4126737e+00
  -1.4515958e+00
  -1.3086583e+00
  -1.0031583e+00
  -5.7598480e-01
  -8.3335541e-02
   4.1156671e-01
   8.4721500e-01
   1.1715769e+00
   1.3478490e+00
   1.3577548e+00
   1.2024581e+00
   9.0149747e-01
   4.9023214e-01
   1.6170778e-02
  -4.6562492e-01
  -8.9798101e-01
  -1.2277465e+00
  -1.4122244e+00
  -1.4251620e+00
  -1.2612944e+00
  -9.3838842e-01
  -4.9600759e-01
   9.2146929e-03
   5.1127301e-01
   9.4424449e-01
   1.2518435e+00
   1.3953677e+00
   1.3586850e+00
   1.1495792e+00
   7.9754116e-01
   3.4876251e-01
  -1.4053199e-01
  -6.1122641e-01
  -1.0079847e+00
  -1.2848827e+00
  -1.4097835e+00
  -1.3674273e+00
  -1.1612063e+00
  -8.1345629e-01
  -3.6396049e-01
   1.3363713e-01
   6.1758434e-01
   1.0255812e+00
   1.3032620e+00
   1.4122737e+00
   1.3364542e+00
   1.0848117e+00
   6.9057351e-01
   2.0635862e-01
  -3.0366082e-01
  -7.7314675e-01
  -1.1428380e+00
  -1.3681342e+00
  -1.4240128e+00
  -1.3069234e+00
  -1.0339019e+00
  -6.3953031e-01
  -1.7147208e-01
   3.1480396e-01
   7.6171790e-01
   1.1154615e+00
   1.3318487e+00
   1.3817497e+00
   1.2554764e+00
   9.6529681e-01
   5.4527085e-01
   4.7906450e-02
  -4.6230187e-01
  -9.1769375e-01
  -1.2572459e+00
  -1.4356359e+00
  -1.4299029e+00
  -1.2425089e+00
  -9.0035589e-01
  -4.5014430e-01
   4.8859542e-02
   5.3322163e-01
   9.4349245e-01
   1.2310314e+00
   1.3629072e+00
   1.3247355e+00
   1.1216087e+00
   7.7734398e-01
   3.3219245e-01
  -1.6097454e-01
  -6.4200742e-01
  -1.0501897e+00
  -1.3318181e+00
  -1.4477388e+00
  -1.3796105e+00
  -1.1336100e+00
  -7.4058774e-01
  -2.5229969e-01
   2.6586073e-01
   7.4443994e-01
   1.1201095e+00
   1.3446478e+00
   1.3912246e+00
   1.2571359e+00
   9.6290591e-01
   5.4835090e-01
   6.6615498e-02
  -4.2271396e-01
  -8.6049687e-01
  -1.1943195e+00
  -1.3838532e+00
  -1.4051176e+00
  -1.2534473e+00
  -9.4482523e-01
  -5.1513496e-01
  -1.6937121e-02
   4.8633588e-01
   9.2837364e-01
   1.2491936e+00
   1.4041078e+00
   1.3708130e+00
   1.1531793e+00
   7.8089865e-01
   3.0498977e-01
  -2.0999793e-01
  -6.9559949e-01
  -1.0891234e+00
  -1.3418262e+00
  -1.4244779e+00
  -1.3298706e+00
  -1.0724321e+00
  -6.8549746e-01
  -2.1693193e-01
   2.7629646e-01
   7.3417105e-01
   1.1000167e+00
   1.3269144e+00
   1.3836558e+00
   1.2595083e+00
   9.6689729e-01
   5.4116904e-01
   3.6946692e-02
  -4.7879695e-01
  -9.3610044e-01
  -1.2723264e+00
  -1.4416069e+00
  -1.4216868e+00
  -1.2169349e+00
  -8.5708649e-01
  -3.9215033e-01
   1.1538078e-01
   5.9950050e-01
   9.9934085e-01
   1.2663453e+00
   1.3693076e+00
   1.2971064e+00
   1.0592864e+00
   6.8474495e-01
   2.1872898e-01
  -2.8175070e-01
  -7.5398084e-01
  -1.1368082e+00
  -1.3784987e+00
  -1.4442069e+00
  -1.3218058e+00
  -1.0248251e+00
  -5.9160234e-01
  -8.0411638e-02
   4.3883616e-01
   8.9496823e-01
   1.2261618e+00
   1.3889009e+00
   1.3637688e+00
   1.1572812e+00
   7.9979159e-01
   3.4022410e-01
  -1.6117603e-01
  -6.4079439e-01
  -1.0392301e+00
  -1.3077968e+00
  -1.4135776e+00
  -1.3428769e+00
  -1.1029488e+00
  -7.2180618e-01
  -2.4584863e-01
   2.6486949e-01
   7.4362414e-01
   1.1256806e+00
   1.3575258e+00
   1.4051802e+00
   1.2600105e+00
   9.4076497e-01
   4.9122587e-01
  -2.6252291e-02
  -5.4019464e-01
  -9.8072204e-01
  -1.2896171e+00
  -1.4280819e+00
  -1.3811314e+00
  -1.1583201e+00
  -7.9118783e-01
  -3.2826153e-01
   1.7140190e-01
   6.4525248e-01
   1.0342204e+00
   1.2891931e+00
   1.3766455e+00
   1.2830096e+00
   1.0172319e+00
   6.1089287e-01
   1.1538078e-01
  -4.0401753e-01
  -8.7666287e-01
  -1.2366483e+00
  -1.4328054e+00
  -1.4368190e+00
  -1.2478664e+00
  -8.9283167e-01
  -4.2203009e-01
   9.8711785e-02
   5.9808994e-01
   1.0096377e+00
   1.2806247e+00
   1.3783301e+00
   1.2931369e+00
   1.0385180e+00
   6.4841656e-01
   1.7268760e-01
  -3.2876724e-01
  -7.9268267e-01
  -1.1595294e+00
  -1.3805900e+00
  -1.4243946e+00
  -1.2816826e+00
  -9.6793947e-01
  -5.2267727e-01
  -5.0458333e-03
   5.1397210e-01
   9.6177047e-01
   1.2750881e+00
   1.4097835e+00
   1.3476059e+00
   1.0987262e+00
   6.9965989e-01
   2.0713778e-01
  -3.1077318e-01
  -7.8461483e-01
  -1.1528941e+00
  -1.3695750e+00
  -1.4089875e+00
  -1.2679785e+00
  -9.6551512e-01
  -5.4010925e-01
  -4.5428656e-02
   4.5561031e-01
   8.9796609e-01
   1.2223586e+00
   1.3831839e+00
   1.3554132e+00
   1.1392583e+00
   7.6148295e-01
   2.7267639e-01
  -2.5947242e-01
  -7.6002233e-01
  -1.1581388e+00
  -1.3979481e+00
  -1.4469235e+00
  -1.3003473e+00
  -9.8122133e-01
  -5.3592025e-01
  -2.6654386e-02
   4.7774590e-01
   9.1116359e-01
   1.2183678e+00
   1.3612110e+00
   1.3224974e+00
   1.1074965e+00
   7.4320975e-01
   2.7550446e-01
  -2.3579371e-01
  -7.2367770e-01
  -1.1221902e+00
  -1.3753150e+00
  -1.4453416e+00
  -1.3192758e+00
  -1.0119346e+00
  -5.6480098e-01
  -4.0468639e-02
   4.8659317e-01
   9.4141466e-01
   1.2600105e+00
   1.3989164e+00
   1.3411605e+00
   1.0978368e+00
   7.0535107e-01
   2.1919603e-01
  -2.9440706e-01
  -7.6754920e-01
  -1.1391136e+00
  -1.3618319e+00
  -1.4074418e+00
  -1.2697357e+00
  -9.6539769e-01
  -5.3252188e-01
  -2.6716970e-02
   4.8516511e-01
   9.3332112e-01
   1.2544945e+00
   1.4013958e+00
   1.3504639e+00
   1.1064124e+00
   7.0244034e-01
   1.9575404e-01
  -3.4100578e-01
  -8.3096994e-01
  -1.2048611e+00
  -1.4113138e+00
  -1.4239650e+00
  -1.2443247e+00
  -9.0032399e-01
  -4.4121723e-01
   6.9969803e-02
   5.6510381e-01
   9.7952124e-01
   1.2596372e+00
   1.3690278e+00
   1.2926412e+00
   1.0388677e+00
   6.3918716e-01
   1.4514278e-01
  -3.7743754e-01
  -8.5667540e-01
  -1.2245126e+00
  -1.4268694e+00
  -1.4323933e+00
  -1.2381004e+00
  -8.7063097e-01
  -3.8262911e-01
   1.5527048e-01
   6.6545241e-01
   1.0753227e+00
   1.3281530e+00
   1.3909579e+00
   1.2583032e+00
   9.5181072e-01
   5.1590905e-01
   1.0904153e-02
  -4.9536683e-01
  -9.3614042e-01
  -1.2536975e+00
  -1.4060834e+00
  -1.3721364e+00
  -1.1544320e+00
  -7.7973408e-01
  -2.9658890e-01
   2.3010117e-01
   7.2726678e-01
   1.1237985e+00
   1.3612119e+00
   1.4030692e+00
   1.2413570e+00
   8.9843383e-01
   4.2396563e-01
  -1.1273950e-01
  -6.3363614e-01
  -1.0640846e+00
  -1.3440517e+00
  -1.4365011e+00
  -1.3317969e+00
  -1.0477996e+00
  -6.2612339e-01
  -1.2555920e-01
   3.8611699e-01
   8.4081031e-01
   1.1783384e+00
   1.3535668e+00
   1.3419401e+00
   1.1429342e+00
   7.8094631e-01
   3.0318952e-01
  -2.2560755e-01
  -7.3144951e-01
  -1.1414243e+00
  -1.3947086e+00
  -1.4523845e+00
  -1.3041999e+00
  -9.7083023e-01
  -5.0101289e-01
   3.6050209e-02
   5.6166244e-01
   9.9995000e-01
   1.2893111e+00
   1.3910851e+00
   1.2942202e+00
   1.0155796e+00
   5.9632388e-01
   9.5362099e-02
  -4.1891448e-01
  -8.7745572e-01
  -1.2189965e+00
  -1.3974205e+00
  -1.3874915e+00
  -1.1884416e+00
  -8.2490306e-01
  -3.4474187e-01
   1.8639458e-01
   6.9354118e-01
   1.1029982e+00
   1.3535394e+00
   1.4063564e+00
   1.2518435e+00
   9.1176973e-01
   4.3622453e-01
  -1.0423393e-01
  -6.2982110e-01
  -1.0640830e+00
  -1.3455059e+00
  -1.4362341e+00
  -1.3266632e+00
  -1.0355532e+00
  -6.0612960e-01
  -9.9203936e-02
   4.1542053e-01
   8.6804580e-01
   1.1976957e+00
   1.3595169e+00
   1.3303957e+00
   1.1122852e+00
   7.3275802e-01
   2.4239444e-01
  -2.9111914e-01
  -7.9183099e-01
  -1.1863466e+00
  -1.4150869e+00
  -1.4420711e+00
  -1.2613389e+00
  -8.9860372e-01
  -4.0760161e-01
   1.3834699e-01
   6.5805675e-01
   1.0753227e+00
   1.3305745e+00
   1.3893807e+00
   1.2465901e+00
   9.2582185e-01
   4.7485579e-01
  -4.1938953e-02
  -5.5276843e-01
  -9.8787248e-01
  -1.2882333e+00
  -1.4127753e+00
  -1.3435055e+00
  -1.0881457e+00
  -6.7986323e-01
  -1.7382445e-01
   3.5943067e-01
   8.4333024e-01
   1.2062835e+00
   1.3927751e+00
   1.3726367e+00
   1.1466713e+00
   7.4733262e-01
   2.3406407e-01
  -3.1603070e-01
  -8.2053979e-01
  -1.2048562e+00
  -1.4136845e+00
  -1.4189905e+00
  -1.2232585e+00
  -8.5788707e-01
  -3.7743754e-01
   1.4896256e-01
   6.4753724e-01
   1.0496872e+00
   1.3006159e+00
   1.3659984e+00
   1.2362082e+00
   9.2777360e-01
   4.8183415e-01
  -4.0498439e-02
  -5.6569834e-01
  -1.0176956e+00
  -1.3289206e+00
  -1.4509105e+00
  -1.3626283e+00
  -1.0747959e+00
  -6.2912625e-01
  -9.2270460e-02
   4.5463488e-01
   9.2899893e-01
   1.2600105e+00
   1.3996753e+00
   1.3297646e+00
   1.0636771e+00
   6.4324733e-01
   1.3144675e-01
  -3.9749174e-01
  -8.6880842e-01
  -1.2172697e+00
  -1.3953895e+00
  -1.3791098e+00
  -1.1705854e+00
  -7.9794878e-01
  -3.1206185e-01
   2.1958984e-01
   7.2146649e-01
   1.1202393e+00
   1.3555403e+00
   1.3896086e+00
   1.2141085e+00
   8.5262850e-01
   3.5801113e-01
  -1.9538736e-01
  -7.2336479e-01
  -1.1454534e+00
  -1.3979400e+00
  -1.4439435e+00
  -1.2787878e+00
  -9.2989694e-01
  -4.5153477e-01
   8.4360439e-02
   5.9943279e-01
   1.0203306e+00
   1.2886407e+00
   1.3681924e+00
   1.2491445e+00
   9.4872607e-01
   5.0879559e-01
  -9.4506030e-03
  -5.3316662e-01
  -9.8730564e-01
  -1.3049186e+00
  -1.4370692e+00
  -1.3608820e+00
  -1.0842185e+00
  -6.4579657e-01
  -1.1025375e-01
   4.4140746e-01
   9.2456652e-01
   1.2647334e+00
   1.4097835e+00
   1.3383972e+00
   1.0631746e+00
   6.2798237e-01
   1.0023200e-01
  -4.4028833e-01
  -9.1391125e-01
  -1.2527954e+00
  -1.4101335e+00
  -1.3658157e+00
  -1.1281953e+00
  -7.3216149e-01
  -2.3407424e-01
   2.9572137e-01
   7.8201668e-01
   1.1546383e+00
   1.3581318e+00
   1.3600697e+00
   1.1567213e+00
   7.7491888e-01
   2.6934660e-01
  -2.8482623e-01
  -8.0315620e-01
  -1.2052943e+00
  -1.4282089e+00
  -1.4368077e+00
  -1.2299026e+00
  -8.4034960e-01
  -3.2936035e-01
   2.2385572e-01
   7.3509598e-01
   1.1284121e+00
   1.3473547e+00
   1.3625669e+00
   1.1749088e+00
   8.1413065e-01
   3.3375525e-01
  -1.9680182e-01
  -7.0173313e-01
  -1.1088685e+00
  -1.3592252e+00
  -1.4151230e+00
  -1.2659190e+00
  -9.3047104e-01
  -4.5563112e-01
   8.9501153e-02
   6.2318377e-01
   1.0633356e+00
   1.3406678e+00
   1.4103559e+00
   1.2600105e+00
   9.1227682e-01
   4.2139344e-01
  -1.3575016e-01
  -6.7240286e-01
  -1.1061851e+00
  -1.3721635e+00
  -1.4325319e+00
  -1.2814745e+00
  -9.4479361e-01
  -4.7484144e-01
   5.8023871e-02
   5.7590959e-01
   1.0042506e+00
   1.2817528e+00
   1.3684094e+00
   1.2508478e+00
   9.4446481e-01
   4.9198649e-01
  -4.1660184e-02
  -5.7788817e-01
  -1.0355886e+00
  -1.3434576e+00
  -1.4516171e+00
  -1.3404484e+00
  -1.0248105e+00
  -5.5253066e-01
   2.8820654e-03
   5.5416939e-01
   1.0147827e+00
   1.3131948e+00
   1.4044327e+00
   1.2768154e+00
   9.5290748e-01
   4.8485904e-01
  -5.4681523e-02
  -5.8424579e-01
  -1.0257853e+00
  -1.3156564e+00
  -1.4130090e+00
  -1.3047911e+00
  -1.0070696e+00
  -5.6272521e-01
  -3.5823547e-02
   4.9681329e-01
   9.5604982e-01
   1.2717758e+00
   1.3936808e+00
   1.2997839e+00
   1.0010905e+00
   5.4116904e-01
  -9.7601141e-03
  -5.6559542e-01
  -1.0383111e+00
  -1.3526505e+00
  -1.4588273e+00
  -1.3408297e+00
  -1.0187930e+00
  -5.4510832e-01
   4.8189422e-03
   5.4527085e-01
   9.9397980e-01
   1.2845920e+00
   1.3759663e+00
   1.2572115e+00
   9.4817240e-01
   4.9574812e-01
  -3.3143785e-02
  -5.6092787e-01
  -1.0099571e+00
  -1.3131948e+00
  -1.4238198e+00
  -1.3225372e+00
  -1.0214295e+00
  -5.6341731e-01
  -1.6919200e-02
   5.3394417e-01
   1.0023611e+00
   1.3130194e+00
   1.4149670e+00
   1.2906763e+00
   9.5944841e-01
   4.7436873e-01
  -8.6684696e-02
  -6.3427539e-01
  -1.0823663e+00
  -1.3622404e+00
  -1.4329817e+00
  -1.2869426e+00
  -9.4967904e-01
  -4.7484144e-01
   6.4736321e-02
   5.8812774e-01
   1.0179236e+00
   1.2909019e+00
   1.3665989e+00
   1.2329150e+00
   9.0813735e-01
   4.3901598e-01
  -1.0515164e-01
  -6.4200742e-01
  -1.0881904e+00
  -1.3723584e+00
  -1.4471114e+00
  -1.2976357e+00
  -9.4523535e-01
  -4.4473558e-01
   1.2410409e-01
   6.6979588e-01
   1.1045767e+00
   1.3592252e+00
   1.3944834e+00
   1.2070531e+00
   8.2927536e-01
   3.2286700e-01
  -2.3183417e-01
  -7.4899310e-01
  -1.1504825e+00
  -1.3771666e+00
  -1.3968402e+00
  -1.2080703e+00
  -8.3979529e-01
  -3.4698551e-01
   1.9701500e-01
   7.1061456e-01
   1.1154828e+00
   1.3481086e+00
   1.3698546e+00
   1.1738860e+00
   7.8755136e-01
   2.6934660e-01
  -2.9953001e-01
  -8.2797147e-01
  -1.2300604e+00
  -1.4397805e+00
  -1.4225523e+00
  -1.1813255e+00
  -7.5601941e-01
  -2.1643953e-01
   3.4989530e-01
   8.5262850e-01
   1.2133634e+00
   1.3778163e+00
   1.3234708e+00
   1.0618621e+00
   6.3561387e-01
   1.1113805e-01
  -4.3161595e-01
  -9.1081528e-01
  -1.2543098e+00
  -1.4097835e+00
  -1.3523492e+00
  -1.0886343e+00
  -6.5665414e-01
  -1.2114762e-01
   4.3538794e-01
   9.2501426e-01
   1.2683344e+00
   1.4078843e+00
   1.3184860e+00
   1.0124365e+00
   5.3825203e-01
  -2.7089687e-02
  -5.9114061e-01
  -1.0618270e+00
  -1.3631640e+00
  -1.4479050e+00
  -1.3048814e+00
  -9.5992037e-01
  -4.7052569e-01
   8.4360439e-02
   6.1745076e-01
   1.0467530e+00
   1.3076592e+00
   1.3619075e+00
   1.2024828e+00
   8.5412554e-01
   3.6960281e-01
  -1.7773392e-01
  -7.0427139e-01
  -1.1281953e+00
  -1.3818316e+00
  -1.4225531e+00
  -1.2404578e+00
  -8.6125494e-01
  -3.4340225e-01
   2.3051045e-01
   7.6701507e-01
   1.1774956e+00
   1.3935586e+00
   1.3791098e+00
   1.1367595e+00
   7.0728791e-01
   1.6230503e-01
  -4.0839527e-01
  -9.1229443e-01
  -1.2695123e+00
  -1.4253865e+00
  -1.3583217e+00
  -1.0819892e+00
  -6.4200742e-01
  -1.0807230e-01
   4.3697532e-01
   9.0946816e-01
   1.2369943e+00
   1.3688010e+00
   1.2833041e+00
   9.9173675e-01
   5.3728223e-01
  -1.0520271e-02
  -5.6569834e-01
  -1.0389664e+00
  -1.3521849e+00
  -1.4517803e+00
  -1.3186321e+00
  -9.7234612e-01
  -4.6877375e-01
   1.0907585e-01
   6.6521598e-01
   1.1073466e+00
   1.3628429e+00
   1.3910528e+00
   1.1896858e+00
   7.9432529e-01
   2.7147269e-01
  -2.9327867e-01
  -8.0960052e-01
  -1.1967771e+00
  -1.3958027e+00
  -1.3776223e+00
  -1.1466713e+00
  -7.3958399e-01
  -2.1950359e-01
   3.3316398e-01
   8.3241301e-01
   1.1993303e+00
   1.3742179e+00
   1.3264234e+00
   1.0602176e+00
   6.1542078e-01
   6.2177200e-02
  -5.0973292e-01
  -1.0055591e+00
  -1.3417908e+00
  -1.4609482e+00
  -1.3420713e+00
  -1.0047568e+00
  -5.0584738e-01
   7.0632488e-02
   6.2833033e-01
   1.0753227e+00
   1.3396183e+00
   1.3806621e+00
   1.1950395e+00
   8.1579133e-01
   3.0593093e-01
  -2.5235272e-01
  -7.7082824e-01
  -1.1686359e+00
  -1.3841508e+00
  -1.3838532e+00
  -1.1672049e+00
  -7.6696010e-01
  -2.4478084e-01
   3.1748486e-01
   8.2993905e-01
   1.2086578e+00
   1.3895517e+00
   1.3397320e+00
   1.0641791e+00
   6.0612960e-01
   4.0666622e-02
  -5.3768199e-01
  -1.0312498e+00
  -1.3564409e+00
  -1.4585455e+00
  -1.3212983e+00
  -9.6938056e-01
  -4.6352223e-01
   1.1066059e-01
   6.5779007e-01
   1.0889045e+00
   1.3358190e+00
   1.3613924e+00
   1.1643612e+00
   7.7842991e-01
   2.6619713e-01
  -2.9086934e-01
  -8.0484965e-01
  -1.1944988e+00
  -1.3974205e+00
  -1.3797313e+00
  -1.1418496e+00
  -7.1937607e-01
  -1.7856384e-01
   3.9337606e-01
   9.0198995e-01
   1.2612951e+00
   1.4088343e+00
   1.3172457e+00
   9.9995000e-01
   5.0957177e-01
  -7.0883292e-02
  -6.4257427e-01
  -1.1083593e+00
  -1.3899464e+00
  -1.4413955e+00
  -1.2565179e+00
  -8.6902162e-01
  -3.4571902e-01
   2.2560755e-01
   7.5124924e-01
   1.1468234e+00
   1.3502980e+00
   1.3309832e+00
   1.0934883e+00
   6.7641724e-01
   1.4623345e-01
  -4.1278249e-01
  -9.1117818e-01
  -1.2679785e+00
  -1.4235190e+00
  -1.3495576e+00
  -1.0549043e+00
  -5.8527680e-01
  -1.6907944e-02
   5.5548285e-01
   1.0345885e+00
   1.3375712e+00
   1.4110961e+00
   1.2413570e+00
   8.5698221e-01
   3.2411050e-01
  -2.6547780e-01
  -8.1085891e-01
  -1.2198717e+00
  -1.4250202e+00
  -1.3945070e+00
  -1.1366374e+00
  -6.9720403e-01
  -1.5076340e-01
   4.1231711e-01
   9.0067446e-01
   1.2362465e+00
   1.3660199e+00
   1.2697557e+00
   9.6283082e-01
   4.9393204e-01
  -6.2107610e-02
  -6.1549654e-01
  -1.0753227e+00
  -1.3641701e+00
  -1.4312893e+00
  -1.2620324e+00
  -8.8161386e-01
  -3.5207294e-01
   2.3750138e-01
   7.8607268e-01
   1.1984813e+00
   1.4026562e+00
   1.3628429e+00
   1.0861922e+00
   6.2137935e-01
   4.9561113e-02
  -5.3047231e-01
  -1.0199806e+00
  -1.3373977e+00
  -1.4318082e+00
  -1.2905973e+00
  -9.4033396e-01
  -4.4121723e-01
   1.2356025e-01
   6.6153912e-01
   1.0855969e+00
   1.3273301e+00
   1.3474496e+00
   1.1418668e+00
   7.4265129e-01
   2.1360078e-01
  -3.5919624e-01
  -8.8071089e-01
  -1.2624256e+00
  -1.4374969e+00
  -1.3729820e+00
  -1.0767046e+00
  -5.9710568e-01
  -1.5661490e-02
   5.6707367e-01
   1.0493622e+00
   1.3467416e+00
   1.4074418e+00
   1.2217181e+00
   8.2330452e-01
   2.8281874e-01
  -3.0542011e-01
  -8.4045366e-01
  -1.2323145e+00
  -1.4170313e+00
  -1.3665551e+00
  -1.0922756e+00
  -6.4200742e-01
  -9.1376942e-02
   4.6873142e-01
   9.4663918e-01
   1.2641558e+00
   1.3687412e+00
   1.2419098e+00
   9.0264966e-01
   4.0517334e-01
  -1.6898462e-01
  -7.2367770e-01
  -1.1639395e+00
  -1.4123836e+00
  -1.4233276e+00
  -1.1918733e+00
  -7.5590341e-01
  -1.9021394e-01
   4.0643644e-01
   9.2906935e-01
   1.2856460e+00
   1.4138916e+00
   1.2924838e+00
   9.4448275e-01
   4.3250094e-01
  -1.5321649e-01
  -7.1128977e-01
  -1.1470436e+00
  -1.3884376e+00
  -1.3974589e+00
  -1.1753837e+00
  -7.6148295e-01
  -2.2581132e-01
   3.4249381e-01
   8.4950558e-01
   1.2113112e+00
   1.3672779e+00
   1.2899327e+00
   9.8996005e-01
   5.1535406e-01
  -5.5499719e-02
  -6.2612339e-01
  -1.0979507e+00
  -1.3874976e+00
  -1.4416543e+00
  -1.2481083e+00
  -8.3861365e-01
  -2.8410751e-01
   3.1770024e-01
   8.6004408e-01
   1.2467257e+00
   1.4097835e+00
   1.3217415e+00
   1.0001187e+00
   5.0351181e-01
  -7.9725606e-02
  -6.4778325e-01
  -1.1034478e+00
  -1.3706021e+00
  -1.4064228e+00
  -1.2075295e+00
  -8.0950080e-01
  -2.8025248e-01
   2.9138826e-01
   8.1005084e-01
   1.1890171e+00
   1.3641072e+00
   1.3042761e+00
   1.0172819e+00
   5.4933479e-01
  -2.1586485e-02
  -5.9808994e-01
  -1.0796911e+00
  -1.3804767e+00
  -1.4449510e+00
  -1.2589525e+00
  -8.5325441e-01
  -2.9879135e-01
   3.0586963e-01
   8.5255011e-01
   1.2434901e+00
   1.4094280e+00
   1.3221670e+00
   9.9924146e-01
   4.9996421e-01
  -8.6107123e-02
  -6.5580622e-01
  -1.1107919e+00
  -1.3743813e+00
  -1.4039574e+00
  -1.1971497e+00
  -7.9118783e-01
  -2.5595117e-01
   3.1789271e-01
   8.3370672e-01
   1.2044492e+00
   1.3667583e+00
   1.2915178e+00
   9.8924868e-01
   5.0927079e-01
  -6.7595088e-02
  -6.4200742e-01
  -1.1129277e+00
  -1.3955483e+00
  -1.4370852e+00
  -1.2273064e+00
  -8.0146038e-01
  -2.3466086e-01
   3.7149403e-01
   9.0763232e-01
   1.2770142e+00
   1.4135776e+00
   1.2940416e+00
   9.4174451e-01
   4.2164230e-01
  -1.7230512e-01
  -7.3467310e-01
  -1.1675513e+00
  -1.3974447e+00
  -1.3872357e+00
  -1.1414693e+00
  -7.0450490e-01
  -1.5226814e-01
   4.2077074e-01
   9.1722014e-01
   1.2526181e+00
   1.3692088e+00
   1.2456348e+00
   9.0102177e-01
   3.9261561e-01
  -1.9298894e-01
  -7.5398084e-01
  -1.1907603e+00
  -1.4237843e+00
  -1.4085720e+00
  -1.1448528e+00
  -6.7774584e-01
  -9.0337751e-02
   5.1123538e-01
   1.0174661e+00
   1.3360778e+00
   1.4094280e+00
   1.2252178e+00
   8.1841691e-01
   2.6416332e-01
  -3.3675146e-01
  -8.7677084e-01
  -1.2610856e+00
  -1.4241312e+00
  -1.3402591e+00
  -1.0270520e+00
  -5.4116904e-01
   3.2139666e-02
   5.9381725e-01
   1.0475817e+00
   1.3157379e+00
   1.3518986e+00
   1.1487651e+00
   7.3976232e-01
   1.9411451e-01
  -3.9414733e-01
  -9.2178600e-01
  -1.2942152e+00
  -1.4426255e+00
  -1.3372167e+00
  -9.9380531e-01
  -4.7213553e-01
   1.3422992e-01
   7.1483713e-01
   1.1629652e+00
   1.3959078e+00
   1.3708130e+00
   1.0928391e+00
   6.1397734e-01
   2.2855480e-02
  -5.7230305e-01
  -1.0640482e+00
  -1.3653597e+00
  -1.4248974e+00
  -1.2352343e+00
  -8.3296179e-01
  -2.9111914e-01
   2.9429927e-01
   8.2117640e-01
   1.1985576e+00
   1.3616690e+00
   1.2824630e+00
   9.7420443e-01
   4.8944881e-01
  -8.8357426e-02
  -6.5853147e-01
  -1.1201095e+00
  -1.3894777e+00
  -1.4156980e+00
  -1.1906539e+00
  -7.5181610e-01
  -1.7663376e-01
   4.3086289e-01
   9.5903388e-01
   1.3096543e+00
   1.4168437e+00
   1.2600105e+00
   8.6806555e-01
   3.1395523e-01
  -2.9939532e-01
  -8.5883921e-01
  -1.2624334e+00
  -1.4382696e+00
  -1.3571372e+00
  -1.0368504e+00
  -5.3782037e-01
   4.8859542e-02
   6.1827028e-01
   1.0702575e+00
   1.3265270e+00
   1.3435325e+00
   1.1193068e+00
   6.9339859e-01
   1.4009338e-01
  -4.4399371e-01
  -9.5609329e-01
  -1.3047911e+00
  -1.4261135e+00
  -1.2954520e+00
  -9.3303730e-01
  -4.0158657e-01
   2.0394619e-01
   7.7307883e-01
   1.2001262e+00
   1.4043386e+00
   1.3458279e+00
   1.0339019e+00
   5.2587906e-01
  -8.3589440e-02
  -6.8064273e-01
  -1.1541228e+00
  -1.4168208e+00
  -1.4217924e+00
  -1.1705972e+00
  -7.1207926e-01
  -1.3227225e-01
   4.6226637e-01
   9.6426597e-01
   1.2849276e+00
   1.3691179e+00
   1.2041765e+00
   8.2120683e-01
   2.8900658e-01
  -2.9809638e-01
  -8.3642378e-01
  -1.2305764e+00
  -1.4097835e+00
  -1.3403913e+00
  -1.0323760e+00
  -5.3855396e-01
   5.3755794e-02
   6.3758888e-01
   1.1054122e+00
   1.3691097e+00
   1.3770961e+00
   1.1250469e+00
   6.5779007e-01
   6.1595629e-02
  -5.5190817e-01
  -1.0671318e+00
  -1.3869464e+00
  -1.4515429e+00
  -1.2498662e+00
  -8.2134896e-01
  -2.4774331e-01
   3.6308834e-01
   8.9798101e-01
   1.2596612e+00
   1.3842715e+00
   1.2521352e+00
   8.9015159e-01
   3.6585277e-01
  -2.2539890e-01
  -7.7756466e-01
  -1.1924198e+00
  -1.3963621e+00
  -1.3529275e+00
  -1.0691017e+00
  -5.9442394e-01
  -1.2902900e-02
   5.7115862e-01
   1.0513097e+00
   1.3381314e+00
   1.3760819e+00
   1.1547639e+00
   7.1214755e-01
   1.2865900e-01
  -4.8718734e-01
  -1.0191391e+00
  -1.3656560e+00
  -1.4599368e+00
  -1.2833371e+00
  -8.6929019e-01
  -2.9682780e-01
   3.2498258e-01
   8.7843862e-01
   1.2600105e+00
   1.3999385e+00
   1.2748254e+00
   9.1101796e-01
   3.7851651e-01
  -2.2298990e-01
  -7.8299128e-01
  -1.2002752e+00
  -1.4007045e+00
  -1.3497342e+00
  -1.0578210e+00
  -5.7810487e-01
   3.0556053e-03
   5.8108655e-01
   1.0513443e+00
   1.3275184e+00
   1.3572701e+00
   1.1323530e+00
   6.9119044e-01
   1.1303376e-01
  -4.9570560e-01
  -1.0208145e+00
  -1.3618922e+00
  -1.4520597e+00
  -1.2717090e+00
  -8.5323724e-01
  -2.7547706e-01
   3.5131601e-01
   9.0699357e-01
   1.2851735e+00
   1.4141359e+00
   1.2706561e+00
   8.8402494e-01
   3.2962765e-01
  -2.8634929e-01
  -8.4776034e-01
  -1.2506102e+00
  -1.4221422e+00
  -1.3334706e+00
  -1.0037704e+00
  -4.9570560e-01
   9.6666256e-02
   6.6510430e-01
   1.1064361e+00
   1.3406317e+00
   1.3247925e+00
   1.0608204e+00
   5.9547414e-01
   1.2650727e-02
  -5.8105946e-01
  -1.0753227e+00
  -1.3763609e+00
  -1.4249457e+00
  -1.2085617e+00
  -7.6505987e-01
  -1.7662178e-01
   4.4523969e-01
   9.8099001e-01
   1.3265526e+00
   1.4141589e+00
   1.2261618e+00
   7.9880824e-01
   2.1509319e-01
  -4.1183287e-01
  -9.6120629e-01
  -1.3284229e+00
  -1.4451711e+00
  -1.2919705e+00
  -9.0088524e-01
  -3.4826971e-01
   2.6061868e-01
   8.1185731e-01
   1.2039815e+00
   1.3661498e+00
   1.2703016e+00
   9.3548124e-01
   4.2388762e-01
  -1.7046349e-01
  -7.3847879e-01
  -1.1753562e+00
  -1.3994020e+00
  -1.3671230e+00
  -1.0818809e+00
  -5.9431354e-01
   5.9578120e-03
   6.0625535e-01
   1.0917889e+00
   1.3678029e+00
   1.3785803e+00
   1.1193056e+00
   6.3804582e-01
   2.7067569e-02
  -5.9502391e-01
  -1.1067995e+00
  -1.4083273e+00
  -1.4411998e+00
  -1.2000657e+00
  -7.3331201e-01
  -1.3289941e-01
   4.8434499e-01
   9.9995000e-01
   1.3167372e+00
   1.3769567e+00
   1.1723102e+00
   7.4432639e-01
   1.7548291e-01
  -4.2686026e-01
  -9.5051744e-01
  -1.2988540e+00
  -1.4079848e+00
  -1.2579874e+00
  -8.7636517e-01
  -3.3323467e-01
   2.7100838e-01
   8.2358769e-01
   1.2198772e+00
   1.3830294e+00
   1.2790907e+00
   9.2455568e-01
   3.8451327e-01
  -2.3875461e-01
  -8.2493799e-01
  -1.2591147e+00
  -1.4547866e+00
  -1.3717314e+00
  -1.0247635e+00
  -4.8132370e-01
   1.5179886e-01
   7.4993118e-01
   1.1956705e+00
   1.4024282e+00
   1.3314561e+00
   9.9893453e-01
   4.7189701e-01
  -1.4585081e-01
  -7.3464901e-01
  -1.1823434e+00
  -1.4054580e+00
  -1.3642572e+00
  -1.0691823e+00
  -5.7788817e-01
   1.6180076e-02
   6.0134337e-01
   1.0681592e+00
   1.3292590e+00
   1.3352059e+00
   1.0836933e+00
   6.2044007e-01
   3.1442065e-02
  -5.7232998e-01
  -1.0753227e+00
  -1.3793356e+00
  -1.4229071e+00
  -1.1942450e+00
  -7.3480373e-01
  -1.3232245e-01
   4.9572635e-01
   1.0252315e+00
   1.3504675e+00
   1.4058171e+00
   1.1795061e+00
   7.1629726e-01
   1.0846771e-01
  -5.2304441e-01
  -1.0532926e+00
  -1.3785278e+00
  -1.4366920e+00
  -1.2190798e+00
  -7.7105246e-01
  -1.8203965e-01
   4.3276680e-01
   9.5510829e-01
   1.2862060e+00
   1.3649378e+00
   1.1785013e+00
   7.6395556e-01
   2.0070867e-01
  -4.0446665e-01
  -9.3714556e-01
  -1.2962571e+00
  -1.4127753e+00
  -1.2628318e+00
  -8.7282442e-01
  -3.1535294e-01
   3.0363198e-01
   8.6445470e-01
   1.2566771e+00
   1.4010602e+00
   1.2660794e+00
   8.7536836e-01
   3.0414852e-01
  -3.3505372e-01
  -9.1476318e-01
  -1.3184699e+00
  -1.4646492e+00
  -1.3237138e+00
  -9.2419629e-01
  -3.4680432e-01
   2.9234639e-01
   8.6566128e-01
   1.2600105e+00
   1.3992345e+00
   1.2586676e+00
   8.6898608e-01
   3.0900447e-01
  -3.1070622e-01
  -8.6980698e-01
  -1.2613507e+00
  -1.4117366e+00
  -1.2939346e+00
  -9.3185235e-01
  -3.9534786e-01
   2.1301471e-01
   7.7704257e-01
   1.1884814e+00
   1.3673144e+00
   1.2771765e+00
   9.3297526e-01
   3.9904339e-01
  -2.2222369e-01
  -8.0950080e-01
  -1.2460563e+00
  -1.4431700e+00
  -1.3586689e+00
  -1.0065248e+00
  -4.5513334e-01
   1.8577776e-01
   7.8717508e-01
   1.2271850e+00
   1.4163869e+00
   1.3164657e+00
   9.4815842e-01
   3.8678235e-01
  -2.5362422e-01
  -8.4403649e-01
  -1.2668984e+00
  -1.4397017e+00
  -1.3308952e+00
  -9.6513495e-01
  -4.1721611e-01
   2.0365182e-01
   7.7575831e-01
   1.1885376e+00
   1.3634352e+00
   1.2682548e+00
   9.2261020e-01
   3.9375749e-01
  -2.1625277e-01
  -7.8973890e-01
  -1.2154727e+00
  -1.4097835e+00
  -1.3328629e+00
  -9.9715053e-01
  -4.6595509e-01
   1.5782915e-01
   7.5115835e-01
   1.1949480e+00
   1.3981926e+00
   1.3171311e+00
   9.6523826e-01
   4.1156671e-01
  -2.3261870e-01
  -8.3639448e-01
  -1.2762720e+00
  -1.4620429e+00
  -1.3557493e+00
  -9.7961999e-01
  -4.1125017e-01
   2.3286137e-01
   8.2175247e-01
   1.2370764e+00
   1.3970508e+00
   1.2723686e+00
   8.9105612e-01
   3.3168806e-01
  -2.9322509e-01
  -8.6000572e-01
  -1.2580701e+00
  -1.4110059e+00
  -1.2906457e+00
  -9.2178600e-01
  -3.7695940e-01
   2.3758607e-01
   8.0208152e-01
   1.2059698e+00
   1.3691008e+00
   1.2575071e+00
   8.9070940e-01
   3.3890064e-01
  -2.8984251e-01
  -8.7024424e-01
  -1.2846386e+00
  -1.4470485e+00
  -1.3215242e+00
  -9.3065059e-01
  -3.5202351e-01
   2.9697907e-01
   8.8320709e-01
   1.2855402e+00
   1.4204952e+00
   1.2600105e+00
   8.3745282e-01
   2.4050174e-01
  -4.0749919e-01
  -9.7358502e-01
  -1.3428975e+00
  -1.4421496e+00
  -1.2539744e+00
  -8.1942910e-01
  -2.2853272e-01
   3.9879758e-01
   9.3721579e-01
   1.2807758e+00
   1.3632856e+00
   1.1704717e+00
   7.4195939e-01
   1.6301613e-01
  -4.5217266e-01
  -9.8250576e-01
  -1.3232075e+00
  -1.4060834e+00
  -1.2130503e+00
  -7.8030877e-01
  -1.9211923e-01
   4.3497519e-01
   9.7477160e-01
   1.3166661e+00
   1.3885476e+00
   1.1725035e+00
   7.0973988e-01
   9.3228213e-02
  -5.5080895e-01
  -1.0889471e+00
  -1.4086873e+00
  -1.4425525e+00
  -1.1827788e+00
  -6.8324306e-01
  -4.8104278e-02
   5.9037370e-01
   1.0999203e+00
   1.3761003e+00
   1.3638752e+00
   1.0683759e+00
   5.5285946e-01
  -7.5349062e-02
  -6.8761281e-01
  -1.1604543e+00
  -1.4002435e+00
  -1.3612506e+00
  -1.0537777e+00
  -5.4116904e-01
   7.3346926e-02
   6.6720454e-01
   1.1224373e+00
   1.3485271e+00
   1.2999714e+00
   9.8533275e-01
   4.6601736e-01
  -1.5516520e-01
  -7.5374274e-01
  -1.2080703e+00
  -1.4239262e+00
  -1.3542913e+00
  -1.0100733e+00
  -4.5916294e-01
   1.8647446e-01
   7.9340435e-01
   1.2345165e+00
   1.4161352e+00
   1.2984842e+00
   9.0482725e-01
   3.1703767e-01
  -3.4162282e-01
  -9.3281609e-01
  -1.3327381e+00
  -1.4584825e+00
  -1.2853819e+00
  -8.5164517e-01
  -2.4950510e-01
   3.9491834e-01
   9.4844521e-01
   1.2984901e+00
   1.3757518e+00
   1.1674497e+00
   7.1877396e-01
   1.2270658e-01
  -4.9935349e-01
  -1.0220789e+00
  -1.3409660e+00
  -1.3926570e+00
  -1.1671072e+00
  -7.0943377e-01
  -1.1115145e-01
   5.0759876e-01
   1.0215813e+00
   1.3253810e+00
   1.3549142e+00
   1.1011917e+00
   6.1329173e-01
  -1.0495175e-02
  -6.4200742e-01
  -1.1494105e+00
  -1.4249474e+00
  -1.4083152e+00
  -1.1004167e+00
  -5.6415629e-01
   8.8256820e-02
   7.1899118e-01
   1.1941829e+00
   1.4129030e+00
   1.3290284e+00
   9.6111851e-01
   3.8813228e-01
  -2.6795855e-01
  -8.6866253e-01
  -1.2886145e+00
  -1.4418725e+00
  -1.2993008e+00
  -8.9360608e-01
  -3.1137199e-01
   3.2580356e-01
   8.8681024e-01
   1.2577755e+00
   1.3646932e+00
   1.1876259e+00
   7.6398411e-01
   1.8053431e-01
  -4.4411741e-01
  -9.8312489e-01
  -1.3265868e+00
  -1.4035418e+00
  -1.1965364e+00
  -7.4581515e-01
  -1.4205283e-01
   4.9128313e-01
   1.0227437e+00
   1.3400671e+00
   1.3741336e+00
   1.1145085e+00
   6.1290314e-01
  -2.6654386e-02
  -6.6925561e-01
  -1.1777869e+00
  -1.4426655e+00
  -1.4060096e+00
  -1.0747081e+00
  -5.1929102e-01
   1.4128096e-01
   7.6554792e-01
   1.2203800e+00
   1.4097835e+00
   1.2952980e+00
   9.0360087e-01
   3.1990271e-01
  -3.3109229e-01
  -9.1221705e-01
  -1.3028554e+00
  -1.4237590e+00
  -1.2526480e+00
  -8.2771587e-01
  -2.3875461e-01
   3.9190678e-01
   9.3456581e-01
   1.2783283e+00
   1.3532162e+00
   1.1440142e+00
   6.9327798e-01
   9.2946787e-02
  -5.3388652e-01
  -1.0576369e+00
  -1.3686033e+00
  -1.3998540e+00
  -1.1418834e+00
  -6.4574483e-01
  -1.3568257e-02
   6.2202361e-01
   1.1256207e+00
   1.3881092e+00
   1.3507992e+00
   1.0190845e+00
   4.6226637e-01
  -2.0078648e-01
  -8.2722332e-01
  -1.2814533e+00
  -1.4650360e+00
  -1.3384311e+00
  -9.2965080e-01
  -3.2787584e-01
   3.3643633e-01
   9.2034849e-01
   1.2995941e+00
   1.3951441e+00
   1.1894667e+00
   7.2921982e-01
   1.1420000e-01
  -5.2466442e-01
  -1.0532794e+00
  -1.3623007e+00
  -1.3892757e+00
  -1.1307188e+00
  -6.4200742e-01
  -2.5448514e-02
   5.9088155e-01
   1.0792421e+00
   1.3381520e+00
   1.3130879e+00
   1.0078921e+00
   4.8453624e-01
  -1.4892723e-01
  -7.6009318e-01
  -1.2194677e+00
  -1.4278131e+00
  -1.3378378e+00
  -9.6539867e-01
  -3.8740135e-01
   2.7364046e-01
   8.7545617e-01
   1.2868674e+00
   1.4168594e+00
   1.2352558e+00
   7.8010606e-01
   1.4984794e-01
  -5.1818667e-01
  -1.0781495e+00
  -1.4080449e+00
  -1.4367109e+00
  -1.1592961e+00
  -6.3782409e-01
   1.3092611e-02
   6.5194057e-01
   1.1414486e+00
   1.3781895e+00
   1.3142172e+00
   9.6630088e-01
   4.1117321e-01
  -2.3174131e-01
  -8.2609733e-01
  -1.2473036e+00
  -1.4081635e+00
  -1.2763929e+00
  -8.8071089e-01
  -3.0451849e-01
   3.3141443e-01
   8.9375878e-01
   1.2640308e+00
   1.3631739e+00
   1.1683695e+00
   7.1853322e-01
   1.0709153e-01
  -5.3684176e-01
  -1.0753227e+00
  -1.3910381e+00
  -1.4131139e+00
  -1.1335019e+00
  -6.0998720e-01
   4.5316892e-02
   6.8986383e-01
   1.1819082e+00
   1.4121483e+00
   1.3285382e+00
   9.4844521e-01
   3.5517254e-01
  -3.2050031e-01
  -9.2959021e-01
  -1.3382741e+00
  -1.4576804e+00
  -1.2633317e+00
  -7.9994536e-01
  -1.7074327e-01
   4.8602464e-01
   1.0278195e+00
   1.3388424e+00
   1.3545636e+00
   1.0746435e+00
   5.6185043e-01
  -7.2347821e-02
  -6.9208160e-01
  -1.1659410e+00
  -1.3943646e+00
  -1.3300338e+00
  -9.8730564e-01
  -4.3895689e-01
   1.9899781e-01
   7.9134731e-01
   1.2117979e+00
   1.3695263e+00
   1.2287367e+00
   8.1703956e-01
   2.2060246e-01
  -4.3330881e-01
  -1.0030865e+00
  -1.3633627e+00
  -1.4328449e+00
  -1.1931340e+00
  -6.9399754e-01
  -4.3468862e-02
   6.1542760e-01
   1.1363478e+00
   1.4025965e+00
   1.3537932e+00
   9.9995000e-01
   4.1954450e-01
  -2.5808904e-01
  -8.8201731e-01
  -1.3138295e+00
  -1.4587202e+00
  -1.2864125e+00
  -8.3726806e-01
  -2.1244116e-01
   4.4937528e-01
   1.0030865e+00
   1.3290911e+00
   1.3588909e+00
   1.0890217e+00
   5.8065884e-01
  -5.4571873e-02
  -6.7916425e-01
  -1.1592472e+00
  -1.3928057e+00
  -1.3308438e+00
  -9.8730564e-01
  -4.3589298e-01
   2.0547120e-01
   7.9936130e-01
   1.2177612e+00
   1.3692961e+00
   1.2191342e+00
   7.9724958e-01
   1.9299772e-01
  -4.6324406e-01
  -1.0278195e+00
  -1.3751652e+00
  -1.4259904e+00
  -1.1658477e+00
  -6.4957685e-01
   9.8368651e-03
   6.6588968e-01
   1.1713379e+00
   1.4117070e+00
   1.3317336e+00
   9.4844521e-01
   3.4765054e-01
  -3.3547739e-01
  -9.4724857e-01
  -1.3505295e+00
  -1.4558526e+00
  -1.2413672e+00
  -7.5714903e-01
  -1.1311365e-01
   5.4640022e-01
   1.0753227e+00
   1.3582842e+00
   1.3355568e+00
   1.0152011e+00
   4.7013998e-01
  -1.7875680e-01
  -7.8952954e-01
  -1.2299360e+00
  -1.4056193e+00
  -1.2798187e+00
  -8.8071089e-01
  -2.9506077e-01
   3.5036605e-01
   9.1575005e-01
   1.2779858e+00
   1.3571375e+00
   1.1340355e+00
   6.5516171e-01
   2.3500003e-02
  -6.2305964e-01
  -1.1414486e+00
  -1.4150138e+00
  -1.3800272e+00
  -1.0409927e+00
  -4.7091122e-01
   2.0403646e-01
   8.3232989e-01
   1.2713600e+00
   1.4202596e+00
   1.2435852e+00
   7.8010606e-01
   1.3440189e-01
  -5.4694624e-01
  -1.1090670e+00
  -1.4244938e+00
  -1.4224333e+00
  -1.1047524e+00
  -5.4504202e-01
   1.2883402e-01
   7.6441320e-01
   1.2194677e+00
   1.3939100e+00
   1.2515855e+00
   8.2729618e-01
   2.1788941e-01
  -4.4016027e-01
  -1.0013657e+00
  -1.3431480e+00
  -1.3921555e+00
  -1.1395086e+00
  -6.4200742e-01
  -9.3292308e-03
   6.1987956e-01
   1.1079068e+00
   1.3476099e+00
   1.2856047e+00
   9.3412257e-01
   3.6892006e-01
  -2.8653646e-01
  -8.8750904e-01
  -1.2995941e+00
  -1.4287323e+00
  -1.2429428e+00
  -7.8066508e-01
  -1.4339292e-01
   5.2622724e-01
   1.0762522e+00
   1.3801652e+00
   1.3664396e+00
   1.0358651e+00
   4.6226637e-01
  -2.2389018e-01
  -8.6539132e-01
  -1.3147383e+00
  -1.4685523e+00
  -1.2917169e+00
  -8.2548978e-01
  -1.7767974e-01
   5.0269436e-01
   1.0601482e+00
   1.3686033e+00
   1.3599823e+00
   1.0390142e+00
   4.8112190e-01
  -1.8573235e-01
  -8.1070857e-01
  -1.2542624e+00
  -1.4190663e+00
  -1.2709201e+00
  -8.4533692e-01
  -2.3875461e-01
   4.1334757e-01
   9.6644506e-01
   1.2985349e+00
   1.3365600e+00
   1.0721612e+00
   5.6349179e-01
  -7.7284681e-02
  -7.0823437e-01
  -1.1885813e+00
  -1.4097835e+00
  -1.3200281e+00
  -9.3663372e-01
  -3.4329865e-01
   3.2762807e-01
   9.2430916e-01
   1.3097265e+00
   1.3934033e+00
   1.1531021e+00
   6.4113090e-01
  -2.6654386e-02
  -6.9698838e-01
  -1.2146061e+00
  -1.4586535e+00
  -1.3713938e+00
  -9.7221333e-01
  -3.5340706e-01
   3.4137114e-01
   9.5087779e-01
   1.3341708e+00
   1.4035418e+00
   1.1446690e+00
   6.1933339e-01
  -4.9711128e-02
  -7.0786183e-01
  -1.2047078e+00
  -1.4284649e+00
  -1.3308998e+00
  -9.3727640e-01
  -3.3946174e-01
   3.2580356e-01
   9.0821644e-01
   1.2776194e+00
   1.3526421e+00
   1.1181497e+00
   6.2795143e-01
  -7.5638792e-03
  -6.4600969e-01
  -1.1444324e+00
  -1.3908342e+00
  -1.3290284e+00
  -9.7143530e-01
  -3.9691781e-01
   2.6610784e-01
   8.6786256e-01
   1.2707070e+00
   1.3805916e+00
   1.1692823e+00
   6.8201459e-01
   2.8370275e-02
  -6.4200742e-01
  -1.1736152e+00
  -1.4414114e+00
  -1.3806810e+00
  -1.0031457e+00
  -3.9514288e-01
   3.0204061e-01
   9.2522523e-01
   1.3279650e+00
   1.4154371e+00
   1.1671072e+00
   6.4163117e-01
  -3.7202149e-02
  -7.1003764e-01
  -1.2198125e+00
  -1.4487429e+00
  -1.3456075e+00
  -9.3698584e-01
  -3.2007726e-01
   3.6083958e-01
   9.4844521e-01
   1.3087714e+00
   1.3615110e+00
   1.0974806e+00
   5.7961676e-01
  -7.2295544e-02
  -7.0934889e-01
  -1.1872670e+00
  -1.3986326e+00
  -1.2965672e+00
  -9.0482725e-01
  -3.1226940e-01
   3.4702004e-01
   9.2359253e-01
   1.2860324e+00
   1.3506057e+00
   1.1005940e+00
   5.9085963e-01
  -6.3680435e-02
  -7.1345080e-01
  -1.2080703e+00
  -1.4311253e+00
  -1.3278364e+00
  -9.1894656e-01
  -2.9715942e-01
   3.9352486e-01
   9.9110266e-01
   1.3538120e+00
   1.3942078e+00
   1.1007135e+00
   5.4116904e-01
  -1.5277575e-01
  -8.1685691e-01
  -1.2935013e+00
  -1.4696776e+00
  -1.3040287e+00
  -8.3665521e-01
  -1.7921074e-01
   5.1216523e-01
   1.0743650e+00
   1.3761003e+00
   1.3486212e+00
   1.0011578e+00
   4.1770939e-01
  -2.6366565e-01
  -8.8379849e-01
  -1.2996252e+00
  -1.4169535e+00
  -1.2113704e+00
  -7.3282228e-01
  -9.3228213e-02
   5.5970438e-01
   1.0763269e+00
   1.3389041e+00
   1.2879915e+00
   9.3560722e-01
   3.6239705e-01
  -3.0053224e-01
  -9.0112879e-01
  -1.3007965e+00
  -1.4060834e+00
  -1.1905284e+00
  -7.0156709e-01
  -5.0608061e-02
   6.1184811e-01
   1.1306849e+00
   1.3824661e+00
   1.3050705e+00
   9.1345288e-01
   2.9738070e-01
  -3.9879758e-01
  -1.0099243e+00
  -1.3894596e+00
  -1.4450590e+00
  -1.1615023e+00
  -6.0511599e-01
   9.1673838e-02
   7.6208106e-01
   1.2452977e+00
   1.4255180e+00
   1.2600105e+00
   7.8931781e-01
   1.2712914e-01
  -5.6756709e-01
  -1.1290808e+00
  -1.4248363e+00
  -1.3867263e+00
  -1.0265730e+00
  -4.3227740e-01
   2.5402848e-01
   8.7024424e-01
   1.2726153e+00
   1.3690313e+00
   1.1396889e+00
   6.4065630e-01
  -1.0078513e-02
  -6.6050661e-01
  -1.1598430e+00
  -1.3930456e+00
  -1.3068777e+00
  -9.2178600e-01
  -3.2705874e-01
   3.3958810e-01
   9.2343688e-01
   1.2882144e+00
   1.3476171e+00
   1.0857349e+00
   5.6154303e-01
  -1.0387780e-01
  -7.5481937e-01
  -1.2370764e+00
  -1.4344626e+00
  -1.2970728e+00
  -8.5431941e-01
  -2.0919352e-01
   4.8536204e-01
   1.0626718e+00
   1.3825755e+00
   1.3658925e+00
   1.0144678e+00
   4.1156671e-01
  -2.9779464e-01
  -9.4195509e-01
  -1.3645632e+00
  -1.4629721e+00
  -1.2134819e+00
  -6.7710903e-01
   1.5538080e-02
   6.9644896e-01
   1.2013843e+00
   1.4097835e+00
   1.2736005e+00
   8.2815538e-01
   1.8264533e-01
  -5.0701524e-01
  -1.0761190e+00
  -1.3905278e+00
  -1.3780558e+00
  -1.0446242e+00
  -4.7174391e-01
   2.0365182e-01
   8.2193801e-01
   1.2382663e+00
   1.3560746e+00
   1.1490533e+00
   6.6674539e-01
   2.2705782e-02
  -6.3195026e-01
  -1.1435544e+00
  -1.3915126e+00
  -1.3164657e+00
  -9.3451584e-01
  -3.3410620e-01
   3.4397737e-01
   9.3914832e-01
   1.3087636e+00
   1.3623107e+00
   1.0838458e+00
   5.3702535e-01
  -1.4893899e-01
  -8.0950080e-01
  -1.2842249e+00
  -1.4560120e+00
  -1.2804158e+00
  -7.9755734e-01
  -1.2329967e-01
   5.7850633e-01
   1.1360728e+00
   1.4121421e+00
   1.3382161e+00
   9.3185235e-01
   2.9255136e-01
  -4.2281660e-01
  -1.0388942e+00
  -1.4052423e+00
  -1.4333658e+00
  -1.1181416e+00
  -5.3844357e-01
   1.6295119e-01
   8.1492020e-01
   1.2600105e+00
   1.3924943e+00
   1.1832575e+00
   6.8575396e-01
   2.1999421e-02
  -6.4759385e-01
  -1.1629881e+00
  -1.4025234e+00
  -1.3112254e+00
  -9.1299396e-01
  -3.0414852e-01
   3.6985080e-01
   9.4888224e-01
   1.2957717e+00
   1.3283669e+00
   1.0387442e+00
   4.9516063e-01
  -1.7373482e-01
  -8.0888972e-01
  -1.2582228e+00
  -1.4127753e+00
  -1.2331490e+00
  -7.5981509e-01
  -1.0450430e-01
   5.7569275e-01
   1.1156957e+00
   1.3824944e+00
   1.3081802e+00
   9.0764895e-01
   2.7621329e-01
  -4.3276680e-01
  -1.0451021e+00
  -1.4088182e+00
  -1.4322959e+00
  -1.1077800e+00
  -5.1407227e-01
   2.0255721e-01
   8.6462863e-01
   1.3078060e+00
   1.4221114e+00
   1.1795061e+00
   6.4081885e-01
  -5.9705877e-02
  -7.4823432e-01
  -1.2548780e+00
  -1.4558833e+00
  -1.3038970e+00
  -8.3889653e-01
  -1.7735438e-01
   5.1730527e-01
   1.0753227e+00
   1.3621019e+00
   1.3104442e+00
   9.3588759e-01
   3.3181974e-01
  -3.5402725e-01
  -9.5569447e-01
  -1.3288986e+00
  -1.3852236e+00
  -1.1126603e+00
  -5.7788817e-01
   9.0007325e-02
   7.3041265e-01
   1.1893777e+00
   1.3562078e+00
   1.1899225e+00
   7.2935434e-01
   8.4391816e-02
  -5.8977810e-01
  -1.1295684e+00
  -1.4024282e+00
  -1.3394115e+00
  -9.5287174e-01
  -3.3464530e-01
   3.6529544e-01
   9.7494021e-01
   1.3425087e+00
   1.3745036e+00
   1.0599118e+00
   4.7413976e-01
  -2.3875461e-01
  -9.0146207e-01
  -1.3477636e+00
  -1.4646323e+00
  -1.2212799e+00
  -6.7753062e-01
   3.0842629e-02
   7.2623764e-01
   1.2341378e+00
   1.4273171e+00
   1.2579874e+00
   7.6966223e-01
   8.5783748e-02
  -6.2184144e-01
  -1.1765864e+00
  -1.4413472e+00
  -1.3524556e+00
  -9.3476673e-01
  -2.9443718e-01
   4.0840865e-01
   9.9995000e-01
   1.3356611e+00
   1.3353877e+00
   1.0020891e+00
   4.2002458e-01
  -2.6675481e-01
  -8.9003460e-01
  -1.2983799e+00
  -1.3935260e+00
  -1.1536306e+00
  -6.3804582e-01
   2.7328474e-02
   6.8050416e-01
   1.1624145e+00
   1.3552449e+00
   1.2110081e+00
   7.6352531e-01
   1.2081241e-01
  -5.6053744e-01
  -1.1130754e+00
  -1.3994020e+00
  -1.3463599e+00
  -9.6399967e-01
  -3.4430440e-01
   3.6047667e-01
   9.7496155e-01
   1.3442814e+00
   1.3733768e+00
   1.0518772e+00
   4.5790361e-01
  -2.6061868e-01
  -9.2277887e-01
  -1.3604722e+00
  -1.4614819e+00
  -1.1986610e+00
  -6.3747701e-01
   8.0258928e-02
   7.7244503e-01
   1.2632715e+00
   1.4282738e+00
   1.2261618e+00
   7.0919058e-01
   9.4560580e-03
  -6.9521090e-01
  -1.2268118e+00
  -1.4523902e+00
  -1.3173089e+00
  -8.5825996e-01
  -1.9300223e-01
   5.1019218e-01
   1.0753227e+00
   1.3627111e+00
   1.3032939e+00
   9.1482907e-01
   2.9637367e-01
  -3.9717323e-01
  -9.9384184e-01
  -1.3469787e+00
  -1.3709002e+00
  -1.0612999e+00
  -4.9570560e-01
   1.8589204e-01
   8.1540862e-01
   1.2377017e+00
   1.3484148e+00
   1.1195526e+00
   6.0660712e-01
  -6.4591441e-02
  -7.2829970e-01
  -1.2193751e+00
  -1.4141359e+00
  -1.2615484e+00
  -7.9686740e-01
  -1.3399171e-01
   5.6201235e-01
   1.1157600e+00
   1.3857587e+00
   1.3008306e+00
   8.7927374e-01
   2.2546511e-01
  -4.9570560e-01
  -1.1004121e+00
  -1.4329963e+00
  -1.4064383e+00
  -1.0255227e+00
  -3.8639216e-01
   3.4769183e-01
   9.8827533e-01
   1.3704728e+00
   1.3958020e+00
   1.0578210e+00
   4.4379955e-01
  -2.8801535e-01
  -9.4953742e-01
  -1.3715523e+00
  -1.4472469e+00
  -1.1592684e+00
  -5.8345296e-01
   1.3146694e-01
   8.0262389e-01
   1.2600105e+00
   1.3895468e+00
   1.1613102e+00
   6.3603270e-01
  -5.1366499e-02
  -7.2663102e-01
  -1.2203194e+00
  -1.4100798e+00
  -1.2505942e+00
  -7.8401624e-01
  -1.2865900e-01
   5.5096266e-01
   1.0851622e+00
   1.3410531e+00
   1.2552343e+00
   8.4929999e-01
   2.2446054e-01
  -4.6339941e-01
  -1.0421896e+00
  -1.3662785e+00
  -1.3529275e+00
  -1.0034646e+00
  -4.0376386e-01
   2.9640401e-01
   9.2036063e-01
   1.3088717e+00
   1.3608179e+00
   1.0597868e+00
   4.7949464e-01
  -2.3381680e-01
  -8.9798101e-01
  -1.3414389e+00
  -1.4478131e+00
  -1.1868474e+00
  -6.2334245e-01
   9.8657759e-02
   7.9267469e-01
   1.2781942e+00
   1.4280048e+00
   1.2019177e+00
   6.5779007e-01
  -6.3255315e-02
  -7.7364240e-01
  -1.2885007e+00
  -1.4741497e+00
  -1.2830547e+00
  -7.6602367e-01
  -5.8511368e-02
   6.5520300e-01
   1.1903621e+00
   1.4097835e+00
   1.2590376e+00
   7.7972761e-01
   9.7724603e-02
  -6.1020926e-01
  -1.1624340e+00
  -1.4190259e+00
  -1.3170050e+00
  -8.8541750e-01
  -2.3681691e-01
   4.6226637e-01
   1.0340464e+00
   1.3344465e+00
   1.2890308e+00
   9.1109050e-01
   2.9763678e-01
  -3.9544574e-01
  -9.9273669e-01
  -1.3432859e+00
  -1.3584013e+00
  -1.0339019e+00
  -4.5133095e-01
   2.4223702e-01
   8.7090701e-01
   1.2741895e+00
   1.3477703e+00
   1.0705480e+00
   5.1091375e-01
  -1.8966614e-01
  -8.5200246e-01
  -1.3047911e+00
  -1.4289550e+00
  -1.1892306e+00
  -6.4452309e-01
   6.6123185e-02
   7.5877044e-01
   1.2522094e+00
   1.4156213e+00
   1.2036506e+00
   6.6934299e-01
  -4.8859542e-02
  -7.6298077e-01
  -1.2849400e+00
  -1.4764630e+00
  -1.2860898e+00
  -7.6323803e-01
  -4.5395880e-02
   6.7823854e-01
   1.2169740e+00
   1.4292371e+00
   1.2600105e+00
   7.5511342e-01
   4.8614524e-02
  -6.7309247e-01
  -1.2207994e+00
  -1.4523014e+00
  -1.3093243e+00
  -8.3197470e-01
  -1.4721940e-01
   5.6519417e-01
   1.1201095e+00
   1.3750664e+00
   1.2666497e+00
   8.2589550e-01
   1.6916518e-01
  -5.3274064e-01
  -1.0989618e+00
  -1.3849347e+00
  -1.3189386e+00
  -9.1973719e-01
  -2.9111914e-01
   4.0502564e-01
   9.9012652e-01
   1.3143555e+00
   1.2946475e+00
   9.3580748e-01
   3.2941358e-01
  -3.6925928e-01
  -9.8059134e-01
  -1.3464289e+00
  -1.3708130e+00
  -1.0452128e+00
  -4.5160756e-01
   2.5771436e-01
   8.9883248e-01
   1.3036750e+00
   1.3641254e+00
   1.0611663e+00
   4.7110706e-01
  -2.5321389e-01
  -9.2178600e-01
  -1.3572947e+00
  -1.4424043e+00
  -1.1517524e+00
  -5.5979505e-01
   1.7801458e-01
   8.6604978e-01
   1.3206134e+00
   1.4193539e+00
   1.1345643e+00
   5.4116904e-01
  -2.0297332e-01
  -8.9927415e-01
  -1.3617598e+00
  -1.4670966e+00
  -1.1877082e+00
  -5.9901142e-01
   1.4112907e-01
   8.3505616e-01
   1.2984347e+00
   1.4094280e+00
   1.1407385e+00
   5.6608950e-01
  -1.6029351e-01
  -8.4537773e-01
  -1.3088054e+00
  -1.4303613e+00
  -1.1809396e+00
  -6.2912194e-01
   7.7952268e-02
   7.5398084e-01
   1.2225476e+00
   1.3629250e+00
   1.1408303e+00
   6.1644256e-01
  -7.2045585e-02
  -7.4478480e-01
  -1.2269907e+00
  -1.3939909e+00
  -1.2031310e+00
  -7.0450490e-01
  -2.7881746e-02
   6.5078417e-01
   1.1547224e+00
   1.3520463e+00
   1.1901033e+00
   7.0959819e-01
   3.4676508e-02
  -6.5873583e-01
  -1.1884231e+00
  -1.4135776e+00
  -1.2722932e+00
  -7.9884948e-01
  -1.1587091e-01
   5.9704119e-01
   1.1503301e+00
   1.3949262e+00
   1.2626739e+00
   7.8568335e-01
   8.8986453e-02
  -6.4200742e-01
  -1.2108717e+00
  -1.4631891e+00
  -1.3288390e+00
  -8.4182909e-01
  -1.3194312e-01
   6.0984367e-01
   1.1829617e+00
   1.4318315e+00
   1.2884493e+00
   7.9118783e-01
   7.4539129e-02
  -6.6745904e-01
  -1.2340888e+00
  -1.4725810e+00
  -1.3195152e+00
  -8.1769387e-01
  -1.0400348e-01
   6.2822840e-01
   1.1819104e+00
   1.4094280e+00
   1.2519942e+00
   7.5462507e-01
   5.3013743e-02
  -6.6377194e-01
  -1.2044048e+00
  -1.4263418e+00
  -1.2731890e+00
  -7.8868079e-01
  -1.0395395e-01
   5.9808994e-01
   1.1315899e+00
   1.3566932e+00
   1.2158762e+00
   7.4832230e-01
   7.8896510e-02
  -6.1513031e-01
  -1.1507625e+00
  -1.3871728e+00
  -1.2624134e+00
  -8.0950080e-01
  -1.4776061e-01
   5.4832485e-01
   1.0947411e+00
   1.3462546e+00
   1.2348592e+00
   7.8824300e-01
   1.2323582e-01
  -5.8434429e-01
  -1.1458184e+00
  -1.4097835e+00
  -1.3030051e+00
  -8.5099838e-01
  -1.7242263e-01
   5.5168734e-01
   1.1260209e+00
   1.3937172e+00
   1.2794666e+00
   8.1105156e-01
   1.1303978e-01
  -6.2612339e-01
  -1.2050127e+00
  -1.4643530e+00
  -1.3312032e+00
  -8.3980475e-01
  -1.2302005e-01
   6.2359360e-01
   1.1953541e+00
   1.4349111e+00
   1.2758881e+00
   7.6148295e-01
   3.2740842e-02
  -7.1031388e-01
  -1.2638993e+00
  -1.4766838e+00
  -1.2913567e+00
  -7.6006978e-01
  -2.9591622e-02
   6.9953158e-01
   1.2283307e+00
   1.4138916e+00
   1.2079725e+00
   6.6933139e-01
  -5.3295744e-02
  -7.6253794e-01
  -1.2664543e+00
  -1.4304505e+00
  -1.2130166e+00
  -6.7588143e-01
   3.3750812e-02
   7.2367770e-01
   1.2087045e+00
   1.3601251e+00
   1.1395479e+00
   6.0830836e-01
  -8.9703456e-02
  -7.6694358e-01
  -1.2423502e+00
  -1.3894093e+00
  -1.1695240e+00
  -6.4200742e-01
   5.1830880e-02
   7.2626104e-01
   1.2004858e+00
   1.3467954e+00
   1.1248218e+00
   5.9276215e-01
  -1.0757584e-01
  -7.8818003e-01
  -1.2649728e+00
  -1.4074418e+00
  -1.1744418e+00
  -6.2632299e-01
   9.0273426e-02
   7.8128859e-01
   1.2576205e+00
   1.3869325e+00
   1.1306809e+00
   5.5590790e-01
  -1.8190806e-01
  -8.8071089e-01
  -1.3472373e+00
  -1.4507130e+00
  -1.1598634e+00
  -5.5263902e-01
   2.0445892e-01
   9.0204793e-01
   1.3459952e+00
   1.4117850e+00
   1.0797716e+00
   4.4121723e-01
  -3.2679388e-01
  -1.0106654e+00
  -1.4200137e+00
  -1.4409870e+00
  -1.0681283e+00
  -4.0579479e-01
   3.6123019e-01
   1.0195856e+00
   1.3869788e+00
   1.3628429e+00
   9.5586280e-01
   2.8083858e-01
  -4.7396684e-01
  -1.0996057e+00
  -1.4244470e+00
  -1.3612403e+00
  -9.3034673e-01
  -2.5303501e-01
   4.8289548e-01
   1.0753227e+00
   1.3632726e+00
   1.2704459e+00
   8.2511556e-01
   1.5133822e-01
  -5.6572090e-01
  -1.1306098e+00
  -1.3906310e+00
  -1.2767996e+00
  -8.2185823e-01
  -1.5076340e-01
   5.5355184e-01
   1.0997865e+00
   1.3398957e+00
   1.2089298e+00
   7.4248331e-01
   6.7116071e-02
  -6.3370636e-01
  -1.1690926e+00
  -1.3924192e+00
  -1.2413570e+00
  -7.5535775e-01
  -6.5664698e-02
   6.3974557e-01
   1.1670721e+00
   1.3697871e+00
   1.1894311e+00
   6.7272348e-01
  -4.0108803e-02
  -7.5303902e-01
  -1.2679785e+00
  -1.4398771e+00
  -1.2178381e+00
  -6.6050054e-01
   7.9065139e-02
   7.9520793e-01
   1.2869206e+00
   1.4144991e+00
   1.1395777e+00
   5.3694191e-01
  -2.2560755e-01
  -9.3399649e-01
  -1.3881938e+00
  -1.4590254e+00
  -1.1252273e+00
  -4.7999514e-01
   2.9504007e-01
   9.8113618e-01
   1.3844858e+00
   1.3912670e+00
   9.9995000e-01
   3.2162395e-01
  -4.5171557e-01
  -1.1017943e+00
  -1.4459499e+00
  -1.3886301e+00
  -9.4791585e-01
  -2.4971439e-01
   5.0847161e-01
   1.1136716e+00
   1.3974205e+00
   1.2826320e+00
   8.0434067e-01
   9.8814737e-02
  -6.3550392e-01
  -1.1939427e+00
  -1.4226029e+00
  -1.2605666e+00
  -7.5581251e-01
  -5.0812483e-02
   6.5779007e-01
   1.1739641e+00
   1.3562974e+00
   1.1564352e+00
   6.3162296e-01
  -7.1780887e-02
  -7.5903610e-01
  -1.2406881e+00
  -1.3844766e+00
  -1.1513878e+00
  -6.0612960e-01
   1.0073288e-01
   7.7408508e-01
   1.2277804e+00
   1.3358205e+00
   1.0672361e+00
   4.9505987e-01
  -2.2323944e-01
  -8.8873074e-01
  -1.3158133e+00
  -1.3838532e+00
  -1.0713480e+00
  -4.6291442e-01
   2.7323056e-01
   9.3145481e-01
   1.3260042e+00
   1.3434983e+00
   9.7576682e-01
   3.2342680e-01
  -4.3130077e-01
  -1.0753227e+00
  -1.4248930e+00
  -1.3782828e+00
  -9.4571222e-01
  -2.4762256e-01
   5.1867181e-01
   1.1347865e+00
   1.4237295e+00
   1.3010728e+00
   7.9991922e-01
   6.2177200e-02
  -7.0163723e-01
  -1.2726743e+00
  -1.4867653e+00
  -1.2819187e+00
  -7.1644741e-01
   4.7634746e-02
   7.9121358e-01
   1.3011964e+00
   1.4318621e+00
   1.1466713e+00
   5.2847905e-01
  -2.4469773e-01
  -9.5120632e-01
  -1.3895611e+00
  -1.4360589e+00
  -1.0796747e+00
  -4.2440208e-01
   3.4133073e-01
   9.9908166e-01
   1.3628429e+00
   1.3316128e+00
   9.1724627e-01
   2.3998414e-01
  -5.0665275e-01
  -1.1112706e+00
  -1.4044022e+00
  -1.3058034e+00
  -8.4612665e-01
  -1.5723903e-01
   5.6569834e-01
   1.1194455e+00
   1.3495981e+00
   1.1933497e+00
   6.9637540e-01
  -5.9611189e-04
  -7.0154024e-01
  -1.2100240e+00
  -1.3839476e+00
  -1.1750052e+00
  -6.4200742e-01
   6.5567124e-02
   7.4922680e-01
   1.2168205e+00
   1.3362798e+00
   1.0728234e+00
   4.9918365e-01
  -2.2418219e-01
  -8.9362388e-01
  -1.3193473e+00
  -1.3791098e+00
  -1.0534168e+00
  -4.3205345e-01
   3.1028846e-01
   9.6281702e-01
   1.3383623e+00
   1.3271447e+00
   9.2911521e-01
   2.5525239e-01
  -5.0305139e-01
  -1.1281953e+00
  -1.4388727e+00
  -1.3428958e+00
  -8.6486410e-01
  -1.4026116e-01
   6.2277161e-01
   1.2032627e+00
   1.4316267e+00
   1.2395234e+00
   6.8058693e-01
  -8.4360439e-02
  -8.3360199e-01
  -1.3489919e+00
  -1.4797709e+00
  -1.1869520e+00
  -5.5510520e-01
   2.3207600e-01
   9.4535939e-01
   1.3770080e+00
   1.4015546e+00
   1.0124365e+00
   3.2373406e-01
  -4.6343554e-01
  -1.1199068e+00
  -1.4554339e+00
  -1.3739748e+00
  -9.0116995e-01
  -1.7616376e-01
   5.8957974e-01
   1.1741849e+00
   1.4097835e+00
   1.2306921e+00
   6.9153417e-01
  -4.9614040e-02
  -7.7777833e-01
  -1.2835487e+00
  -1.4232577e+00
  -1.1595998e+00
  -5.7128403e-01
   1.7064602e-01
   8.5262850e-01
   1.2799896e+00
   1.3323086e+00
   9.9707583e-01
   3.7234873e-01
  -3.6200332e-01
  -9.9599907e-01
  -1.3493617e+00
  -1.3224983e+00
  -9.2433898e-01
  -2.6934660e-01
   4.5528573e-01
   1.0428863e+00
   1.3259496e+00
   1.2236498e+00
   7.6484138e-01
   8.0035502e-02
  -6.3545689e-01
  -1.1769073e+00
  -1.3884970e+00
  -1.2080703e+00
  -6.8549849e-01
   3.0807240e-02
   7.3570084e-01
   1.2257807e+00
   1.3579779e+00
   1.0914197e+00
   5.0028561e-01
  -2.4646096e-01
  -9.3307240e-01
  -1.3592252e+00
  -1.3985471e+00
  -1.0363352e+00
  -3.7512023e-01
   3.9403955e-01
   1.0466203e+00
   1.3902345e+00
   1.3215823e+00
   8.5780923e-01
   1.3264233e-01
  -6.4200742e-01
  -1.2380114e+00
  -1.4784213e+00
  -1.2903055e+00
  -7.2713843e-01
   4.6223845e-02
   8.0182532e-01
   1.3159968e+00
   1.4358529e+00
   1.1250236e+00
   4.7484144e-01
  -3.2250550e-01
  -1.0309565e+00
  -1.4407328e+00
  -1.4307136e+00
  -1.0043914e+00
  -2.8867870e-01
   5.0402822e-01
   1.1391253e+00
   1.4294719e+00
   1.2906763e+00
   7.6561158e-01
   1.1049898e-02
  -7.4936951e-01
  -1.2916403e+00
  -1.4574999e+00
  -1.2005937e+00
  -5.9924001e-01
   1.6764012e-01
   8.7395388e-01
   1.3131948e+00
   1.3587776e+00
   1.0003384e+00
   3.4566567e-01
  -4.1188911e-01
  -1.0505968e+00
  -1.3851853e+00
  -1.3203906e+00
  -8.7781994e-01
  -1.8866082e-01
   5.4527085e-01
   1.1105478e+00
   1.3439858e+00
   1.1794911e+00
   6.6655495e-01
  -4.4687347e-02
  -7.4730016e-01
  -1.2375241e+00
  -1.3735911e+00
  -1.1165091e+00
  -5.4116904e-01
   1.8535805e-01
   8.5208555e-01
   1.2650875e+00
   1.3036793e+00
   9.5561541e-01
   3.2107029e-01
  -4.1592094e-01
  -1.0405213e+00
  -1.3694745e+00
  -1.3047911e+00
  -8.6304526e-01
  -1.7148601e-01
   5.6827991e-01
   1.1387977e+00
   1.3705873e+00
   1.1925864e+00
   6.5416709e-01
  -8.8175868e-02
  -8.1602688e-01
  -1.3131948e+00
  -1.4300072e+00
  -1.1286040e+00
  -4.9544057e-01
   2.8320510e-01
   9.7589929e-01
   1.3749007e+00
   1.3586863e+00
   9.2925363e-01
   2.1264661e-01
  -5.7788817e-01
  -1.2053990e+00
  -1.4804569e+00
  -1.3186259e+00
  -7.6663486e-01
   1.0949070e-02
   7.8080745e-01
   1.3110636e+00
   1.4413939e+00
   1.1317577e+00
   4.7484144e-01
  -3.3169789e-01
  -1.0448693e+00
  -1.4498063e+00
  -1.4247456e+00
  -9.7778453e-01
  -2.4427202e-01
   5.5432435e-01
   1.1775158e+00
   1.4384372e+00
   1.2600105e+00
   6.9770064e-01
  -7.7847063e-02
  -8.3280197e-01
  -1.3408518e+00
  -1.4511577e+00
  -1.1331141e+00
  -4.8464247e-01
   2.9814252e-01
   9.8042613e-01
   1.3592252e+00
   1.3237371e+00
   8.8758026e-01
   1.8361572e-01
  -5.7668806e-01
  -1.1668528e+00
  -1.4127940e+00
  -1.2439933e+00
  -7.1346841e-01
   1.9011205e-02
   7.3509598e-01
   1.2228664e+00
   1.3393547e+00
   1.0522087e+00
   4.4845309e-01
  -2.9192821e-01
  -9.4954926e-01
  -1.3304154e+00
  -1.3228996e+00
  -9.3026630e-01
  -2.6934660e-01
   4.6411443e-01
   1.0531983e+00
   1.3236983e+00
   1.1954379e+00
   7.0598584e-01
  -2.2461719e-04
  -7.1426411e-01
  -1.2242303e+00
  -1.3779196e+00
  -1.1281953e+00
  -5.4755576e-01
   1.9263782e-01
   8.7242664e-01
   1.2883862e+00
   1.3144285e+00
   9.4013024e-01
   2.7490064e-01
  -4.8366889e-01
  -1.1082434e+00
  -1.4097835e+00
  -1.2948578e+00
  -7.9481768e-01
  -5.7647322e-02
   6.9556202e-01
   1.2368122e+00
   1.4002929e+00
   1.1334029e+00
   5.1391696e-01
  -2.7238503e-01
  -9.8730564e-01
  -1.4124475e+00
  -1.4161432e+00
  -9.9450838e-01
  -2.7371849e-01
   5.2760867e-01
   1.1647618e+00
   1.4418619e+00
   1.2723524e+00
   7.0627241e-01
  -8.4360439e-02
  -8.5784706e-01
  -1.3768704e+00
  -1.4815635e+00
  -1.1389904e+00
  -4.5363745e-01
   3.6446847e-01
   1.0642797e+00
   1.4310026e+00
   1.3522521e+00
   8.5262850e-01
   8.6029083e-02
  -7.1189437e-01
  -1.2963914e+00
  -1.4888964e+00
  -1.2317049e+00
  -6.0525636e-01
   1.9714359e-01
   9.2916918e-01
   1.3672840e+00
   1.3791098e+00
   9.6340421e-01
   2.4958620e-01
  -5.4273170e-01
  -1.1714796e+00
  -1.4461766e+00
  -1.2856028e+00
  -7.4165188e-01
   1.7574684e-02
   7.5986986e-01
   1.2600105e+00
   1.3680421e+00
   1.0540762e+00
   4.1628453e-01
  -3.4993135e-01
  -1.0118565e+00
  -1.3700723e+00
  -1.3183605e+00
  -8.7497653e-01
  -1.7617534e-01
   5.6569834e-01
   1.1266463e+00
   1.3384586e+00
   1.1389303e+00
   5.8995049e-01
  -1.4172064e-01
  -8.3500190e-01
  -1.2810826e+00
  -1.3460776e+00
  -1.0110390e+00
  -3.7743754e-01
   3.6345163e-01
   9.8806357e-01
   1.3077513e+00
   1.2255810e+00
   7.6568760e-01
   6.6319660e-02
  -6.6147311e-01
  -1.1972559e+00
  -1.3777784e+00
  -1.1466713e+00
  -5.7216109e-01
   1.7280102e-01
   8.6231348e-01
   1.2858133e+00
   1.3123190e+00
   9.3105128e-01
   2.5579653e-01
  -5.0873866e-01
  -1.1287536e+00
  -1.4127753e+00
  -1.2708874e+00
  -7.4341136e-01
   1.0185053e-02
   7.5924982e-01
   1.2724480e+00
   1.3892888e+00
   1.0705325e+00
   4.1156821e-01
  -3.8586380e-01
  -1.0753227e+00
  -1.4418930e+00
  -1.3693838e+00
  -8.7741327e-01
  -1.1645266e-01
   6.7807134e-01
   1.2586604e+00
   1.4430327e+00
   1.1716086e+00
   5.2697224e-01
  -2.9111914e-01
  -1.0276657e+00
  -1.4520809e+00
  -1.4306242e+00
  -9.6876877e-01
  -2.1000161e-01
   6.0877248e-01
   1.2313517e+00
   1.4626340e+00
   1.2299744e+00
   6.0612960e-01
  -2.1350308e-01
  -9.7222228e-01
  -1.4326284e+00
  -1.4511074e+00
  -1.0227486e+00
  -2.8260481e-01
   5.3700703e-01
   1.1796162e+00
   1.4450380e+00
   1.2518435e+00
   6.6232659e-01
  -1.3767829e-01
  -8.9754831e-01
  -1.3805526e+00
  -1.4376956e+00
  -1.0536553e+00
  -3.5066492e-01
   4.5054414e-01
   1.1001980e+00
   1.3974205e+00
   1.2523093e+00
   7.1298062e-01
  -5.0491721e-02
  -7.9983860e-01
  -1.3030113e+00
  -1.4059870e+00
  -1.0797648e+00
  -4.2827462e-01
   3.4484778e-01
   9.9995000e-01
   1.3355807e+00
   1.2502772e+00
   7.7303636e-01
   5.3400480e-02
  -6.8542642e-01
  -1.2157199e+00
  -1.3752487e+00
  -1.1167029e+00
  -5.2156004e-01
   2.2560755e-01
   8.9427104e-01
   1.2788783e+00
   1.2618304e+00
   8.4929047e-01
   1.6898287e-01
  -5.6923402e-01
  -1.1378925e+00
  -1.3617779e+00
  -1.1717612e+00
  -6.2612339e-01
   1.0719292e-01
   8.0204705e-01
   1.2435940e+00
   1.2945470e+00
   9.3783811e-01
   2.8243367e-01
  -4.6970607e-01
  -1.0855983e+00
  -1.3732239e+00
  -1.2413570e+00
  -7.2861382e-01
   7.5695930e-03
   7.3899848e-01
   1.2372541e+00
   1.3449764e+00
   1.0256705e+00
   3.7623531e-01
  -4.0214045e-01
  -1.0660880e+00
  -1.4060834e+00
  -1.3126634e+00
  -8.1187370e-01
  -5.8395192e-02
   7.1200109e-01
   1.2561457e+00
   1.4003070e+00
   1.0958642e+00
   4.3590286e-01
  -3.7299666e-01
  -1.0753227e+00
  -1.4474062e+00
  -1.3688466e+00
  -8.6170796e-01
  -8.4643780e-02
   7.1662459e-01
   1.2870570e+00
   1.4436527e+00
   1.1343965e+00
   4.5572163e-01
  -3.7743754e-01
  -1.0997459e+00
  -1.4801305e+00
  -1.3959300e+00
  -8.7265372e-01
  -7.6389672e-02
   7.3893125e-01
   1.3126595e+00
   1.4609673e+00
   1.1359506e+00
   4.4121723e-01
  -4.0114914e-01
  -1.1217092e+00
  -1.4900464e+00
  -1.3886373e+00
  -8.5046247e-01
  -4.8280952e-02
   7.6093977e-01
   1.3185179e+00
   1.4469245e+00
   1.1064124e+00
   4.0730590e-01
  -4.2583946e-01
  -1.1265250e+00
  -1.4717107e+00
  -1.3529030e+00
  -8.1023962e-01
  -1.8870173e-02
   7.6771849e-01
   1.2990379e+00
   1.4074418e+00
   1.0609994e+00
   3.7273534e-01
  -4.3636798e-01
  -1.1084439e+00
  -1.4309831e+00
  -1.3039917e+00
  -7.7085716e-01
  -3.4506466e-03
   7.5338857e-01
   1.2600105e+00
   1.3577872e+00
   1.0186454e+00
   3.5288793e-01
  -4.2677321e-01
  -1.0732044e+00
  -1.3831171e+00
  -1.2608515e+00
  -7.4772387e-01
  -8.0060608e-03
   7.2367770e-01
   1.2166851e+00
   1.3169006e+00
   9.9473611e-01
   3.5370787e-01
  -4.0282792e-01
  -1.0360863e+00
  -1.3470464e+00
  -1.2388142e+00
  -7.4668903e-01
  -2.6654386e-02
   6.9395021e-01
   1.1880182e+00
   1.3000546e+00
   9.9498789e-01
   3.6914394e-01
  -3.8004541e-01
  -1.0161184e+00
  -1.3380039e+00
  -1.2434462e+00
  -7.6148295e-01
  -4.3665760e-02
   6.8337338e-01
   1.1892482e+00
   1.3126759e+00
   1.0128841e+00
   3.8319090e-01
  -3.7780304e-01
  -1.0286071e+00
  -1.3613106e+00
  -1.2679785e+00
  -7.7578040e-01
  -3.9381759e-02
   7.0739785e-01
   1.2256487e+00
   1.3477651e+00
   1.0317585e+00
   3.7585058e-01
  -4.1177433e-01
  -1.0788527e+00
  -1.4097835e+00
  -1.2954069e+00
  -7.6920161e-01
   2.1691224e-03
   7.7143670e-01
   1.2899229e+00
   1.3880128e+00
   1.0308336e+00
   3.3079356e-01
  -4.8757058e-01
  -1.1595294e+00
  -1.4658641e+00
  -1.3045664e+00
  -7.2501831e-01
   8.6876413e-02
   8.6822956e-01
   1.3643434e+00
   1.4119059e+00
   9.9296893e-01
   2.4178912e-01
  -5.9808994e-01
  -1.2528343e+00
  -1.5077556e+00
  -1.2779177e+00
  -6.3661586e-01
   2.0788327e-01
   9.8000176e-01
   1.4269178e+00
   1.4015508e+00
   9.1115213e-01
   1.1538078e-01
  -7.2568747e-01
  -1.3366818e+00
  -1.5172800e+00
  -1.2080647e+00
  -5.1017711e-01
   3.4776926e-01
   1.0846870e+00
   1.4592783e+00
   1.3492143e+00
   7.9118783e-01
  -3.1311830e-02
  -8.4842709e-01
  -1.3926239e+00
  -1.4864390e+00
  -1.1004448e+00
  -3.6246547e-01
   4.8483352e-01
   1.1638789e+00
   1.4532609e+00
   1.2600105e+00
   6.4945793e-01
  -1.7691026e-01
  -9.4806484e-01
  -1.4124464e+00
  -1.4200958e+00
  -9.7106184e-01
  -2.1446980e-01
   6.0111172e-01
   1.2094424e+00
   1.4135776e+00
   1.1496034e+00
   5.0652447e-01
  -3.0383061e-01
  -1.0166767e+00
  -1.4008293e+00
  -1.3336408e+00
  -8.4004249e-01
  -8.3311160e-02
   6.8902122e-01
   1.2261618e+00
   1.3554432e+00
   1.0377107e+00
   3.7899217e-01
  -4.0494798e-01
  -1.0592925e+00
  -1.3729305e+00
  -1.2464396e+00
  -7.2344950e-01
   2.4444059e-02
   7.5398084e-01
   1.2292783e+00
   1.2979614e+00
   9.3986350e-01
   2.7279533e-01
  -4.8620362e-01
  -1.0913851e+00
  -1.3477061e+00
  -1.1735327e+00
  -6.2653786e-01
   1.1538078e-01
   8.1185173e-01
   1.2377401e+00
   1.2557586e+00
   8.6062581e-01
   1.8060863e-01
  -5.6399665e-01
  -1.1320479e+00
  -1.3394733e+00
  -1.1188129e+00
  -5.4116904e-01
   2.0657861e-01
   8.8203793e-01
   1.2656891e+00
   1.2321146e+00
   7.9100776e-01
   8.4550151e-02
  -6.5820688e-01
  -1.1954004e+00
  -1.3509869e+00
  -1.0724321e+00
  -4.4855740e-01
   3.1855643e-01
   9.7880792e-01
   1.3154779e+00
   1.2163557e+00
   7.1125134e-01
  -3.6685514e-02
  -7.8342856e-01
  -1.2835391e+00
  -1.3708130e+00
  -1.0136211e+00
  -3.2647925e-01
   4.6641634e-01
   1.1041746e+00
   1.3750175e+00
   1.1867034e+00
   5.9811236e-01
  -1.9888049e-01
  -9.4177495e-01
  -1.3838532e+00
  -1.3762004e+00
  -9.1804054e-01
  -1.5830989e-01
   6.5256916e-01
   1.2451713e+00
   1.4206630e+00
   1.1176886e+00
   4.3398607e-01
  -4.0493761e-01
  -1.1201095e+00
  -1.4719175e+00
  -1.3405510e+00
  -7.6699168e-01
   5.9537827e-02
   8.6391554e-01
   1.3767456e+00
   1.4247343e+00
   9.8944291e-01
   2.1442777e-01
  -6.4200742e-01
  -1.2929320e+00
  -1.5190545e+00
  -1.2427857e+00
  -5.5501680e-01
   3.1468374e-01
   1.0747183e+00
   1.4693538e+00
   1.3649486e+00
   7.9537516e-01
  -4.8859542e-02
  -8.8434086e-01
  -1.4299980e+00
  -1.5018254e+00
  -1.0750913e+00
  -2.9294417e-01
   5.8160871e-01
   1.2542375e+00
   1.4985006e+00
   1.2322301e+00
   5.4527085e-01
  -3.3082608e-01
  -1.1009320e+00
  -1.5058962e+00
  -1.4098932e+00
  -8.4606951e-01
  -5.1156921e-03
   8.2929831e-01
   1.3763361e+00
   1.4526460e+00
   1.0339019e+00
   2.6254744e-01
  -6.0071432e-01
  -1.2651416e+00
  -1.5079877e+00
  -1.2492491e+00
  -5.7801685e-01
   2.7824372e-01
   1.0308744e+00
   1.4274383e+00
   1.3364542e+00
   7.9098488e-01
  -2.3366044e-02
  -8.3168974e-01
  -1.3626618e+00
  -1.4396646e+00
  -1.0395209e+00
  -2.9931344e-01
   5.3064901e-01
   1.1715531e+00
   1.4097835e+00
   1.1681016e+00
   5.3059195e-01
  -2.8663885e-01
  -1.0087802e+00
  -1.3947502e+00
  -1.3176442e+00
  -8.0636723e-01
  -3.4829084e-02
   7.3726423e-01
   1.2518435e+00
   1.3386925e+00
   9.7166100e-01
   2.7635019e-01
  -5.1290794e-01
  -1.1320222e+00
  -1.3754494e+00
  -1.1643312e+00
  -5.7191230e-01
   2.0189898e-01
   8.9798101e-01
   1.2847018e+00
   1.2348905e+00
   7.6754277e-01
   4.0630583e-02
  -7.0227399e-01
  -1.2135303e+00
  -1.3238550e+00
  -9.9825414e-01
  -3.4702909e-01
   4.1156671e-01
   1.0243833e+00
   1.2877229e+00
   1.1149275e+00
   5.6482965e-01
  -1.7824640e-01
  -8.6614146e-01
  -1.2695908e+00
  -1.2545007e+00
  -8.2644740e-01
  -1.2865900e-01
   6.0579968e-01
   1.1317188e+00
   1.2734718e+00
   9.8359601e-01
   3.5871490e-01
  -3.9254643e-01
  -1.0190436e+00
  -1.3109150e+00
  -1.1697994e+00
  -6.4200742e-01
   9.6548152e-02
   7.9880760e-01
   1.2290495e+00
   1.2419289e+00
   8.3160245e-01
   1.3432965e-01
  -6.1658172e-01
  -1.1686628e+00
  -1.3350677e+00
  -1.0578210e+00
  -4.2811585e-01
   3.4347841e-01
   9.9724578e-01
   1.3116380e+00
   1.1783619e+00
   6.3979002e-01
  -1.2426526e-01
  -8.5638448e-01
  -1.3081465e+00
  -1.3244153e+00
  -8.9671363e-01
  -1.6728383e-01
   6.1801071e-01
   1.1924300e+00
   1.3589495e+00
   1.0579395e+00
   3.8864813e-01
  -4.2329265e-01
  -1.1017881e+00
  -1.4141359e+00
  -1.2509208e+00
  -6.6448696e-01
   1.4759243e-01
   9.0893077e-01
   1.3583617e+00
   1.3396113e+00
   8.5579152e-01
   6.9659067e-02
  -7.5097190e-01
  -1.3244153e+00
  -1.4518685e+00
  -1.0864779e+00
  -3.5066781e-01
   5.0471093e-01
   1.1858461e+00
   1.4569466e+00
   1.2220127e+00
   5.5898714e-01
  -3.0591654e-01
  -1.0753227e+00
  -1.4829805e+00
  -1.3860295e+00
  -8.1521990e-01
   3.4621584e-02
   8.7101759e-01
   1.4045361e+00
   1.4490759e+00
   9.8694709e-01
   1.7593043e-01
  -7.0450490e-01
  -1.3495231e+00
  -1.5345746e+00
  -1.1937208e+00
  -4.4325196e-01
   4.5790305e-01
   1.1975307e+00
   1.5184082e+00
   1.3079131e+00
   6.3769426e-01
  -2.6061868e-01
  -1.0754656e+00
  -1.5234993e+00
  -1.4482498e+00
  -8.7490255e-01
  -1.9637960e-03
   8.6746693e-01
   1.4310213e+00
   1.4923548e+00
   1.0296929e+00
   2.0365182e-01
  -6.9850253e-01
  -1.3628171e+00
  -1.5580229e+00
  -1.2161699e+00
  -4.5636322e-01
   4.5672028e-01
   1.2050932e+00
   1.5283123e+00
   1.3142411e+00
   6.3804582e-01
  -2.6416706e-01
  -1.0778318e+00
  -1.5196915e+00
  -1.4365114e+00
  -8.5829621e-01
   1.2499709e-02
   8.7190106e-01
   1.4206134e+00
   1.4683611e+00
   9.9995000e-01
   1.8009167e-01
  -7.0453633e-01
  -1.3456002e+00
  -1.5206620e+00
  -1.1704237e+00
  -4.1881603e-01
   4.7087710e-01
   1.1883146e+00
   1.4844355e+00
   1.2579874e+00
   5.9016260e-01
  -2.8450743e-01
  -1.0605634e+00
  -1.4683538e+00
  -1.3677736e+00
  -7.9640000e-01
   4.4512797e-02
   8.6097085e-01
   1.3690881e+00
   1.3938423e+00
   9.2936976e-01
   1.4002877e-01
  -6.9778666e-01
  -1.2924677e+00
  -1.4387114e+00
  -1.0883863e+00
  -3.6628430e-01
   4.7436193e-01
   1.1407285e+00
   1.4024282e+00
   1.1711586e+00
   5.3044100e-01
  -2.9454001e-01
  -1.0160994e+00
  -1.3843754e+00
  -1.2738244e+00
  -7.2595136e-01
   6.6240711e-02
   8.2626935e-01
   1.2906763e+00
   1.3003320e+00
   8.5490976e-01
   1.1190589e-01
  -6.6905290e-01
  -1.2169143e+00
  -1.3432299e+00
  -1.0069051e+00
  -3.2744673e-01
   4.5751415e-01
   1.0753227e+00
   1.3129673e+00
   1.0904636e+00
   4.8769945e-01
  -2.8423217e-01
  -9.5692750e-01
  -1.2979316e+00
  -1.1909817e+00
  -6.7556290e-01
   6.7650262e-02
   7.8010606e-01
   1.2152655e+00
   1.2238422e+00
   8.0495256e-01
   1.0568148e-01
  -6.3051833e-01
  -1.1485016e+00
  -1.2697572e+00
  -9.5384331e-01
  -3.1181937e-01
   4.3276680e-01
   1.0216449e+00
   1.2513188e+00
   1.0433188e+00
   4.7098895e-01
  -2.6632162e-01
  -9.1259475e-01
  -1.2439244e+00
  -1.1459960e+00
  -6.5348728e-01
   6.2177200e-02
   7.5240740e-01
   1.1776931e+00
   1.1906345e+00
   7.8700992e-01
   1.0720142e-01
  -6.1251742e-01
  -1.1219662e+00
  -1.2439138e+00
  -9.3568993e-01
  -3.0414852e-01
   4.3127966e-01
   1.0147092e+00
   1.2427399e+00
   1.0353422e+00
   4.6399913e-01
  -2.7280391e-01
  -9.1838186e-01
  -1.2471483e+00
  -1.1433869e+00
  -6.4200742e-01
   8.3079856e-02
   7.7915328e-01
   1.2026557e+00
   1.2043788e+00
   7.8208245e-01
   8.1980588e-02
  -6.5171467e-01
  -1.1618383e+00
  -1.2683400e+00
  -9.3185235e-01
  -2.6830499e-01
   4.9086467e-01
   1.0793123e+00
   1.2891805e+00
   1.0445619e+00
   4.2905978e-01
  -3.4259308e-01
  -9.9929042e-01
  -1.3087148e+00
  -1.1595294e+00
  -6.0151527e-01
   1.7084937e-01
   8.8603204e-01
   1.2908430e+00
   1.2401007e+00
   7.4880667e-01
  -1.1951717e-02
  -7.7440575e-01
  -1.2682508e+00
  -1.3164657e+00
  -8.9883740e-01
  -1.6036321e-01
   6.3894001e-01
   1.2155116e+00
   1.3628612e+00
   1.0256220e+00
   3.2045522e-01
  -5.0411200e-01
  -1.1551585e+00
  -1.3994020e+00
  -1.1468482e+00
  -4.8403417e-01
   3.5545013e-01
   1.0731954e+00
   1.4120528e+00
   1.2483560e+00
   6.3718601e-01
  -2.0592881e-01
  -9.8088521e-01
  -1.4097835e+00
  -1.3366287e+00
  -7.8416050e-01
   5.2931696e-02
   8.7651752e-01
   1.3911966e+00
   1.4103333e+00
   9.2387122e-01
   1.0324806e-01
  -7.5887511e-01
  -1.3529275e+00
  -1.4636194e+00
  -1.0480535e+00
  -2.5237612e-01
   6.3950990e-01
   1.3072233e+00
   1.5090599e+00
   1.1696195e+00
   4.0809488e-01
  -5.0342021e-01
  -1.2370764e+00
  -1.5272011e+00
  -1.2665820e+00
  -5.4617069e-01
   3.7653698e-01
   1.1695062e+00
   1.5457016e+00
   1.3671120e+00
   6.9552508e-01
  -2.2866835e-01
  -1.0724321e+00
  -1.5300906e+00
  -1.4341324e+00
  -8.1661183e-01
   1.0139920e-01
   9.8891558e-01
   1.5244180e+00
   1.5124442e+00
   9.5508208e-01
   5.2171782e-02
  -8.7024424e-01
  -1.4776337e+00
  -1.5483474e+00
  -1.0545883e+00
  -1.7335625e-01
   7.7695643e-01
   1.4516332e+00
   1.6047800e+00
   1.1790897e+00
   3.2741408e-01
  -6.4200742e-01
  -1.3770671e+00
  -1.6097104e+00
  -1.2537617e+00
  -4.3691348e-01
   5.4503253e-01
   1.3353049e+00
   1.6458814e+00
   1.3626013e+00
   5.8727189e-01
  -3.9879758e-01
  -1.2368072e+00
  -1.6210351e+00
  -1.4104316e+00
  -6.8046738e-01
   3.0386041e-01
   1.1842437e+00
   1.6395739e+00
   1.5031947e+00
   8.2404740e-01
  -1.5076340e-01
  -1.0658072e+00
  -1.5869173e+00
  -1.5232710e+00
  -8.9732896e-01
   6.3039122e-02
   1.0075161e+00
   1.5911956e+00
   1.6006603e+00
   1.0321619e+00
   9.3228213e-02
  -8.7300969e-01
  -1.5131902e+00
  -1.5929765e+00
  -1.0828876e+00
  -1.6923020e-01
   8.1395170e-01
   1.5070702e+00
   1.6566246e+00
   1.2080598e+00
   3.2580356e-01
  -6.6690947e-01
  -1.4064203e+00
  -1.6218743e+00
  -1.2344642e+00
  -3.8629012e-01
   6.1176313e-01
   1.3940311e+00
   1.6741491e+00
   1.3500208e+00
   5.4116904e-01
  -4.5522808e-01
  -1.2734632e+00
  -1.6135169e+00
  -1.3510886e+00
  -5.8305904e-01
   4.0827595e-01
   1.2590148e+00
   1.6573327e+00
   1.4579115e+00
   7.3509598e-01
  -2.4469607e-01
  -1.1210948e+00
  -1.5722958e+00
  -1.4332312e+00
  -7.5597317e-01
   2.0976147e-01
   1.1087320e+00
   1.6109416e+00
   1.5329052e+00
   9.0482725e-01
  -4.0930956e-02
  -9.5572169e-01
  -1.5030911e+00
  -1.4825151e+00
  -9.0286189e-01
   2.1358167e-02
   9.4941903e-01
   1.5400821e+00
   1.5771937e+00
   1.0489288e+00
   1.5160350e-01
  -7.8317002e-01
  -1.4109674e+00
  -1.5014300e+00
  -1.0227788e+00
  -1.5293348e-01
   7.8666461e-01
   1.4499243e+00
   1.5937088e+00
   1.1671072e+00
   3.2957296e-01
  -6.0854657e-01
  -1.3009249e+00
  -1.4930630e+00
  -1.1158083e+00
  -3.1019933e-01
   6.2530468e-01
   1.3454821e+00
   1.5858668e+00
   1.2600105e+00
   4.9069947e-01
  -4.3616312e-01
  -1.1777051e+00
  -1.4608568e+00
  -1.1828628e+00
  -4.4851894e-01
   4.6937562e-01
   1.2314463e+00
   1.5573447e+00
   1.3290284e+00
   6.3365487e-01
  -2.6951350e-01
  -1.0456495e+00
  -1.4084031e+00
  -1.2254854e+00
  -5.6684628e-01
   3.2211459e-01
   1.1120696e+00
   1.5118928e+00
   1.3761003e+00
   7.5793398e-01
  -1.1129239e-01
  -9.0860593e-01
  -1.3392724e+00
  -1.2456649e+00
  -6.6487624e-01
   1.8599611e-01
   9.9109502e-01
   1.4531846e+00
   1.4035418e+00
   8.6371899e-01
   3.6554949e-02
  -7.6987706e-01
  -1.2568813e+00
  -1.2456710e+00
  -7.4290697e-01
   6.2794515e-02
   8.7172390e-01
   1.3847021e+00
   1.4138916e+00
   9.5174373e-01
   1.7276176e-01
  -6.3220237e-01
  -1.1643944e+00
  -1.2279130e+00
  -8.0170586e-01
  -4.6336872e-02
   7.5661304e-01
   1.3096559e+00
   1.4097835e+00
   1.0231646e+00
   2.9665608e-01
  -4.9776790e-01
  -1.0646583e+00
  -1.1948227e+00
  -8.4238490e-01
  -1.4077762e-01
   6.4789609e-01
   1.2309331e+00
   1.3938423e+00
   1.0794427e+00
   4.0807138e-01
  -3.6823585e-01
  -9.6016204e-01
  -1.1487620e+00
  -8.6628891e-01
  -2.2034952e-01
   5.4722155e-01
   1.1510710e+00
   1.3686033e+00
   1.1222401e+00
   5.0725679e-01
  -2.4478848e-01
  -8.5302068e-01
  -1.0919531e+00
  -8.7489901e-01
  -2.8522808e-01
   4.5580181e-01
   1.0722499e+00
   1.3364542e+00
   1.1533309e+00
   5.9479135e-01
  -1.2818067e-01
  -7.4497679e-01
  -1.0264298e+00
  -8.6975200e-01
  -3.3585992e-01
   3.7446827e-01
   9.9630168e-01
   1.2995941e+00
   1.1745289e+00
   6.7150478e-01
  -1.8796945e-02
  -6.3741548e-01
  -9.5400628e-01
  -8.5237553e-01
  -3.7288824e-01
   3.0372854e-01
   9.2472979e-01
   1.2600105e+00
   1.1876290e+00
   7.3840662e-01
   8.3290454e-02
  -5.3138943e-01
  -8.7626118e-01
  -8.2423815e-01
  -3.9708782e-01
   2.4382258e-01
   8.5873628e-01
   1.2194677e+00
   1.1943627e+00
   7.9662465e-01
   1.7826508e-01
  -4.2765054e-01
  -7.9453399e-01
  -7.8671301e-01
  -4.0931027e-01
   1.9477548e-01
   7.9925335e-01
   1.1795061e+00
   1.1963656e+00
   8.4735250e-01
   2.6651299e-01
  -3.2668545e-01
  -7.0993119e-01
  -7.4105360e-01
  -4.1043941e-01
   1.5644535e-01
   7.4697658e-01
   1.1414486e+00
   1.1951545e+00
   8.9180620e-01
   3.4857390e-01
  -2.2875293e-01
  -6.2333965e-01
  -6.8837986e-01
  -4.0135649e-01
   1.2856506e-01
   7.0239781e-01
   1.1064124e+00
   1.1921135e+00
   9.3118890e-01
   4.2509717e-01
  -1.3392148e-01
  -5.3544555e-01
  -6.2967304e-01
  -3.8291463e-01
   1.1077759e-01
   6.6583604e-01
   1.0753227e+00
   1.1884855e+00
   9.6666256e-01
   4.9680277e-01
  -4.2106093e-02
  -4.4675705e-01
  -5.6577786e-01
  -3.5592151e-01
   1.0266449e-01
   6.3746518e-01
   1.0489288e+00
   1.1853689e+00
   9.9932568e-01
   5.6444707e-01
   4.6896541e-02
  -3.5762942e-01
  -4.9741055e-01
  -3.2112967e-01
   1.0376770e-01
   6.1733787e-01
   1.0278195e+00
   1.1837172e+00
   1.0301957e+00
   6.2879283e-01
   1.3337469e-01
  -2.6829179e-01
  -4.2517163e-01
  -2.7923330e-01
   1.1360486e-01
   6.0540483e-01
   1.0124365e+00
   1.1843404e+00
   1.0601952e+00
   6.9058292e-01
   2.1767020e-01
  -1.7887473e-01
  -3.4956256e-01
  -2.3087088e-01
   1.3167848e-01
   6.0152942e-01
   1.0030865e+00
   1.1879065e+00
   1.0901398e+00
   7.5051691e-01
   3.0014899e-01
  -8.9438247e-02
  -2.7100534e-01
  -1.7663287e-01
   1.5747944e-01
   6.0549731e-01
   9.9995000e-01
   1.1949428e+00
   1.1207289e+00
   8.0923002e-01
   3.8117314e-01
   0.0000000e+00
  -1.8986459e-01
  -1.1707367e-01
   1.9048512e-01
   6.1702125e-01
   1.0030865e+00
   1.2058360e+00
   1.1525354e+00
   8.6727344e-01
   4.6107424e-01
   8.9436481e-02
  -1.0647163e-01
  -5.2727391e-02
   2.3015289e-01
   6.3574118e-01
   1.0124365e+00
   1.2208302e+00
   1.1859964e+00
   9.2509566e-01
   5.4012770e-01
   1.7885354e-01
  -2.1150028e-02
   1.5873112e-02
   2.7590918e-01
   6.6121986e-01
   1.0278195e+00
   1.2400226e+00
   1.2214025e+00
   9.8302417e-01
   6.1852771e-01
   2.6819117e-01
   6.5757422e-02
   8.8174605e-02
   3.2713480e-01
   6.9293436e-01
   1.0489288e+00
   1.2633574e+00
   1.2588865e+00
   1.0412470e+00
   6.9636259e-01
   3.5731880e-01
   1.5386092e-01
   1.6357959e-01
   3.8314711e-01
   7.3026393e-01
   1.0753227e+00
   1.2906160e+00
   1.2984110e+00
   1.0997945e+00
   7.7359051e-01
   4.4600730e-01
   2.4269524e-01
   2.4142082e-01
   4.4317957e-01
   7.7247484e-01
   1.1064124e+00
   1.3214067e+00
   1.3397535e+00
   1.1585201e+00
   8.5001555e-01
   5.3390140e-01
   3.3169120e-01
   3.2093489e-01
   5.0635953e-01
   8.1870293e-01
   1.1414486e+00
   1.3551510e+00
   1.3824928e+00
   1.2170822e+00
   9.2526452e-01
   6.2049294e-01
   4.2014775e-01
   4.0123569e-01
   5.7168524e-01
   8.6793481e-01
   1.1795061e+00
   1.3910700e+00
   1.4259934e+00
   1.2749257e+00
   9.9876509e-01
   7.0509575e-01
   5.0720529e-01
   4.8128871e-01
   6.3800301e-01
   9.1898894e-01
   1.2194677e+00
   1.4281708e+00
   1.4693914e+00
   1.3312661e+00
   1.0697260e+00
   7.8682293e-01
   5.9182167e-01
   5.5988751e-01
   7.0398615e-01
   9.7049795e-01
   1.2600105e+00
   1.4652339e+00
   1.5115823e+00
   1.3850748e+00
   1.1371206e+00
   8.6456804e-01
   6.7275182e-01
   6.3563386e-01
   7.6811715e-01
   1.0208940e+00
   1.2995941e+00
   1.5008039e+00
   1.5512127e+00
   1.4350707e+00
   1.1996757e+00
   9.3699155e-01
   7.4853319e-01
   7.0692338e-01
   8.2867523e-01
   1.0683992e+00
   1.3364542e+00
   1.5331856e+00
   1.5866769e+00
   1.4797160e+00
   1.2558667e+00
   1.0025148e+00
   8.1747874e-01
   7.7193889e-01
   8.8373136e-01
   1.1110234e+00
   1.3686033e+00
   1.5604476e+00
   1.6161225e+00
   1.5172222e+00
   1.3039224e+00
   1.0593237e+00
   8.7767997e-01
   8.2865391e-01
   9.3115348e-01
   1.1465723e+00
   1.3938423e+00
   1.5804360e+00
   1.6374655e+00
   1.5455661e+00
   1.3418412e+00
   1.1053845e+00
   9.2702266e-01
   8.7484908e-01
   9.6862468e-01
   1.1726678e+00
   1.4097835e+00
   1.5908011e+00
   1.6484200e+00
   1.5625209e+00
   1.3674225e+00
   1.1384748e+00
   9.6321813e-01
   9.0814428e-01
   9.9367714e-01
   1.1867853e+00
   1.4138916e+00
   1.5890409e+00
   1.6465438e+00
   1.5657030e+00
   1.3783147e+00
   1.1562328e+00
   9.8385289e-01
   9.2604945e-01
   1.0037449e+00
   1.1863088e+00
   1.4035418e+00
   1.5725630e+00
   1.6293030e+00
   1.5526395e+00
   1.3720839e+00
   1.1562267e+00
   9.8645918e-01
   9.2603661e-01
   9.9623827e-01
   1.1686082e+00
   1.3761003e+00
   1.5387684e+00
   1.5941594e+00
   1.5208577e+00
   1.3463054e+00
   1.1360472e+00
   9.6860890e-01
   9.0563538e-01
   9.6864107e-01
   1.1311397e+00
   1.3290284e+00
   1.4851586e+00
   1.5386803e+00
   1.4679976e+00
   1.2986783e+00
   1.0934246e+00
   9.2803197e-01
   8.6255314e-01
   9.1863348e-01
   1.0715713e+00
   1.2600105e+00
   1.4094678e+00
   1.4606743e+00
   1.3919502e+00
   1.2271659e+00
   1.0263700e+00
   8.6275952e-01
   7.9481985e-01
   8.4423881e-01
   9.8793169e-01
   1.1671072e+00
   1.3098180e+00
   1.3583490e+00
   1.2910183e+00
   1.1301582e+00
   9.3334059e-01
   7.7129005e-01
   7.0095586e-01
   7.4399305e-01
   8.7878273e-01
   1.0489288e+00
   1.1848962e+00
   1.2304907e+00
   1.1640979e+00
   1.0066561e+00
   8.1342364e-01
   6.5277509e-01
   5.8015847e-01
   6.1713275e-01
   7.4340839e-01
   9.0482725e-01
   1.0341476e+00
   1.0766596e+00
   1.0108749e+00
   8.5646766e-01
   6.6653493e-01
   5.0721751e-01
   4.3250060e-01
   4.6379402e-01
   5.8201450e-01
   7.3509598e-01
   8.5797649e-01
   8.9739151e-01
   8.3202747e-01
   6.8041174e-01
   4.9362080e-01
   3.3567308e-01
   2.5913149e-01
   2.8521249e-01
   3.9592805e-01
   5.4116904e-01
   6.5794502e-01
   6.9439568e-01
   6.2942281e-01
   4.8051278e-01
   2.9685187e-01
   1.4044204e-01
   6.2465949e-02
   8.3910219e-02
   1.8778191e-01
   3.2580356e-01
   4.3695337e-01
   4.7073295e-01
   4.0629274e-01
   2.6017346e-01
   7.9791954e-02
  -7.4765841e-02
  -1.5365459e-01
  -1.3614744e-01
  -3.8332582e-02
   9.3228213e-02
   1.9938407e-01
   2.3095555e-01
   1.6736880e-01
   2.4304800e-02
  -1.5247737e-01
  -3.0471258e-01
  -3.8384966e-01
  -3.6944571e-01
  -2.7676579e-01
  -1.5076340e-01
  -4.8811094e-02
  -1.8812609e-02
  -8.1044476e-02
  -2.2060802e-01
  -3.9329866e-01
  -5.4258210e-01
  -6.2115828e-01
  -6.0888767e-01
  -5.2028584e-01
  -3.9879758e-01
  -3.0010485e-01
  -2.7087881e-01
  -3.3108175e-01
  -4.6652759e-01
  -6.3447078e-01
  -7.8002293e-01
  -8.5709254e-01
  -8.4585875e-01
  -7.6015424e-01
  -6.4200742e-01
  -5.4549260e-01
  -5.1609115e-01
  -5.7343824e-01
  -7.0399767e-01
  -8.6639468e-01
  -1.0073068e+00
  -1.0818092e+00
  -1.0704116e+00
  -9.8632409e-01
  -8.7024424e-01
  -7.7471726e-01
  -7.4407691e-01
  -7.9762186e-01
  -9.2240932e-01
  -1.0783538e+00
  -1.2136234e+00
  -1.2844194e+00
  -1.2715907e+00
  -1.1877795e+00
  -1.0724321e+00
  -9.7663873e-01
  -9.4362698e-01
  -9.9235267e-01
  -1.1104156e+00
  -1.2589444e+00
  -1.3875267e+00
  -1.4534503e+00
  -1.4379097e+00
  -1.3530289e+00
  -1.2370764e+00
  -1.1397581e+00
  -1.1032356e+00
  -1.1461181e+00
  -1.2565024e+00
  -1.3966615e+00
  -1.5175362e+00
  -1.5774623e+00
  -1.5579842e+00
  -1.4707528e+00
  -1.3529275e+00
  -1.2528958e+00
  -1.2117929e+00
  -1.2478800e+00
  -1.3497096e+00
  -1.4806349e+00
  -1.5928870e+00
  -1.6458127e+00
  -1.6213092e+00
  -1.5305947e+00
  -1.4097835e+00
  -1.3060073e+00
  -1.2594133e+00
  -1.2879147e+00
  -1.3804827e+00
  -1.5014911e+00
  -1.6044025e+00
  -1.6495393e+00
  -1.6191519e+00
  -1.5240633e+00
  -1.3994020e+00
  -1.2911028e+00
  -1.2383620e+00
  -1.2587463e+00
  -1.3416124e+00
  -1.4522994e+00
  -1.5454463e+00
  -1.5823160e+00
  -1.5455121e+00
  -1.4454962e+00
  -1.3164657e+00
  -1.2032145e+00
  -1.1440235e+00
  -1.1561159e+00
  -1.2292032e+00
  -1.3295389e+00
  -1.4128856e+00
  -1.4414141e+00
  -1.3980794e+00
  -1.2930120e+00
  -1.1595294e+00
  -1.0413369e+00
  -9.7583398e-01
  -9.7990425e-01
  -1.0435863e+00
  -1.1340002e+00
  -1.2079829e+00
  -1.2285806e+00
  -1.1790971e+00
  -1.0693594e+00
  -9.3185235e-01
  -8.0924151e-01
  -7.3807792e-01
  -7.3490931e-01
  -7.9007637e-01
  -8.7152070e-01
  -9.3710693e-01
  -9.5072557e-01
  -8.9602507e-01
  -7.8255378e-01
  -6.4200742e-01
  -5.1605781e-01
  -4.4043823e-01
  -4.3136511e-01
  -4.7945774e-01
  -5.5343738e-01
  -6.1215154e-01
  -6.2030461e-01
  -5.6188492e-01
  -4.4618398e-01
  -3.0414852e-01
  -1.7649945e-01
  -9.8181348e-02
  -8.5083793e-02
  -1.2808284e-01
  -1.9663966e-01
  -2.5054207e-01
  -2.5527860e-01
  -1.9517145e-01
  -7.9274662e-02
   6.2177200e-02
   1.8937445e-01
   2.6813390e-01
   2.8288860e-01
   2.4252624e-01
   1.7688337e-01
   1.2527283e-01
   1.2145100e-01
   1.8076882e-01
   2.9439275e-01
   4.3276680e-01
   5.5695567e-01
   6.3351213e-01
   6.4718791e-01
   6.0665383e-01
   5.4108008e-01
   4.8891937e-01
   4.8320157e-01
   5.3895863e-01
   6.4756283e-01
   7.8010606e-01
   8.9849335e-01
   9.6998973e-01
   9.7966197e-01
   9.3598248e-01
   8.6748925e-01
   8.1181263e-01
   8.0128390e-01
   8.5062468e-01
   9.5140035e-01
   1.0753227e+00
   1.1851054e+00
   1.2487037e+00
   1.2514962e+00
   1.2017742e+00
   1.1274760e+00
   1.0654460e+00
   1.0473439e+00
   1.0875902e+00
   1.1779324e+00
   1.2906763e+00
   1.3893151e+00
   1.4424734e+00
   1.4358381e+00
   1.3775362e+00
   1.2949372e+00
   1.2241336e+00
   1.1961401e+00
   1.2250856e+00
   1.3028895e+00
   1.4024282e+00
   1.4879465e+00
   1.5287187e+00
   1.5107368e+00
   1.4419785e+00
   1.3492731e+00
   1.2679944e+00
   1.2285371e+00
   1.2447472e+00
   1.3087076e+00
   1.3938423e+00
   1.4651217e+00
   1.4924506e+00
   1.4621221e+00
   1.3819783e+00
   1.2783354e+00
   1.1858785e+00
   1.1344059e+00
   1.1374893e+00
   1.1873665e+00
   1.2579874e+00
   1.3150224e+00
   1.3289877e+00
   1.2864730e+00
   1.1951964e+00
   1.0809855e+00
   9.7786461e-01
   9.1505707e-01
   9.0586798e-01
   9.4268066e-01
   9.9995000e-01
   1.0440210e+00
   1.0460020e+00
   9.9277306e-01
   8.9193835e-01
   7.6885796e-01
   6.5692108e-01
   5.8479512e-01
   5.6552451e-01
   5.9162868e-01
   6.3804582e-01
   6.7177008e-01
   6.6448198e-01
   6.0334453e-01
   4.9585505e-01
   3.6692497e-01
   2.4933037e-01
   1.7119958e-01
   1.4532048e-01
   1.6433807e-01
   2.0365182e-01
   2.3087914e-01
   2.1825166e-01
   1.5320619e-01
   4.3138014e-02
  -8.7474451e-02
  -2.0644905e-01
  -2.8618244e-01
  -3.1414098e-01
  -2.9756576e-01
  -2.6061868e-01
  -2.3508558e-01
  -2.4820567e-01
  -3.1227921e-01
  -4.2001050e-01
  -5.4734130e-01
  -6.6266702e-01
  -7.3889764e-01
  -7.6375316e-01
  -7.4437345e-01
  -7.0450490e-01
  -6.7536353e-01
  -6.8368205e-01
  -7.4150999e-01
  -8.4165076e-01
  -9.6045584e-01
  -1.0668842e+00
  -1.1343495e+00
  -1.1508261e+00
  -1.1233658e+00
  -1.0753227e+00
  -1.0373698e+00
  -1.0357562e+00
  -1.0822938e+00
  -1.1698857e+00
  -1.2752844e+00
  -1.3680001e+00
  -1.4219416e+00
  -1.4253387e+00
  -1.3851686e+00
  -1.3244153e+00
  -1.2732350e+00
  -1.2574155e+00
  -1.2885434e+00
  -1.3596232e+00
  -1.4477999e+00
  -1.5231234e+00
  -1.5599892e+00
  -1.5468836e+00
  -1.4907207e+00
  -1.4141359e+00
  -1.3467923e+00
  -1.3140371e+00
  -1.3272435e+00
  -1.3795174e+00
  -1.4483878e+00
  -1.5044318e+00
  -1.5225226e+00
  -1.4914023e+00
  -1.4179316e+00
  -1.3244153e+00
  -1.2400450e+00
  -1.1897451e+00
  -1.1846843e+00
  -1.2180684e+00
  -1.2678001e+00
  -1.3049699e+00
  -1.3049173e+00
  -1.2566364e+00
  -1.1669415e+00
  -1.0578210e+00
  -9.5801237e-01
  -8.9203123e-01
  -8.7084783e-01
  -8.8776319e-01
  -9.2104070e-01
  -9.4226708e-01
  -9.2723412e-01
  -8.6518126e-01
  -7.6287833e-01
  -6.4200742e-01
  -5.3086477e-01
  -4.5356684e-01
  -4.2088698e-01
  -4.2621325e-01
  -4.4815314e-01
  -4.5876983e-01
  -4.3428932e-01
  -3.6418546e-01
  -2.5518169e-01
  -1.2865900e-01
  -1.2480202e-02
   6.9632334e-02
   1.0710475e-01
   1.0647393e-01
   8.8808153e-02
   8.1591164e-02
   1.0818401e-01
   1.7889310e-01
   2.8704757e-01
   4.1156671e-01
   5.2501762e-01
   6.0407111e-01
   6.3835903e-01
   6.3435836e-01
   6.1283575e-01
   6.0084773e-01
   6.2136627e-01
   6.8449554e-01
   7.8362644e-01
   8.9798101e-01
   1.0005558e+00
   1.0684168e+00
   1.0914100e+00
   1.0759694e+00
   1.0425839e+00
   1.0179097e+00
   1.0245544e+00
   1.0724387e+00
   1.1550255e+00
   1.2518435e+00
   1.3363195e+00
   1.3859172e+00
   1.3907058e+00
   1.3570927e+00
   1.3053119e+00
   1.2616451e+00
   1.2483592e+00
   1.2752082e+00
   1.3357372e+00
   1.4097835e+00
   1.4712038e+00
   1.4978609e+00
   1.4800532e+00
   1.4241754e+00
   1.3502263e+00
   1.2841350e+00
   1.2478471e+00
   1.2509640e+00
   1.2871179e+00
   1.3364542e+00
   1.3732548e+00
   1.3757782e+00
   1.3345540e+00
   1.2559724e+00
   1.1598108e+00
   1.0716612e+00
   1.0131617e+00
   9.9376813e-01
   1.0071995e+00
   1.0339019e+00
   1.0485722e+00
   1.0298546e+00
   9.6850509e-01
   8.7090996e-01
   7.5663127e-01
   6.5093184e-01
   5.7514775e-01
   5.3858855e-01
   5.3505214e-01
   5.4527085e-01
   5.4433811e-01
   5.1126698e-01
   4.3702615e-01
   3.2799109e-01
   2.0350592e-01
   8.8503671e-02
   4.0152170e-03
  -4.0804607e-02
  -5.2094969e-02
  -4.8859542e-02
  -5.5633531e-02
  -9.3059906e-02
  -1.6997758e-01
  -2.8003698e-01
  -4.0412199e-01
  -5.1763767e-01
  -5.9986853e-01
  -6.4182996e-01
  -6.4962037e-01
  -6.4200742e-01
  -6.4318587e-01
  -6.7348468e-01
  -7.4157623e-01
  -8.4115688e-01
  -9.5335378e-01
  -1.0539231e+00
  -1.1224794e+00
  -1.1502274e+00
  -1.1432500e+00
  -1.1201095e+00
  -1.1046930e+00
  -1.1170472e+00
  -1.1657051e+00
  -1.2444304e+00
  -1.3346095e+00
  -1.4123635e+00
  -1.4576513e+00
  -1.4618858e+00
  -1.4311580e+00
  -1.3838532e+00
  -1.3435811e+00
  -1.3301344e+00
  -1.3519307e+00
  -1.4028185e+00
  -1.4644557e+00
  -1.5133371e+00
  -1.5297755e+00
  -1.5054044e+00
  -1.4463406e+00
  -1.3708130e+00
  -1.3021765e+00
  -1.2599902e+00
  -1.2525712e+00
  -1.2738617e+00
  -1.3057940e+00
  -1.3252362e+00
  -1.3128547e+00
  -1.2605055e+00
  -1.1743372e+00
  -1.0724321e+00
  -9.7790003e-01
  -9.1007450e-01
  -8.7717484e-01
  -8.7323300e-01
  -8.8044601e-01
  -8.7604205e-01
  -8.4102716e-01
  -7.6746871e-01
  -6.6153914e-01
  -5.4116904e-01
  -4.2921945e-01
  -3.4479147e-01
  -2.9599514e-01
  -2.7693424e-01
  -2.7004688e-01
  -2.5289425e-01
  -2.0679462e-01
  -1.2400150e-01
  -1.0689565e-02
   1.1538078e-01
   2.3161518e-01
   3.1916467e-01
   3.7005289e-01
   3.9013439e-01
   3.9676537e-01
   4.1208989e-01
   4.5451577e-01
   5.3163909e-01
   6.3731472e-01
   7.5398084e-01
   8.5933682e-01
   9.3481421e-01
   9.7260257e-01
   9.7855192e-01
   9.6985422e-01
   9.6840244e-01
   9.9237342e-01
   1.0492525e+00
   1.1329594e+00
   1.2261618e+00
   1.3068819e+00
   1.3568611e+00
   1.3684871e+00
   1.3476414e+00
   1.3113911e+00
   1.2814186e+00
   1.2757088e+00
   1.3016713e+00
   1.3533202e+00
   1.4135776e+00
   1.4608102e+00
   1.4770905e+00
   1.4550273e+00
   1.4005596e+00
   1.3306576e+00
   1.2668214e+00
   1.2268698e+00
   1.2181579e+00
   1.2348093e+00
   1.2600105e+00
   1.2724783e+00
   1.2546212e+00
   1.1992745e+00
   1.1124422e+00
   1.0110065e+00
   9.1629403e-01
   8.4596314e-01
   8.0731482e-01
   7.9457668e-01
   7.9118783e-01
   7.7619976e-01
   7.3233948e-01
   6.5265239e-01
   5.4319201e-01
   4.2073887e-01
   3.0643146e-01
   2.1775048e-01
   1.6192046e-01
   1.3324464e-01
   1.1538078e-01
   8.7677351e-02
   3.3140795e-02
  -5.5011889e-02
  -1.7071394e-01
  -2.9732152e-01
  -4.1391915e-01
  -5.0324106e-01
  -5.5818050e-01
  -5.8440521e-01
  -5.9808994e-01
  -6.1964332e-01
  -6.6583408e-01
  -7.4332659e-01
  -8.4609100e-01
  -9.5766780e-01
  -1.0574111e+00
  -1.1283177e+00
  -1.1634490e+00
  -1.1684981e+00
  -1.1595294e+00
  -1.1567678e+00
  -1.1768150e+00
  -1.2262720e+00
  -1.2991968e+00
  -1.3793612e+00
  -1.4464334e+00
  -1.4837168e+00
  -1.4844863e+00
  -1.4545074e+00
  -1.4097835e+00
  -1.3704041e+00
  -1.3528506e+00
  -1.3637024e+00
  -1.3971418e+00
  -1.4372034e+00
  -1.4638967e+00
  -1.4608569e+00
  -1.4215975e+00
  -1.3519821e+00
  -1.2679785e+00
  -1.1895655e+00
  -1.1331248e+00
  -1.1052297e+00
  -1.1001956e+00
  -1.1023224e+00
  -1.0919587e+00
  -1.0530664e+00
  -9.7939125e-01
  -8.7688827e-01
  -7.6148295e-01
  -6.5303381e-01
  -5.6781005e-01
  -5.1235965e-01
  -4.8110597e-01
  -4.5858218e-01
  -4.2543958e-01
  -3.6592703e-01
  -2.7398205e-01
  -1.5561053e-01
  -2.6654386e-02
   9.3190429e-02
   1.8781332e-01
   2.5074225e-01
   2.8750264e-01
   3.1338967e-01
   3.4751514e-01
   4.0541037e-01
   4.9301342e-01
   6.0433364e-01
   7.2367770e-01
   8.3157731e-01
   9.1214727e-01
   9.5906137e-01
   9.7786750e-01
   9.8376620e-01
   9.9571107e-01
   1.0290921e+00
   1.0897993e+00
   1.1719304e+00
   1.2600105e+00
   1.3348668e+00
   1.3809064e+00
   1.3920170e+00
   1.3738379e+00
   1.3415449e+00
   1.3140027e+00
   1.3065266e+00
   1.3250206e+00
   1.3637274e+00
   1.4074418e+00
   1.4373329e+00
   1.4381442e+00
   1.4040187e+00
   1.3407287e+00
   1.2634648e+00
   1.1910396e+00
   1.1387258e+00
   1.1124675e+00
   1.1066710e+00
   1.1064124e+00
   1.0932082e+00
   1.0521392e+00
   9.7760224e-01
   8.7549768e-01
   7.6102422e-01
   6.5293174e-01
   5.6643446e-01
   5.0749337e-01
   4.7064787e-01
   4.4121723e-01
   4.0102160e-01
   3.3543017e-01
   2.3904190e-01
   1.1783200e-01
  -1.3048574e-02
  -1.3497153e-01
  -2.3284450e-01
  -3.0075857e-01
  -3.4411667e-01
  -3.7743754e-01
  -4.1868346e-01
  -4.8228525e-01
  -5.7353146e-01
  -6.8646184e-01
  -8.0606284e-01
  -9.1391811e-01
  -9.9514951e-01
  -1.0439956e+00
  -1.0659005e+00
  -1.0753227e+00
  -1.0901100e+00
  -1.1245963e+00
  -1.1840582e+00
  -1.2626481e+00
  -1.3455839e+00
  -1.4147529e+00
  -1.4555811e+00
  -1.4625439e+00
  -1.4412157e+00
  -1.4060834e+00
  -1.3749666e+00
  -1.3621844e+00
  -1.3730786e+00
  -1.4019843e+00
  -1.4344146e+00
  -1.4526175e+00
  -1.4423758e+00
  -1.3984507e+00
  -1.3265922e+00
  -1.2413570e+00
  -1.1605734e+00
  -1.0985757e+00
  -1.0607928e+00
  -1.0417556e+00
  -1.0272764e+00
  -9.9996040e-01
  -9.4593694e-01
  -8.6023683e-01
  -7.4876538e-01
  -6.2612339e-01
  -5.1011640e-01
  -4.1505538e-01
  -3.4640930e-01
  -2.9884883e-01
  -2.5842111e-01
  -2.0801655e-01
  -1.3403270e-01
  -3.1687678e-02
   9.3044205e-02
   2.2560755e-01
   3.4831344e-01
   4.4697318e-01
   5.1618268e-01
   5.6124264e-01
   5.9598817e-01
   6.3736519e-01
   6.9883194e-01
   7.8510826e-01
   8.9027601e-01
   9.9995000e-01
   1.0966828e+00
   1.1665337e+00
   1.2042907e+00
   1.2153548e+00
   1.2135731e+00
   1.2158574e+00
   1.2356489e+00
   1.2777288e+00
   1.3363534e+00
   1.3974205e+00
   1.4438322e+00
   1.4619991e+00
   1.4470015e+00
   1.4044369e+00
   1.3482573e+00
   1.2954273e+00
   1.2594511e+00
   1.2452431e+00
   1.2472960e+00
   1.2518435e+00
   1.2421802e+00
   1.2051036e+00
   1.1360137e+00
   1.0407259e+00
   9.3331037e-01
   8.3078990e-01
   7.4672804e-01
   6.8615701e-01
   6.4378029e-01
   6.0612960e-01
   5.5684472e-01
   4.8305302e-01
   3.8040993e-01
   2.5487686e-01
   1.2056336e-01
  -5.5356101e-03
  -1.0989217e-01
  -1.8745990e-01
  -2.4343816e-01
  -2.9111914e-01
  -3.4664787e-01
  -4.2270289e-01
  -5.2351378e-01
  -6.4311684e-01
  -7.6750959e-01
  -8.7987479e-01
  -9.6687355e-01
  -1.0236026e+00
  -1.0553254e+00
  -1.0753227e+00
  -1.0996902e+00
  -1.1410784e+00
  -1.2037661e+00
  -1.2819481e+00
  -1.3618862e+00
  -1.4270944e+00
  -1.4645729e+00
  -1.4697086e+00
  -1.4479731e+00
  -1.4127753e+00
  -1.3802964e+00
  -1.3632862e+00
  -1.3661911e+00
  -1.3834733e+00
  -1.4017573e+00
  -1.4049763e+00
  -1.3805484e+00
  -1.3242201e+00
  -1.2417317e+00
  -1.1466713e+00
  -1.0553463e+00
  -9.8063442e-01
  -9.2716542e-01
  -8.8967084e-01
  -8.5512585e-01
  -8.0785797e-01
  -7.3566561e-01
  -6.3460684e-01
  -5.1063142e-01
  -3.7743754e-01
  -2.5137803e-01
  -1.4536639e-01
  -6.4111166e-02
  -2.4959916e-03
   5.2282390e-02
   1.1564213e-01
   1.9955364e-01
   3.0780448e-01
   4.3439886e-01
   5.6569834e-01
   6.8548020e-01
   7.8097699e-01
   8.4758956e-01
   8.9047637e-01
   9.2241827e-01
   9.5878177e-01
   1.0115103e+00
   1.0844409e+00
   1.1717340e+00
   1.2600105e+00
   1.3333744e+00
   1.3793981e+00
   1.3937825e+00
   1.3819155e+00
   1.3567384e+00
   1.3337426e+00
   1.3250134e+00
   1.3345965e+00
   1.3569565e+00
   1.3791098e+00
   1.3856116e+00
   1.3644868e+00
   1.3118378e+00
   1.2333714e+00
   1.1422666e+00
   1.0542040e+00
   9.8145962e-01
   9.2832110e-01
   8.8957357e-01
   8.5262850e-01
   8.0247524e-01
   7.2755853e-01
   6.2433474e-01
   4.9876798e-01
   3.6419921e-01
   2.3640758e-01
   1.2775465e-01
   4.2648682e-02
  -2.3941299e-02
  -8.4360439e-02
  -1.5335060e-01
  -2.4222466e-01
  -3.5436033e-01
  -4.8373346e-01
  -6.1704692e-01
  -7.3863674e-01
  -8.3627772e-01
  -9.0567036e-01
  -9.5189831e-01
  -9.8730564e-01
  -1.0266118e+00
  -1.0811357e+00
  -1.1543372e+00
  -1.2403788e+00
  -1.3262505e+00
  -1.3966433e+00
  -1.4397040e+00
  -1.4514729e+00
  -1.4373121e+00
  -1.4097835e+00
  -1.3837947e+00
  -1.3708703e+00
  -1.3747404e+00
  -1.3899271e+00
  -1.4038667e+00
  -1.4017486e+00
  -1.3722194e+00
  -1.3117722e+00
  -1.2261441e+00
  -1.1281953e+00
  -1.0330843e+00
  -9.5258561e-01
  -8.9072274e-01
  -8.4238088e-01
  -7.9542409e-01
  -7.3550155e-01
  -6.5170191e-01
  -5.4089340e-01
  -4.0909313e-01
  -2.6934660e-01
  -1.3693181e-01
  -2.3723642e-02
   6.6128646e-02
   1.3756283e-01
   2.0248997e-01
   2.7501968e-01
   3.6585403e-01
   4.7799382e-01
   6.0539672e-01
   7.3509598e-01
   8.5196610e-01
   9.4431173e-01
   1.0081446e+00
   1.0485179e+00
   1.0774145e+00
   1.1090017e+00
   1.1540704e+00
   1.2157861e+00
   1.2883723e+00
   1.3592252e+00
   1.4136490e+00
   1.4403965e+00
   1.4358999e+00
   1.4055769e+00
   1.3617195e+00
   1.3187755e+00
   1.2878325e+00
   1.2724099e+00
   1.2671663e+00
   1.2600105e+00
   1.2368038e+00
   1.1868537e+00
   1.1070977e+00
   1.0033814e+00
   8.8834628e-01
   7.7673857e-01
   6.7993500e-01
   6.0177669e-01
   5.3729966e-01
   4.7484144e-01
   4.0071256e-01
   3.0464325e-01
   1.8392216e-01
   4.4647031e-02
  -1.0038732e-01
  -2.3635281e-01
  -3.5181955e-01
  -4.4288018e-01
  -5.1439500e-01
  -5.7788817e-01
  -6.4690526e-01
  -7.3161097e-01
  -8.3469320e-01
  -9.5013764e-01
  -1.0653375e+00
  -1.1657290e+00
  -1.2401783e+00
  -1.2850626e+00
  -1.3054899e+00
  -1.3131948e+00
  -1.3219237e+00
  -1.3420730e+00
  -1.3766344e+00
  -1.4199914e+00
  -1.4600255e+00
  -1.4827212e+00
  -1.4775081e+00
  -1.4412973e+00
  -1.3796736e+00
  -1.3047911e+00
  -1.2307820e+00
  -1.1684357e+00
  -1.1211808e+00
  -1.0839047e+00
  -1.0450537e+00
  -9.9120808e-01
  -9.1237899e-01
  -8.0600074e-01
  -6.7809569e-01
  -5.4116904e-01
  -4.0964178e-01
  -2.9456893e-01
  -1.9966051e-01
  -1.2012193e-01
  -4.4750899e-02
   3.9516455e-02
   1.4235253e-01
   2.6608747e-01
   4.0456978e-01
   5.4527085e-01
   6.7382623e-01
   7.7927674e-01
   8.5800764e-01
   9.1488464e-01
   9.6115851e-01
   1.0099450e+00
   1.0710120e+00
   1.1468676e+00
   1.2316432e+00
   1.3131948e+00
   1.3776162e+00
   1.4144375e+00
   1.4205225e+00
   1.4011788e+00
   1.3680616e+00
   1.3346767e+00
   1.3112047e+00
   1.3006259e+00
   1.2976228e+00
   1.2906763e+00
   1.2665497e+00
   1.2154436e+00
   1.1348507e+00
   1.0306389e+00
   9.1495315e-01
   8.0174023e-01
   7.0160970e-01
   6.1799314e-01
   5.4606651e-01
   4.7484144e-01
   3.9162059e-01
   2.8710985e-01
   1.5923179e-01
   1.4183637e-02
  -1.3566209e-01
  -2.7620948e-01
  -3.9674133e-01
  -4.9372324e-01
  -5.7186009e-01
  -6.4200742e-01
  -7.1674183e-01
  -8.0528817e-01
  -9.0974415e-01
  -1.0240446e+00
  -1.1360586e+00
  -1.2320160e+00
  -1.3015696e+00
  -1.3415599e+00
  -1.3570478e+00
  -1.3592252e+00
  -1.3610076e+00
  -1.3719970e+00
  -1.3947407e+00
  -1.4237148e+00
  -1.4474162e+00
  -1.4527608e+00
  -1.4301042e+00
  -1.3769652e+00
  -1.2990319e+00
  -1.2080703e+00
  -1.1175364e+00
  -1.0375724e+00
  -9.7129855e-01
  -9.1381315e-01
  -8.5427963e-01
  -7.8029600e-01
  -6.8287368e-01
  -5.6012063e-01
  -4.1822218e-01
  -2.6934660e-01
  -1.2727824e-01
  -2.4476965e-03
   1.0174337e-01
   1.8990279e-01
   2.7256507e-01
   3.6184744e-01
   4.6650975e-01
   5.8830868e-01
   7.2103928e-01
   8.5262850e-01
   9.6947866e-01
   1.0614002e+00
   1.1252507e+00
   1.1658925e+00
   1.1941105e+00
   1.2222891e+00
   1.2595069e+00
   1.3079234e+00
   1.3618390e+00
   1.4097835e+00
   1.4388332e+00
   1.4395032e+00
   1.4093467e+00
   1.3538882e+00
   1.2845366e+00
   1.2142815e+00
   1.1528184e+00
   1.1029655e+00
   1.0597391e+00
   1.0124365e+00
   9.4892370e-01
   8.6048806e-01
   7.4539710e-01
   6.0980582e-01
   4.6566695e-01
   3.2644489e-01
   2.0227190e-01
   9.6395659e-02
   4.2714163e-03
  -8.4360439e-02
  -1.8121162e-01
  -2.9463207e-01
  -4.2608740e-01
  -5.6927417e-01
  -7.1220985e-01
  -8.4149761e-01
  -9.4713566e-01
  -1.0260358e+00
  -1.0829103e+00
  -1.1281953e+00
  -1.1738083e+00
  -1.2283675e+00
  -1.2937010e+00
  -1.3639793e+00
  -1.4278006e+00
  -1.4724305e+00
  -1.4885724e+00
  -1.4738480e+00
  -1.4336597e+00
  -1.3791098e+00
  -1.3227748e+00
  -1.2739539e+00
  -1.2352048e+00
  -1.2014915e+00
  -1.1622616e+00
  -1.1056585e+00
  -1.0232515e+00
  -9.1347728e-01
  -7.8247632e-01
  -6.4200742e-01
  -5.0523836e-01
  -3.8202198e-01
  -2.7546076e-01
  -1.8106832e-01
  -8.8842135e-02
   1.2551039e-02
   1.3108155e-01
   2.6795191e-01
   4.1678249e-01
   5.6569834e-01
   7.0151894e-01
   8.1444996e-01
   9.0148683e-01
   9.6723388e-01
   1.0218323e+00
   1.0767949e+00
   1.1403438e+00
   1.2140358e+00
   1.2919646e+00
   1.3628429e+00
   1.4141678e+00
   1.4368749e+00
   1.4287049e+00
   1.3949988e+00
   1.3466207e+00
   1.2958081e+00
   1.2515355e+00
   1.2161657e+00
   1.1846636e+00
   1.1466713e+00
   1.0906446e+00
   1.0084687e+00
   8.9878521e-01
   7.6776173e-01
   6.2700916e-01
   4.8944534e-01
   3.6468515e-01
   2.5571657e-01
   1.5812818e-01
   6.2177200e-02
  -4.3098956e-02
  -1.6530402e-01
  -3.0539040e-01
  -4.5691236e-01
  -6.0811006e-01
  -7.4602781e-01
  -8.6109364e-01
  -9.5041291e-01
  -1.0185224e+00
  -1.0753227e+00
  -1.1319856e+00
  -1.1964055e+00
  -1.2699346e+00
  -1.3466520e+00
  -1.4154424e+00
  -1.4640899e+00
  -1.4838211e+00
  -1.4725623e+00
  -1.4356691e+00
  -1.3838532e+00
  -1.3291030e+00
  -1.2801583e+00
  -1.2392692e+00
  -1.2014751e+00
  -1.1566743e+00
  -1.0936906e+00
  -1.0047764e+00
  -8.8883189e-01
  -7.5210870e-01
  -6.0612960e-01
  -4.6362123e-01
  -3.3401257e-01
  -2.2021709e-01
  -1.1792317e-01
  -1.7657360e-02
   9.1174772e-02
   2.1582008e-01
   3.5699311e-01
   5.0819400e-01
   6.5779007e-01
   7.9306586e-01
   9.0469528e-01
   9.8993005e-01
   1.0532910e+00
   1.1045044e+00
   1.1544785e+00
   1.2108623e+00
   1.2748864e+00
   1.3406950e+00
   1.3974205e+00
   1.4332093e+00
   1.4396571e+00
   1.4149610e+00
   1.3645854e+00
   1.2991919e+00
   1.2306255e+00
   1.1674951e+00
   1.1120348e+00
   1.0594435e+00
   9.9995000e-01
   9.2281001e-01
   8.2070299e-01
   6.9284578e-01
   5.4563265e-01
   3.9055689e-01
   2.4020851e-01
   1.0387594e-01
  -1.5570715e-02
  -1.2232940e-01
  -2.2560755e-01
  -3.3564900e-01
  -4.5937091e-01
  -5.9728222e-01
  -7.4286350e-01
  -8.8464618e-01
  -1.0101971e+00
  -1.1104878e+00
  -1.1829811e+00
  -1.2322624e+00
  -1.2679785e+00
  -1.3008796e+00
  -1.3384799e+00
  -1.3819992e+00
  -1.4257534e+00
  -1.4592253e+00
  -1.4710235e+00
  -1.4532139e+00
  -1.4043696e+00
  -1.3301752e+00
  -1.2413570e+00
  -1.1497327e+00
  -1.0638906e+00
  -9.8614807e-01
  -9.1194865e-01
  -8.3192156e-01
  -7.3581184e-01
  -6.1677359e-01
  -4.7438230e-01
  -3.1521314e-01
  -1.5076340e-01
   6.4880707e-03
   1.4738067e-01
   2.6909218e-01
   3.7573114e-01
   4.7628265e-01
   5.8070003e-01
   6.9564239e-01
   8.2149163e-01
   9.5179123e-01
   1.0753227e+00
   1.1800265e+00
   1.2572720e+00
   1.3048457e+00
   1.3275230e+00
   1.3350088e+00
   1.3380403e+00
   1.3441446e+00
   1.3546742e+00
   1.3642532e+00
   1.3628429e+00
   1.3396348e+00
   1.2872812e+00
   1.2048461e+00
   1.0983480e+00
   9.7869005e-01
   8.5776788e-01
   7.4424277e-01
   6.4059254e-01
   5.4256211e-01
   4.4121723e-01
   3.2680965e-01
   1.9297060e-01
   3.9625237e-02
  -1.2648852e-01
  -2.9389717e-01
  -4.5027288e-01
  -5.8663877e-01
  -7.0029592e-01
  -7.9536010e-01
  -8.8071089e-01
  -9.6614435e-01
  -1.0582062e+00
  -1.1573019e+00
  -1.2571909e+00
  -1.3470588e+00
  -1.4153762e+00
  -1.4540706e+00
  -1.4614195e+00
  -1.4425626e+00
  -1.4074418e+00
  -1.3669607e+00
  -1.3288328e+00
  -1.2947055e+00
  -1.2596582e+00
  -1.2142600e+00
  -1.1483988e+00
  -1.0554134e+00
  -9.3494671e-01
  -7.9342943e-01
  -6.4200742e-01
  -4.9270491e-01
  -3.5428684e-01
  -2.2939744e-01
  -1.1406203e-01
   2.6520892e-04
   1.2289822e-01
   2.5982127e-01
   4.1086794e-01
   5.6925888e-01
   7.2367770e-01
   8.6209437e-01
   9.7587827e-01
   1.0626342e+00
   1.1266839e+00
   1.1770160e+00
   1.2234956e+00
   1.2727862e+00
   1.3255476e+00
   1.3759803e+00
   1.4138916e+00
   1.4284917e+00
   1.4124697e+00
   1.3647916e+00
   1.2911536e+00
   1.2019185e+00
   1.1083270e+00
   1.0184310e+00
   9.3430047e-01
   8.5156892e-01
   7.6148295e-01
   6.5466794e-01
   5.2516402e-01
   3.7318545e-01
   2.0554551e-01
   3.3581802e-02
  -1.3062799e-01
  -2.7831776e-01
  -4.0680949e-01
  -5.1996115e-01
  -6.2612339e-01
  -7.3439463e-01
  -8.5061326e-01
  -9.7462439e-01
  -1.0998696e+00
  -1.2154592e+00
  -1.3099369e+00
  -1.3753016e+00
  -1.4097525e+00
  -1.4181140e+00
  -1.4097835e+00
  -1.3949912e+00
  -1.3808047e+00
  -1.3684074e+00
  -1.3526880e+00
  -1.3242974e+00
  -1.2733816e+00
  -1.1935625e+00
  -1.0846418e+00
  -9.5299454e-01
  -8.0950080e-01
  -6.6580416e-01
  -5.3032507e-01
  -4.0554711e-01
  -2.8760669e-01
  -1.6833476e-01
  -3.8961628e-02
   1.0593881e-01
   2.6577932e-01
   4.3358927e-01
   5.9808994e-01
   7.4742583e-01
   8.7313116e-01
   9.7282166e-01
   1.0505907e+00
   1.1149666e+00
   1.1752194e+00
   1.2374361e+00
   1.3018666e+00
   1.3625600e+00
   1.4094280e+00
   1.4319496e+00
   1.4230995e+00
   1.3820018e+00
   1.3142957e+00
   1.2300770e+00
   1.1402020e+00
   1.0523684e+00
   9.6846709e-01
   8.8421249e-01
   7.9118783e-01
   6.8051548e-01
   5.4674395e-01
   3.9046060e-01
   2.1862695e-01
   4.2504870e-02
  -1.2603811e-01
  -2.7843759e-01
  -4.1206846e-01
  -5.3060960e-01
  -6.4200742e-01
  -7.5482603e-01
  -8.7438761e-01
  -1.0001846e+00
  -1.1255581e+00
  -1.2397683e+00
  -1.3316701e+00
  -1.3935918e+00
  -1.4239393e+00
  -1.4275367e+00
  -1.4135776e+00
  -1.3919767e+00
  -1.3695170e+00
  -1.3472686e+00
  -1.3202625e+00
  -1.2795416e+00
  -1.2158013e+00
  -1.1232250e+00
  -1.0020447e+00
  -8.5884714e-01
  -7.0450490e-01
  -5.5052221e-01
  -4.0518619e-01
  -2.7098925e-01
  -1.4429900e-01
  -1.7392662e-02
   1.1793150e-01
   2.6655488e-01
   4.2751137e-01
   5.9370420e-01
   7.5398084e-01
   8.9677785e-01
   1.0139491e+00
   1.1033209e+00
   1.1690065e+00
   1.2193672e+00
   1.2634085e+00
   1.3069941e+00
   1.3503299e+00
   1.3876804e+00
   1.4094280e+00
   1.4056863e+00
   1.3700870e+00
   1.3022933e+00
   1.2082793e+00
   1.0982699e+00
   9.8312893e-01
   8.7057227e-01
   7.6265108e-01
   6.5545914e-01
   5.4116904e-01
   4.1161007e-01
   2.6201232e-01
   9.3478643e-02
  -8.6766597e-02
  -2.6745282e-01
  -4.3687561e-01
  -5.8667248e-01
  -7.1432781e-01
  -8.2345910e-01
  -9.2178600e-01
  -1.0175683e+00
  -1.1158832e+00
  -1.2161720e+00
  -1.3119980e+00
  -1.3931132e+00
  -1.4490456e+00
  -1.4728392e+00
  -1.4635219e+00
  -1.4263611e+00
  -1.3708130e+00
  -1.3069539e+00
  -1.2417564e+00
  -1.1766338e+00
  -1.1071872e+00
  -1.0252457e+00
  -9.2241546e-01
  -7.9377242e-01
  -6.4028413e-01
  -4.6902807e-01
  -2.9111914e-01
  -1.1813223e-01
   4.1619501e-02
   1.8553723e-01
   3.1699282e-01
   4.4330239e-01
   5.7220287e-01
   7.0818871e-01
   8.5011759e-01
   9.9100764e-01
   1.1201095e+00
   1.2264671e+00
   1.3026121e+00
   1.3469866e+00
   1.3641749e+00
   1.3628632e+00
   1.3523129e+00
   1.3386996e+00
   1.3227183e+00
   1.2993704e+00
   1.2600105e+00
   1.1958679e+00
   1.1016931e+00
   9.7813177e-01
   8.3191661e-01
   6.7379978e-01
   5.1501239e-01
   3.6359816e-01
   2.2201453e-01
   8.6908344e-02
  -4.8859542e-02
  -1.9272585e-01
  -3.4881699e-01
  -5.1561036e-01
  -6.8576723e-01
  -8.4820868e-01
  -9.9164885e-01
  -1.1082430e+00
  -1.1959651e+00
  -1.2588158e+00
  -1.3047911e+00
  -1.3423964e+00
  -1.3770462e+00
  -1.4087296e+00
  -1.4318358e+00
  -1.4372085e+00
  -1.4156418e+00
  -1.3614819e+00
  -1.2749564e+00
  -1.1623417e+00
  -1.0339019e+00
  -9.0038632e-01
  -7.6941903e-01
  -6.4315457e-01
  -5.1808700e-01
  -3.8707502e-01
  -2.4279844e-01
  -8.1314132e-02
   9.5657282e-02
   2.8059711e-01
   4.6226637e-01
   6.2921025e-01
   7.7335929e-01
   8.9236141e-01
   9.8976519e-01
   1.0729957e+00
   1.1499083e+00
   1.2252458e+00
   1.2983622e+00
   1.3630866e+00
   1.4097835e+00
   1.4288249e+00
   1.4141476e+00
   1.3655406e+00
   1.2887881e+00
   1.1936165e+00
   1.0902293e+00
   9.8575281e-01
   8.8194653e-01
   7.7504599e-01
   6.5779007e-01
   5.2284783e-01
   3.6632555e-01
   1.9000422e-01
   1.4435386e-03
  -1.8809601e-01
  -3.6712788e-01
  -5.2749330e-01
  -6.6664738e-01
  -7.8781667e-01
  -8.9798101e-01
  -1.0044640e+00
  -1.1114464e+00
  -1.2177454e+00
  -1.3167144e+00
  -1.3983099e+00
  -1.4525385e+00
  -1.4729720e+00
  -1.4589923e+00
  -1.4159118e+00
  -1.3529275e+00
  -1.2796934e+00
  -1.2028214e+00
  -1.1236450e+00
  -1.0380968e+00
  -9.3873824e-01
  -8.1815865e-01
  -6.7243547e-01
  -5.0332478e-01
  -3.1833680e-01
  -1.2865900e-01
   5.4288438e-02
   2.2235901e-01
   3.7291992e-01
   5.0898331e-01
   6.3719277e-01
   7.6444874e-01
   8.9447553e-01
   1.0256534e+00
   1.1509538e+00
   1.2600105e+00
   1.3425420e+00
   1.3918250e+00
   1.4068967e+00
   1.3926529e+00
   1.3578087e+00
   1.3115076e+00
   1.2598752e+00
   1.2038366e+00
   1.1390261e+00
   1.0578210e+00
   9.5271275e-01
   8.1972246e-01
   6.6054575e-01
   4.8260097e-01
   2.9695392e-01
   1.1490335e-01
  -5.5478192e-02
  -2.1153875e-01
  -3.5615164e-01
  -4.9570560e-01
  -6.3676351e-01
  -7.8268082e-01
  -9.3148887e-01
  -1.0758631e+00
  -1.2051983e+00
  -1.3090061e+00
  -1.3803462e+00
  -1.4179875e+00
  -1.4264828e+00
  -1.4141359e+00
  -1.3896450e+00
  -1.3587089e+00
  -1.3218948e+00
  -1.2745806e+00
  -1.2089909e+00
  -1.1175420e+00
  -9.9621265e-01
  -8.4664444e-01
  -6.7616326e-01
  -4.9570560e-01
  -3.1643363e-01
  -1.4632220e-01
   1.1990446e-02
   1.6128112e-01
   3.0773498e-01
   4.5763627e-01
   6.1403644e-01
   7.7468697e-01
   9.3203920e-01
   1.0753227e+00
   1.1939179e+00
   1.2807454e+00
   1.3343854e+00
   1.3591293e+00
   1.3629519e+00
   1.3541876e+00
   1.3381869e+00
   1.3152326e+00
   1.2805135e+00
   1.2261618e+00
   1.1445715e+00
   1.0317248e+00
   8.8924847e-01
   7.2440882e-01
   5.4803877e-01
   3.7118155e-01
   2.0172262e-01
   4.2284212e-02
  -1.0982751e-01
  -2.6061868e-01
  -4.1612970e-01
  -5.7915167e-01
  -7.4720722e-01
  -9.1258086e-01
  -1.0643998e+00
  -1.1919818e+00
  -1.2881822e+00
  -1.3514724e+00
  -1.3859674e+00
  -1.3994020e+00
  -1.3998385e+00
  -1.3923706e+00
  -1.3770865e+00
  -1.3490717e+00
  -1.3004464e+00
  -1.2236575e+00
  -1.1147601e+00
  -9.7543028e-01
  -8.1293219e-01
  -6.3804582e-01
  -4.6173760e-01
  -2.9183554e-01
  -1.3096615e-01
   2.3473773e-02
   1.7731656e-01
   3.3637624e-01
   5.0321227e-01
   6.7515706e-01
   8.4437595e-01
   9.9995000e-01
   1.1311986e+00
   1.2309850e+00
   1.2977531e+00
   1.3355308e+00
   1.3519089e+00
   1.3547780e+00
   1.3490776e+00
   1.3348038e+00
   1.3070387e+00
   1.2579874e+00
   1.1802410e+00
   1.0700143e+00
   9.2911333e-01
   7.6487471e-01
   5.8809237e-01
   4.0971337e-01
   2.3755441e-01
   7.4279346e-02
  -8.2605548e-02
  -2.3875461e-01
  -3.9976558e-01
  -5.6798961e-01
  -7.4060454e-01
  -9.0970336e-01
  -1.0643785e+00
  -1.1940189e+00
  -1.2915741e+00
  -1.3555493e+00
  -1.3899831e+00
  -1.4024282e+00
  -1.4007148e+00
  -1.3897428e+00
  -1.3695311e+00
  -1.3352710e+00
  -1.2793608e+00
  -1.1946399e+00
  -1.0775802e+00
  -9.3020866e-01
  -7.6001745e-01
  -5.7788817e-01
  -3.9481111e-01
  -2.1864100e-01
  -5.2113278e-02
   1.0713835e-01
   2.6458900e-01
   4.2563519e-01
   5.9245020e-01
   7.6210181e-01
   9.2666815e-01
   1.0753227e+00
   1.1976055e+00
   1.2866450e+00
   1.3411110e+00
   1.3651660e+00
   1.3664450e+00
   1.3528438e+00
   1.3293502e+00
   1.2961326e+00
   1.2486149e+00
   1.1795061e+00
   1.0820037e+00
   9.5293869e-01
   7.9465089e-01
   6.1486979e-01
   4.2463402e-01
   2.3503231e-01
   5.3996494e-02
  -1.1564503e-01
  -2.7612867e-01
  -4.3276680e-01
  -5.9078962e-01
  -7.5224446e-01
  -9.1415641e-01
  -1.0686701e+00
  -1.2051340e+00
  -1.3133450e+00
  -1.3867267e+00
  -1.4242394e+00
  -1.4303034e+00
  -1.4127753e+00
  -1.3797578e+00
  -1.3364677e+00
  -1.2833593e+00
  -1.2162178e+00
  -1.1281824e+00
  -1.0129168e+00
  -8.6770556e-01
  -6.9528307e-01
  -5.0368224e-01
  -3.0414852e-01
  -1.0790086e-01
   7.7039692e-02
   2.4776070e-01
   4.0639897e-01
   5.5815560e-01
   7.0816569e-01
   8.5843980e-01
   1.0060651e+00
   1.1433710e+00
   1.2600105e+00
   1.3461764e+00
   1.3957348e+00
   1.4080895e+00
   1.3880752e+00
   1.3439276e+00
   1.2841111e+00
   1.2142197e+00
   1.1351309e+00
   1.0431159e+00
   9.3185235e-01
   7.9556032e-01
   6.3205023e-01
   4.4450274e-01
   2.4128567e-01
   3.3861421e-02
  -1.6643323e-01
  -3.5152369e-01
  -5.1847277e-01
  -6.6940034e-01
  -8.0950080e-01
  -9.4393851e-01
  -1.0748284e+00
  -1.1994745e+00
  -1.3105557e+00
  -1.3982019e+00
  -1.4531786e+00
  -1.4699730e+00
  -1.4486104e+00
  -1.3945141e+00
  -1.3164657e+00
  -1.2234473e+00
  -1.1215700e+00
  -1.0122568e+00
  -8.9236422e-01
  -7.5618364e-01
  -5.9854162e-01
  -4.1779785e-01
  -2.1757667e-01
  -6.5519962e-03
   2.0365182e-01
   4.0166106e-01
   5.7945397e-01
   7.3419963e-01
   8.6815470e-01
   9.8668078e-01
   1.0951618e+00
   1.1960195e+00
   1.2869849e+00
   1.3612999e+00
   1.4097835e+00
   1.4239816e+00
   1.3992020e+00
   1.3362797e+00
   1.2413997e+00
   1.1240437e+00
   9.9384297e-01
   8.5753143e-01
   7.1715292e-01
   5.7019297e-01
   4.1156671e-01
   2.3668343e-01
   4.4395238e-02
  -1.6131847e-01
  -3.7159666e-01
  -5.7480029e-01
  -7.5969247e-01
  -9.1850229e-01
  -1.0487244e+00
  -1.1529894e+00
  -1.2370764e+00
  -1.3068475e+00
  -1.3652920e+00
  -1.4108249e+00
  -1.4374987e+00
  -1.4370553e+00
  -1.4020354e+00
  -1.3287591e+00
  -1.2190368e+00
  -1.0799508e+00
  -9.2178600e-01
  -7.5488948e-01
  -5.8664551e-01
  -4.1970567e-01
  -2.5212953e-01
  -7.9359734e-02
   1.0274782e-01
   2.9502158e-01
   4.9333367e-01
   6.8887197e-01
   8.7024424e-01
   1.0266329e+00
   1.1508168e+00
   1.2409266e+00
   1.3002829e+00
   1.3353980e+00
   1.3529201e+00
   1.3566998e+00
   1.3461081e+00
   1.3162531e+00
   1.2600105e+00
   1.1710897e+00
   1.0469563e+00
   8.9048459e-01
   7.0969738e-01
   5.1567774e-01
   3.1943446e-01
   1.2889868e-01
  -5.2823055e-02
  -2.2729715e-01
  -3.9879758e-01
  -5.7130543e-01
  -7.4564710e-01
  -9.1789087e-01
  -1.0796386e+00
  -1.2201231e+00
  -1.3293312e+00
  -1.4009755e+00
  -1.4341990e+00
  -1.4333737e+00
  -1.4060834e+00
  -1.3600698e+00
  -1.3003144e+00
  -1.2273688e+00
  -1.1375698e+00
  -1.0250455e+00
  -8.8473395e-01
  -7.1524631e-01
  -5.2046079e-01
  -3.0922051e-01
  -9.3228213e-02
   1.1608042e-01
   3.1051557e-01
   4.8685286e-01
   6.4666526e-01
   7.9436025e-01
   9.3420075e-01
   1.0674748e+00
   1.1909192e+00
   1.2970214e+00
   1.3761003e+00
   1.4193876e+00
   1.4219425e+00
   1.3842957e+00
   1.3122006e+00
   1.2145905e+00
   1.1005189e+00
   9.7624981e-01
   8.4359695e-01
   7.0013283e-01
   5.4116904e-01
   3.6272880e-01
   1.6435192e-01
  -4.9365061e-02
  -2.6910834e-01
  -4.8296310e-01
  -6.7952532e-01
  -8.5084805e-01
  -9.9412475e-01
  -1.1114944e+00
  -1.2080703e+00
  -1.2889701e+00
  -1.3565042e+00
  -1.4086150e+00
  -1.4391755e+00
  -1.4400439e+00
  -1.4040931e+00
  -1.3280590e+00
  -1.2141172e+00
  -1.0695813e+00
  -9.0482725e-01
  -7.3022613e-01
  -5.5323974e-01
  -3.7676777e-01
  -1.9935366e-01
  -1.7142703e-02
   1.7318565e-01
   3.7166203e-01
   5.7353152e-01
   7.6961913e-01
   9.4844521e-01
   1.0993099e+00
   1.2151938e+00
   1.2943914e+00
   1.3402760e+00
   1.3593047e+00
   1.3580443e+00
   1.3403644e+00
   1.3058785e+00
   1.2502295e+00
   1.1671072e+00
   1.0512195e+00
   9.0106931e-01
   7.2046100e-01
   5.1814353e-01
   3.0570463e-01
   9.4497425e-02
  -1.0725333e-01
  -2.9608920e-01
  -4.7310623e-01
  -6.4200742e-01
  -8.0619680e-01
  -9.6605766e-01
  -1.1174849e+00
  -1.2522593e+00
  -1.3601453e+00
  -1.4319305e+00
  -1.4622651e+00
  -1.4512292e+00
  -1.4040415e+00
  -1.3290284e+00
  -1.2346305e+00
  -1.1265907e+00
  -1.0063874e+00
  -8.7150064e-01
  -7.1738967e-01
  -5.4040490e-01
  -3.4049606e-01
  -1.2265425e-01
   1.0349213e-01
   3.2580356e-01
   5.3269676e-01
   7.1601345e-01
   8.7262754e-01
   1.0042094e+00
   1.1152695e+00
   1.2102581e+00
   1.2908563e+00
   1.3545150e+00
   1.3948179e+00
   1.4035418e+00
   1.3736348e+00
   1.3019780e+00
   1.1908739e+00
   1.0476887e+00
   8.8277509e-01
   7.0645550e-01
   5.2620033e-01
   3.4505507e-01
   1.6189001e-01
  -2.6654386e-02
  -2.2330345e-01
  -4.2749464e-01
  -6.3398324e-01
  -8.3327408e-01
  -1.0137474e+00
  -1.1646979e+00
  -1.2791557e+00
  -1.3554387e+00
  -1.3968690e+00
  -1.4097835e+00
  -1.4006161e+00
  -1.3731786e+00
  -1.3271869e+00
  -1.2585941e+00
  -1.1615994e+00
  -1.0315541e+00
  -8.6763826e-01
  -6.7426720e-01
  -4.6066683e-01
  -2.3875461e-01
  -2.0106487e-02
   1.8686345e-01
   3.7846780e-01
   5.5549409e-01
   7.2127032e-01
   8.7882443e-01
   1.0282585e+00
   1.1653742e+00
   1.2821030e+00
   1.3686033e+00
   1.4162433e+00
   1.4203465e+00
   1.3816648e+00
   1.3060238e+00
   1.2022786e+00
   1.0793614e+00
   9.4353774e-01
   7.9690877e-01
   6.3770973e-01
   4.6226637e-01
   2.6783221e-01
   5.5190048e-02
  -1.7001075e-01
  -3.9772778e-01
  -6.1566549e-01
  -8.1230043e-01
  -9.7967276e-01
  -1.1149135e+00
  -1.2199589e+00
  -1.2995941e+00
  -1.3586017e+00
  -1.3991306e+00
  -1.4193078e+00
  -1.4136380e+00
  -1.3750430e+00
  -1.2977645e+00
  -1.1800154e+00
  -1.0253568e+00
  -8.4226091e-01
  -6.4200742e-01
  -4.3569302e-01
  -2.3146852e-01
  -3.3025945e-02
   1.6012285e-01
   3.5072202e-01
   5.4097785e-01
   7.3000333e-01
   9.1251687e-01
   1.0793294e+00
   1.2194677e+00
   1.3231539e+00
   1.3845299e+00
   1.4031089e+00
   1.3834202e+00
   1.3329950e+00
   1.2594738e+00
   1.1679403e+00
   1.0594973e+00
   9.3161577e-01
   7.8010606e-01
   6.0193398e-01
   3.9777775e-01
   1.7331675e-01
  -6.1275110e-02
  -2.9347471e-01
  -5.1141302e-01
  -7.0662914e-01
  -8.7556401e-01
  -1.0192642e+00
  -1.1414486e+00
  -1.2457148e+00
  -1.3329840e+00
  -1.4001912e+00
  -1.4407415e+00
  -1.4465757e+00
  -1.4110647e+00
  -1.3316326e+00
  -1.2111037e+00
  -1.0572517e+00
  -8.8071089e-01
  -6.9202846e-01
  -4.9895958e-01
  -3.0500826e-01
  -1.0973609e-01
   8.9318552e-02
   2.9388641e-01
   5.0247399e-01
   7.0912695e-01
   9.0396479e-01
   1.0753227e+00
   1.2127198e+00
   1.3095548e+00
   1.3645300e+00
   1.3812867e+00
   1.3664144e+00
   1.3266093e+00
   1.2660783e+00
   1.1851812e+00
   1.0808249e+00
   9.4844521e-01
   7.8480069e-01
   5.9048419e-01
   3.7116408e-01
   1.3704620e-01
  -9.9275112e-02
  -3.2579607e-01
  -5.3381725e-01
  -7.1939985e-01
  -8.8305346e-01
  -1.0278195e+00
  -1.1565253e+00
  -1.2692977e+00
  -1.3623200e+00
  -1.4283366e+00
  -1.4587344e+00
  -1.4464226e+00
  -1.3884199e+00
  -1.2871639e+00
  -1.1500411e+00
  -9.8730564e-01
  -8.0916803e-01
  -6.2314222e-01
  -4.3263539e-01
  -2.3728385e-01
  -3.4866374e-02
   1.7598029e-01
   3.9332702e-01
   6.1077602e-01
   8.1803793e-01
   1.0030865e+00
   1.1551100e+00
   1.2671715e+00
   1.3375975e+00
   1.3695968e+00
   1.3692819e+00
   1.3428691e+00
   1.2941400e+00
   1.2231397e+00
   1.1266052e+00
   9.9995000e-01
   8.4002672e-01
   6.4758857e-01
   4.2847788e-01
   1.9305264e-01
  -4.5969385e-02
  -2.7646799e-01
  -4.8959556e-01
  -6.8119571e-01
  -8.5147266e-01
  -1.0030865e+00
  -1.1384488e+00
  -1.2572949e+00
  -1.3554987e+00
  -1.4256146e+00
  -1.4589645e+00
  -1.4484923e+00
  -1.3913046e+00
  -1.2899336e+00
  -1.1518351e+00
  -9.8730564e-01
  -8.0659601e-01
  -6.1729962e-01
  -4.2298222e-01
  -2.2353769e-01
  -1.7090425e-02
   1.9733004e-01
   4.1741383e-01
   6.3645294e-01
   8.4395759e-01
   1.0278195e+00
   1.1772409e+00
   1.2853530e+00
   1.3505613e+00
   1.3761376e+00
   1.3682422e+00
   1.3331517e+00
   1.2747646e+00
   1.1933405e+00
   1.0859493e+00
   9.4844521e-01
   7.7818827e-01
   5.7644538e-01
   3.4951833e-01
   1.0812783e-01
  -1.3475514e-01
  -3.6684967e-01
  -5.7920414e-01
  -7.6757784e-01
  -9.3209015e-01
  -1.0753227e+00
  -1.1996485e+00
  -1.3048536e+00
  -1.3869968e+00
  -1.4389769e+00
  -1.4526122e+00
  -1.4214550e+00
  -1.3432743e+00
  -1.2212562e+00
  -1.0634586e+00
  -8.8071089e-01
  -6.8373875e-01
  -4.8058179e-01
  -2.7525149e-01
  -6.8098231e-02
   1.4230306e-01
   3.5652197e-01
   5.7195643e-01
   7.8177076e-01
   9.7554669e-01
   1.1414486e+00
   1.2691226e+00
   1.3522627e+00
   1.3899023e+00
   1.3859651e+00
   1.3472727e+00
   1.2807841e+00
   1.1911267e+00
   1.0793595e+00
   9.4342668e-01
   7.8010606e-01
   5.8767660e-01
   3.6824868e-01
   1.2882297e-01
  -1.1937454e-01
  -3.6307871e-01
  -5.8991123e-01
  -7.9098415e-01
  -9.6224203e-01
  -1.1040848e+00
  -1.2194677e+00
  -1.3112518e+00
  -1.3798594e+00
  -1.4221632e+00
  -1.4320602e+00
  -1.4025262e+00
  -1.3283737e+00
  -1.2086577e+00
  -1.0477995e+00
  -8.5497987e-01
  -6.4200742e-01
  -4.2044125e-01
  -1.9902502e-01
   1.7635412e-02
   2.2869974e-01
   4.3522617e-01
   6.3758228e-01
   8.3318232e-01
   1.0154725e+00
   1.1746054e+00
   1.2995941e+00
   1.3811661e+00
   1.4142618e+00
   1.3992527e+00
   1.3414331e+00
   1.2489929e+00
   1.1302464e+00
   9.9116968e-01
   8.3416768e-01
   6.5851532e-01
   4.6226637e-01
   2.4485654e-01
   9.3557887e-03
  -2.3654563e-01
  -4.8125170e-01
  -7.1146186e-01
  -9.1507729e-01
  -1.0837603e+00
  -1.2142251e+00
  -1.3078194e+00
  -1.3686033e+00
  -1.4007009e+00
  -1.4059653e+00
  -1.3828746e+00
  -1.3270879e+00
  -1.2334525e+00
  -1.0986846e+00
  -9.2367975e-01
  -7.1454241e-01
  -4.8190534e-01
  -2.3875461e-01
   2.4583931e-03
   2.3237051e-01
   4.4601026e-01
   6.4241604e-01
   8.2277880e-01
   9.8788119e-01
   1.1358708e+00
   1.2612720e+00
   1.3556607e+00
   1.4097835e+00
   1.4163410e+00
   1.3723933e+00
   1.2804805e+00
   1.1480298e+00
   9.8526990e-01
   8.0242799e-01
   6.0725321e-01
   4.0377293e-01
   1.9270983e-01
  -2.6654386e-02
  -2.5394104e-01
  -4.8549531e-01
  -7.1346345e-01
  -9.2654307e-01
  -1.1121820e+00
  -1.2594440e+00
  -1.3615003e+00
  -1.4168427e+00
  -1.4287952e+00
  -1.4035418e+00
  -1.3474465e+00
  -1.2647000e+00
  -1.1561898e+00
  -1.0200149e+00
  -8.5342236e-01
  -6.5539243e-01
  -4.2884181e-01
  -1.8155167e-01
   7.4589962e-02
   3.2580356e-01
   5.5930910e-01
   7.6585449e-01
   9.4098201e-01
   1.0846138e+00
   1.1991763e+00
   1.2870355e+00
   1.3482717e+00
   1.3796812e+00
   1.3754152e+00
   1.3290284e+00
   1.2361589e+00
   1.0968113e+00
   9.1635205e-01
   7.0481079e-01
   4.7471804e-01
   2.3825871e-01
   4.7753165e-03
  -2.2048635e-01
  -4.3597637e-01
  -6.4200742e-01
  -8.3826024e-01
  -1.0216498e+00
  -1.1854328e+00
  -1.3199573e+00
  -1.4148193e+00
  -1.4616479e+00
  -1.4564873e+00
  -1.4008915e+00
  -1.3013259e+00
  -1.1671072e+00
  -1.0076583e+00
  -8.3010589e-01
  -6.3810429e-01
  -4.3229079e-01
  -2.1214483e-01
   2.1521103e-02
   2.6445704e-01
   5.0813187e-01
   7.4054370e-01
   9.4844521e-01
   1.1202015e+00
   1.2482525e+00
   1.3302976e+00
   1.3688003e+00
   1.3690443e+00
   1.3365154e+00
   1.2746275e+00
   1.1836694e+00
   1.0613672e+00
   9.0482725e-01
   7.1308729e-01
   4.8925743e-01
   2.4138219e-01
  -1.8365069e-02
  -2.7591271e-01
  -5.1816414e-01
  -7.3548887e-01
  -9.2295351e-01
  -1.0798953e+00
  -1.2080703e+00
  -1.3091485e+00
  -1.3825665e+00
  -1.4246064e+00
  -1.4290844e+00
  -1.3894096e+00
  -1.3012344e+00
  -1.1646807e+00
  -9.8527539e-01
  -7.7321014e-01
  -5.4116904e-01
  -3.0150502e-01
  -6.3784795e-02
   1.6642631e-01
   3.8714827e-01
   5.9817456e-01
   7.9863451e-01
   9.8493719e-01
   1.1499544e+00
   1.2838204e+00
   1.3761003e+00
   1.4185460e+00
   1.4074246e+00
   1.3445549e+00
   1.2366683e+00
   1.0933405e+00
   9.2426913e-01
   7.3691247e-01
   5.3535114e-01
   3.2075694e-01
   9.3228213e-02
  -1.4577880e-01
  -3.9142645e-01
  -6.3473094e-01
  -8.6342721e-01
  -1.0642098e+00
  -1.2255673e+00
  -1.3401947e+00
  -1.4061237e+00
  -1.4261903e+00
  -1.4060834e+00
  -1.3517495e+00
  -1.2671591e+00
  -1.1532875e+00
  -1.0086862e+00
  -8.3139763e-01
  -6.2143876e-01
  -3.8285403e-01
  -1.2448924e-01
   1.4087846e-01
   3.9879758e-01
   6.3600330e-01
   8.4287008e-01
   1.0145991e+00
   1.1507637e+00
   1.2534593e+00
   1.3248259e+00
   1.3649460e+00
   1.3709584e+00
   1.3377556e+00
   1.2600105e+00
   1.1347543e+00
   9.6350640e-01
   7.5311167e-01
   5.1492252e-01
   2.6258526e-01
   9.2119291e-03
  -2.3505434e-01
  -4.6422946e-01
  -6.7606293e-01
  -8.7024424e-01
  -1.0460101e+00
  -1.2001455e+00
  -1.3262153e+00
  -1.4153801e+00
  -1.4585390e+00
  -1.4490161e+00
  -1.3847913e+00
  -1.2694329e+00
  -1.1113735e+00
  -9.2178600e-01
  -7.1184118e-01
  -4.9034621e-01
  -2.6260947e-01
  -3.0894704e-02
   2.0378684e-01
   4.3931502e-01
   6.7051921e-01
   8.8848499e-01
   1.0814578e+00
   1.2370764e+00
   1.3451544e+00
   1.4000066e+00
   1.4014843e+00
   1.3543583e+00
   1.2663111e+00
   1.1453116e+00
   9.9736864e-01
   8.2549656e-01
   6.3024955e-01
   4.1156671e-01
   1.7115791e-01
  -8.5556504e-02
  -3.4877484e-01
  -6.0525513e-01
  -8.4059660e-01
  -1.0420776e+00
  -1.2010502e+00
  -1.3140555e+00
  -1.3823045e+00
  -1.4097835e+00
  -1.4007552e+00
  -1.3576436e+00
  -1.2801272e+00
  -1.1657876e+00
  -1.0120484e+00
  -8.1863253e-01
  -5.8955040e-01
  -3.3380166e-01
  -6.4450351e-02
   2.0365182e-01
   4.5671037e-01
   6.8440443e-01
   8.8104311e-01
   1.0451107e+00
   1.1774602e+00
   1.2789245e+00
   1.3483253e+00
   1.3816962e+00
   1.3730566e+00
   1.3164657e+00
   1.2085787e+00
   1.0507206e+00
   8.4966023e-01
   6.1674821e-01
   3.6569509e-01
   1.0977053e-01
  -1.4058365e-01
  -3.7890152e-01
  -6.0225625e-01
  -8.0950080e-01
  -9.9895317e-01
  -1.1665016e+00
  -1.3049369e+00
  -1.4048410e+00
  -1.4567526e+00
  -1.4538304e+00
  -1.3940269e+00
  -1.2809591e+00
  -1.1231407e+00
  -9.3185235e-01
  -7.1842754e-01
  -4.9194171e-01
  -2.5812087e-01
  -1.9809673e-02
   2.2126797e-01
   4.6222269e-01
   6.9715896e-01
   9.1658057e-01
   1.1083633e+00
   1.2600105e+00
   1.3614085e+00
   1.4070955e+00
   1.3972316e+00
   1.3369374e+00
   1.2342755e+00
   1.0976511e+00
   9.3360998e-01
   7.4584369e-01
   5.3573151e-01
   3.0414852e-01
   5.3770365e-02
  -2.0909356e-01
  -4.7393384e-01
  -7.2705668e-01
  -9.5389295e-01
  -1.1418152e+00
  -1.2824783e+00
  -1.3728728e+00
  -1.4147618e+00
  -1.4127753e+00
  -1.3719328e+00
  -1.2955684e+00
  -1.1844548e+00
  -1.0374511e+00
  -8.5339381e-01
  -6.3346062e-01
  -3.8303950e-01
  -1.1231141e-01
   1.6476384e-01
   4.3276680e-01
   6.7765731e-01
   8.8915085e-01
   1.0618256e+00
   1.1946334e+00
   1.2890896e+00
   1.3469103e+00
   1.3680615e+00
   1.3500102e+00
   1.2884918e+00
   1.1795061e+00
   1.0217680e+00
   8.1864645e-01
   5.7880096e-01
   3.1521012e-01
   4.2884206e-02
  -2.2395330e-01
  -4.7423689e-01
  -7.0118123e-01
  -9.0183209e-01
  -1.0753227e+00
  -1.2206010e+00
  -1.3345872e+00
  -1.4115428e+00
  -1.4439551e+00
  -1.4246441e+00
  -1.3493146e+00
  -1.2185833e+00
  -1.0386973e+00
  -8.2063526e-01
  -5.7788817e-01
  -3.2369913e-01
  -6.8737323e-02
   1.7999949e-01
   4.1873703e-01
   6.4521076e-01
   8.5645102e-01
   1.0470206e+00
   1.2084792e+00
   1.3303698e+00
   1.4024282e+00
   1.4172330e+00
   1.3723295e+00
   1.2710400e+00
   1.1216590e+00
   9.3532523e-01
   7.2335039e-01
   4.9497124e-01
   2.5631298e-01
   1.0873624e-02
  -2.3875461e-01
  -4.8869151e-01
  -7.3205270e-01
  -9.5847866e-01
  -1.1551974e+00
  -1.3093155e+00
  -1.4105536e+00
  -1.4534573e+00
  -1.4383004e+00
  -1.3703788e+00
  -1.2579874e+00
  -1.1098552e+00
  -9.3300035e-01
  -7.3178172e-01
  -5.0845208e-01
  -2.6492115e-01
  -4.9636989e-03
   2.6407514e-01
   5.3083957e-01
   7.8107033e-01
   9.9995000e-01
   1.1748996e+00
   1.2978592e+00
   1.3662722e+00
   1.3824715e+00
   1.3517616e+00
   1.2799676e+00
   1.1714044e+00
   1.0280366e+00
   8.5012235e-01
   6.3804582e-01
   3.9456994e-01
   1.2656328e-01
  -1.5455724e-01
  -4.3394536e-01
  -6.9569360e-01
  -9.2566269e-01
  -1.1138073e+00
  -1.2552196e+00
  -1.3495936e+00
  -1.3994020e+00
  -1.4075549e+00
  -1.3754857e+00
  -1.3024262e+00
  -1.1861553e+00
  -1.0249195e+00
  -8.1975244e-01
  -5.7625038e-01
  -3.0504602e-01
  -2.0708112e-02
   2.6061868e-01
   5.2404622e-01
   7.5828521e-01
   9.5672324e-01
   1.1169445e+00
   1.2389847e+00
   1.3230862e+00
   1.3678935e+00
   1.3698420e+00
   1.3240152e+00
   1.2261618e+00
   1.0750978e+00
   8.7454820e-01
   6.3367494e-01
   3.6602063e-01
   8.7183537e-02
  -1.8798951e-01
  -4.4773387e-01
  -6.8445244e-01
  -8.9426583e-01
  -1.0753227e+00
  -1.2256329e+00
  -1.3413582e+00
  -1.4163050e+00
  -1.4428850e+00
  -1.4142308e+00
  -1.3266853e+00
  -1.1817209e+00
  -9.8653688e-01
  -7.5306573e-01
  -4.9570560e-01
  -2.2856271e-01
   3.6842242e-02
   2.9264075e-01
   5.3417155e-01
   7.5832209e-01
   9.6141805e-01
   1.1375900e+00
   1.2783545e+00
   1.3736686e+00
   1.4141359e+00
   1.3935826e+00
   1.3110574e+00
   1.1715056e+00
   9.8485052e-01
   7.6379900e-01
   5.2115211e-01
   2.6756999e-01
   1.0546867e-02
  -2.4512528e-01
  -4.9570560e-01
  -7.3642727e-01
  -9.5991925e-01
  -1.1558574e+00
  -1.3120966e+00
  -1.4169567e+00
  -1.4618771e+00
  -1.4434940e+00
  -1.3643929e+00
  -1.2322702e+00
  -1.0578210e+00
  -8.5213128e-01
  -6.2451720e-01
  -3.8156014e-01
  -1.2760964e-01
   1.3355166e-01
   3.9664252e-01
   6.5333892e-01
   8.9197534e-01
   1.0987370e+00
   1.2600105e+00
   1.3651053e+00
   1.4084005e+00
   1.3901709e+00
   1.3158292e+00
   1.1938989e+00
   1.0334958e+00
   8.4225181e-01
   6.2542414e-01
   3.8645307e-01
   1.2865900e-01
  -1.4268475e-01
  -4.1882210e-01
  -6.8724655e-01
  -9.3293527e-01
  -1.1407480e+00
  -1.2982012e+00
  -1.3976731e+00
  -1.4372953e+00
  -1.4202699e+00
  -1.3529275e+00
  -1.2422988e+00
  -1.0941293e+00
  -9.1207081e-01
  -6.9830596e-01
  -4.5529101e-01
  -1.8785173e-01
   9.5284236e-02
   3.8123334e-01
   6.5421474e-01
   8.9798101e-01
   1.0986301e+00
   1.2468553e+00
   1.3388915e+00
   1.3758998e+00
   1.3621047e+00
   1.3024546e+00
   1.2007282e+00
   1.0588120e+00
   8.7739986e-01
   6.5779007e-01
   4.0401697e-01
   1.2439924e-01
  -1.6820482e-01
  -4.5766516e-01
  -7.2702712e-01
  -9.6134655e-01
  -1.1499709e+00
  -1.2875291e+00
  -1.3733722e+00
  -1.4097835e+00
  -1.3997221e+00
  -1.3450183e+00
  -1.2457394e+00
  -1.1009647e+00
  -9.1064507e-01
  -6.7777729e-01
  -4.0997874e-01
  -1.1975570e-01
   1.7676103e-01
   4.6226637e-01
   7.2112571e-01
   9.4167456e-01
   1.1172390e+00
   1.2456234e+00
   1.3273825e+00
   1.3636417e+00
   1.3543774e+00
   1.2978665e+00
   1.1915392e+00
   1.0339019e+00
   8.2675952e-01
   5.7682353e-01
   2.9600161e-01
   1.4691050e-04
  -2.9338444e-01
  -5.6857622e-01
  -8.1305864e-01
  -1.0191484e+00
  -1.1833720e+00
  -1.3047911e+00
  -1.3828912e+00
  -1.4159398e+00
  -1.4005157e+00
  -1.3324365e+00
  -1.2087450e+00
  -1.0299809e+00
  -8.0182596e-01
  -5.3542089e-01
  -2.4613510e-01
   4.8859542e-02
   3.3342061e-01
   5.9473866e-01
   8.2438688e-01
   1.0178703e+00
   1.1729952e+00
   1.2878171e+00
   1.3590697e+00
   1.3817687e+00
   1.3502086e+00
   1.2600105e+00
   1.1104431e+00
   9.0610557e-01
   6.5727446e-01
   3.7869879e-01
   8.7195509e-02
  -2.0116432e-01
  -4.7334851e-01
  -7.2041464e-01
  -9.3707667e-01
  -1.1201095e+00
  -1.2663487e+00
  -1.3711825e+00
  -1.4282226e+00
  -1.4303664e+00
  -1.3719012e+00
  -1.2508718e+00
  -1.0708007e+00
  -8.4106534e-01
  -5.7572055e-01
  -2.9111914e-01
  -3.1205834e-03
   2.7518564e-01
   5.3452587e-01
   7.6901922e-01
   9.7460999e-01
   1.1471116e+00
   1.2807541e+00
   1.3679158e+00
   1.4002445e+00
   1.3708130e+00
   1.2765299e+00
   1.1198936e+00
   9.0939954e-01
   6.5838920e-01
   3.8269728e-01
   9.7885422e-02
  -1.8301477e-01
  -4.5053789e-01
  -6.9836662e-01
  -9.2178600e-01
  -1.1157651e+00
  -1.2735535e+00
  -1.3864672e+00
  -1.4450623e+00
  -1.4413369e+00
  -1.3711791e+00
  -1.2361527e+00
  -1.0439297e+00
  -8.0716480e-01
  -5.4116904e-01
  -2.6116821e-01
   1.9932412e-02
   2.9257188e-01
   5.5011674e-01
   7.8733259e-01
   9.9849802e-01
   1.1760444e+00
   1.3103900e+00
   1.3911598e+00
   1.4094280e+00
   1.3601984e+00
   1.2442154e+00
   1.0684194e+00
   8.4484288e-01
   5.8830759e-01
   3.1370753e-01
   3.3794750e-02
  -2.4183102e-01
  -5.0630457e-01
  -7.5398084e-01
  -9.7857697e-01
  -1.1718506e+00
  -1.3234762e+00
  -1.4223062e+00
  -1.4586470e+00
  -1.4267666e+00
  -1.3267255e+00
  -1.1648492e+00
  -9.5264212e-01
  -7.0450490e-01
  -4.3503874e-01
  -1.5685105e-01
   1.2044192e-01
   3.8979562e-01
   6.4523485e-01
   8.8002102e-01
   1.0853645e+00
   1.2503392e+00
   1.3631779e+00
   1.4135776e+00
   1.3952273e+00
   1.3076527e+00
   1.1567009e+00
   9.5346601e-01
   7.1202213e-01
   4.4674530e-01
   1.7013612e-01
  -1.0816632e-01
  -3.8096372e-01
  -6.4200742e-01
  -8.8418861e-01
  -1.0982817e+00
  -1.2728921e+00
  -1.3957816e+00
  -1.4561966e+00
  -1.4474090e+00
  -1.3685705e+00
  -1.2252002e+00
  -1.0281184e+00
  -7.9118783e-01
  -5.2864948e-01
  -2.5295779e-01
   2.6196646e-02
   3.0146655e-01
   5.6636798e-01
   8.1349210e-01
   1.0332769e+00
   1.2139840e+00
   1.3430494e+00
   1.4094280e+00
   1.4061428e+00
   1.3321392e+00
   1.1927717e+00
   9.9873642e-01
   7.6381617e-01
   5.0222323e-01
   2.2644319e-01
  -5.3737455e-02
  -3.3081290e-01
  -5.9808994e-01
  -8.4792037e-01
  -1.0704985e+00
  -1.2538637e+00
  -1.3852709e+00
  -1.4535455e+00
  -1.4516342e+00
  -1.3784528e+00
  -1.2393629e+00
  -1.0450972e+00
  -8.0950080e-01
  -5.4687472e-01
  -2.6982311e-01
   1.1718202e-02
   2.9006813e-01
   5.5834500e-01
   8.0871894e-01
   1.0312328e+00
   1.2138266e+00
   1.3437222e+00
   1.4097835e+00
   1.4050603e+00
   1.3286217e+00
   1.1860168e+00
   9.8818273e-01
   7.4917540e-01
   4.8350758e-01
   2.0399303e-01
  -7.9227922e-02
  -3.5828240e-01
  -6.2612339e-01
  -8.7480125e-01
  -1.0943056e+00
  -1.2726071e+00
  -1.3970513e+00
  -1.4567161e+00
  -1.4449419e+00
  -1.3611426e+00
  -1.2112399e+00
  -1.0065475e+00
  -7.6148295e-01
  -4.9089267e-01
  -2.0788788e-01
   7.7137333e-02
   3.5611009e-01
   6.2185153e-01
   8.6636611e-01
   1.0797012e+00
   1.2500014e+00
   1.3649051e+00
   1.4138916e+00
   1.3907889e+00
   1.2955532e+00
   1.1346684e+00
   9.1999704e-01
   6.6646516e-01
   3.8936756e-01
   1.0218969e-01
  -1.8438564e-01
  -4.6209425e-01
  -7.2367770e-01
  -9.6118828e-01
  -1.1648620e+00
  -1.3231796e+00
  -1.4242581e+00
  -1.4581794e+00
  -1.4194662e+00
  -1.3088201e+00
  -1.1334771e+00
  -9.0601579e-01
  -6.4200742e-01
  -3.5729456e-01
  -6.5793934e-02
   2.2151130e-01
   4.9620047e-01
   7.5101542e-01
   9.7817759e-01
   1.1682691e+00
   1.3102926e+00
   1.3930500e+00
   1.4074418e+00
   1.3489013e+00
   1.2190813e+00
   1.0261547e+00
   7.8357181e-01
   5.0766744e-01
   2.1490683e-01
  -8.0334551e-02
  -3.6679498e-01
  -6.3596769e-01
  -8.8071089e-01
  -1.0935716e+00
  -1.2656675e+00
  -1.3867370e+00
  -1.4464940e+00
  -1.4368879e+00
  -1.3544843e+00
  -1.2020899e+00
  -9.8898735e-01
  -7.2963380e-01
  -4.4121723e-01
  -1.4086517e-01
   1.5660125e-01
   4.3970740e-01
   6.9997611e-01
   9.3054238e-01
   1.1244767e+00
   1.2736578e+00
   1.3688026e+00
   1.4007847e+00
   1.3628429e+00
   1.2528970e+00
   1.0750979e+00
   8.3998956e-01
   5.6313845e-01
   2.6263469e-01
  -4.3740012e-02
  -3.4078431e-01
  -6.1693108e-01
  -8.6390268e-01
  -1.0753227e+00
  -1.2450283e+00
  -1.3659228e+00
  -1.4299715e+00
  -1.4294712e+00
  -1.3591940e+00
  -1.2186244e+00
  -1.0134261e+00
  -7.5551931e-01
  -4.6163635e-01
  -1.5076340e-01
   1.5873305e-01
   4.5140153e-01
   7.1576762e-01
   9.4398506e-01
   1.1304334e+00
   1.2700069e+00
   1.3569316e+00
   1.3847131e+00
   1.3473416e+00
   1.2413570e+00
   1.0679956e+00
   8.3456218e-01
   5.5441660e-01
   2.4545068e-01
  -7.2530303e-02
  -3.8071971e-01
  -6.6362220e-01
  -9.1011446e-01
  -1.1130800e+00
  -1.2679785e+00
  -1.3710944e+00
  -1.4183029e+00
  -1.4049520e+00
  -1.3269878e+00
  -1.1829265e+00
  -9.7589973e-01
  -7.1492322e-01
  -4.1478795e-01
  -9.4457528e-02
   2.2560755e-01
   5.2639354e-01
   7.9265291e-01
   1.0139500e+00
   1.1842633e+00
   1.3005081e+00
   1.3607265e+00
   1.3627828e+00
   1.3041620e+00
   1.1830002e+00
   9.9995000e-01
   7.6011477e-01
   4.7420923e-01
   1.5835378e-01
  -1.6760403e-01
  -4.8281430e-01
  -7.6838806e-01
  -1.0097077e+00
  -1.1974392e+00
  -1.3270815e+00
  -1.3974205e+00
  -1.4086398e+00
  -1.3609249e+00
  -1.2541606e+00
  -1.0888509e+00
  -8.6786816e-01
  -5.9827032e-01
  -2.9235174e-01
   3.2654486e-02
   3.5632178e-01
   6.5779007e-01
   9.1873067e-01
   1.1256267e+00
   1.2707285e+00
   1.3515252e+00
   1.3691073e+00
   1.3261734e+00
   1.2255241e+00
   1.0696418e+00
   8.6148803e-01
   6.0612960e-01
   3.1243794e-01
  -5.9641970e-03
  -3.3108191e-01
  -6.4234398e-01
  -9.1937729e-01
  -1.1449492e+00
  -1.3071910e+00
  -1.4004693e+00
  -1.4247520e+00
  -1.3838532e+00
  -1.2833144e+00
  -1.1287684e+00
  -9.2538885e-01
  -6.7855800e-01
  -3.9536918e-01
  -8.6214608e-02
   2.3435930e-01
   5.4809390e-01
   8.3484072e-01
   1.0753227e+00
   1.2540232e+00
   1.3613217e+00
   1.3942490e+00
   1.3557197e+00
   1.2526331e+00
   1.0936088e+00
   8.8720655e-01
   6.4123714e-01
   3.6330154e-01
   6.2177200e-02
  -2.5069054e-01
  -5.6040280e-01
  -8.4908414e-01
  -1.0976997e+00
  -1.2887685e+00
  -1.4091634e+00
  -1.4521235e+00
  -1.4178611e+00
  -1.3126322e+00
  -1.1466713e+00
  -9.3176535e-01
  -6.7932227e-01
  -3.9954496e-01
  -1.0185067e-01
   2.0384042e-01
   5.0568473e-01
   7.8916733e-01
   1.0375774e+00
   1.2337804e+00
   1.3628429e+00
   1.4147043e+00
   1.3860294e+00
   1.2806364e+00
   1.1083808e+00
   8.8290787e-01
   6.1905832e-01
   3.3078782e-01
   3.0216469e-02
  -2.7204976e-01
  -5.6569834e-01
  -8.3932380e-01
  -1.0796755e+00
  -1.2720866e+00
  -1.4021557e+00
  -1.4582392e+00
  -1.4339545e+00
  -1.3298395e+00
  -1.1535751e+00
  -9.1866654e-01
  -6.4200742e-01
  -3.4112166e-01
  -3.1950454e-02
   2.7219711e-01
   5.6038527e-01
   8.2285619e-01
   1.0496297e+00
   1.2296961e+00
   1.3513473e+00
   1.4037198e+00
   1.3791098e+00
   1.2752726e+00
   1.0968618e+00
   8.5542984e-01
   5.6790269e-01
   2.5396400e-01
  -6.6846440e-02
  -3.7744703e-01
  -6.6432100e-01
  -9.1727118e-01
  -1.1281953e+00
  -1.2896148e+00
  -1.3937557e+00
  -1.4327287e+00
  -1.3998859e+00
  -1.2919210e+00
  -1.1109373e+00
  -8.6565081e-01
  -5.7116926e-01
  -2.4727187e-01
   8.4360439e-02
   4.0315163e-01
   6.9199761e-01
   9.3837350e-01
   1.1340400e+00
   1.2737257e+00
   1.3535221e+00
   1.3697949e+00
   1.3191628e+00
   1.1996282e+00
   1.0124365e+00
   7.6389898e-01
   4.6636482e-01
   1.3779552e-01
  -2.0011667e-01
  -5.2482618e-01
  -8.1598894e-01
  -1.0578170e+00
  -1.2401165e+00
  -1.3578754e+00
  -1.4097835e+00
  -1.3964330e+00
  -1.3190067e+00
  -1.1790170e+00
  -9.7918537e-01
  -7.2505211e-01
  -4.2656434e-01
  -9.8841462e-02
   2.3841233e-01
   5.6289565e-01
   8.5262850e-01
   1.0889809e+00
   1.2589368e+00
   1.3559859e+00
   1.3795171e+00
   1.3331140e+00
   1.2225053e+00
   1.0539938e+00
   8.3393332e-01
   5.6935534e-01
   2.6934660e-01
  -5.3563310e-02
  -3.8279025e-01
  -6.9837894e-01
  -9.7901911e-01
  -1.2049211e+00
  -1.3607316e+00
  -1.4376228e+00
  -1.4339587e+00
  -1.3544301e+00
  -1.2080703e+00
  -1.0059229e+00
  -7.5919605e-01
  -4.7848359e-01
  -1.7416644e-01
   1.4239592e-01
   4.5761324e-01
   7.5512822e-01
   1.0165069e+00
   1.2231889e+00
   1.3592252e+00
   1.4139906e+00
   1.3840170e+00
   1.2733681e+00
   1.0924653e+00
   8.5579710e-01
   5.7929744e-01
   2.7824247e-01
  -3.3743615e-02
  -3.4445246e-01
  -6.4200742e-01
  -9.1365480e-01
  -1.1452019e+00
  -1.3216099e+00
  -1.4287757e+00
  -1.4560372e+00
  -1.3986003e+00
  -1.2590526e+00
  -1.0474029e+00
  -7.7958019e-01
  -4.7484144e-01
  -1.5289290e-01
   1.6841536e-01
   4.7422249e-01
   7.5249189e-01
   9.9292808e-01
   1.1856982e+00
   1.3207304e+00
   1.3881007e+00
   1.3795501e+00
   1.2906763e+00
   1.1230185e+00
   8.8521713e-01
   5.9271284e-01
   2.6593967e-01
  -7.2519047e-02
  -4.0099316e-01
  -7.0113873e-01
  -9.5909924e-01
  -1.1652907e+00
  -1.3131948e+00
  -1.3978891e+00
  -1.4150938e+00
  -1.3612570e+00
  -1.2347324e+00
  -1.0376106e+00
  -7.7744100e-01
  -4.6804931e-01
  -1.2893790e-01
   2.1675782e-01
   5.4527085e-01
   8.3533472e-01
   1.0705761e+00
   1.2405689e+00
   1.3404354e+00
   1.3693890e+00
   1.3289609e+00
   1.2217057e+00
   1.0509214e+00
   8.2145416e-01
   5.4116904e-01
   2.2234223e-01
  -1.1779873e-01
  -4.5788090e-01
  -7.7454864e-01
  -1.0454881e+00
  -1.2524841e+00
  -1.3836456e+00
  -1.4342112e+00
  -1.4058388e+00
  -1.3047911e+00
  -1.1397805e+00
  -9.2028548e-01
  -6.5589297e-01
  -3.5675482e-01
  -3.4756724e-02
   2.9532759e-01
   6.1545426e-01
   9.0518067e-01
   1.1437931e+00
   1.3131948e+00
   1.4007322e+00
   1.4011086e+00
   1.3168200e+00
   1.1570370e+00
   9.3537230e-01
   6.6731888e-01
   3.6819204e-01
   5.2147745e-02
  -2.6761946e-01
  -5.7788817e-01
  -8.6434741e-01
  -1.1112090e+00
  -1.3019727e+00
  -1.4213481e+00
  -1.4578476e+00
  -1.4062419e+00
  -1.2690526e+00
  -1.0565409e+00
  -7.8514626e-01
  -4.7484144e-01
  -1.4621174e-01
   1.8188903e-01
   4.9352084e-01
   7.7556572e-01
   1.0167469e+00
   1.2064733e+00
   1.3342617e+00
   1.3902199e+00
   1.3666084e+00
   1.2600105e+00
   1.0733285e+00
   8.1680596e-01
   5.0756711e-01
   1.6765499e-01
  -1.7893940e-01
  -5.0943015e-01
  -8.0470781e-01
  -1.0505391e+00
  -1.2373845e+00
  -1.3592252e+00
  -1.4121237e+00
  -1.3932839e+00
  -1.3011111e+00
  -1.1363091e+00
  -9.0356890e-01
  -6.1309397e-01
  -2.8119173e-01
   7.0550505e-02
   4.1749741e-01
   7.3509598e-01
   1.0020673e+00
   1.2027950e+00
   1.3283272e+00
   1.3758971e+00
   1.3473694e+00
   1.2473609e+00
   1.0818216e+00
   8.5760229e-01
   5.8306901e-01
   2.6934660e-01
  -6.8539399e-02
  -4.1136752e-01
  -7.3673214e-01
  -1.0213402e+00
  -1.2440765e+00
  -1.3890039e+00
  -1.4474447e+00
  -1.4185835e+00
  -1.3085174e+00
  -1.1281953e+00
  -8.9101915e-01
  -6.1092362e-01
  -3.0148524e-01
   2.3854543e-02
   3.5085008e-01
   6.6350723e-01
   9.4386555e-01
   1.1729584e+00
   1.3329275e+00
   1.4097835e+00
   1.3959959e+00
   1.2920837e+00
   1.1066779e+00
   8.5501840e-01
   5.5635832e-01
   2.3108165e-01
  -1.0162266e-01
  -4.2495951e-01
  -7.2449861e-01
  -9.8730564e-01
  -1.2009397e+00
  -1.3530490e+00
  -1.4320231e+00
  -1.4286915e+00
  -1.3385828e+00
  -1.1639556e+00
  -9.1480827e-01
  -6.0837431e-01
  -2.6710442e-01
   8.4360439e-02
   4.2239234e-01
   7.2689623e-01
   9.8256615e-01
   1.1787764e+00
   1.3085018e+00
   1.3669835e+00
   1.3508910e+00
   1.2584579e+00
   1.0906098e+00
   8.5262850e-01
   5.5559961e-01
   2.1688675e-01
  -1.4082481e-01
  -4.9188449e-01
  -8.1090473e-01
  -1.0760162e+00
  -1.2712884e+00
  -1.3877432e+00
  -1.4228772e+00
  -1.3791098e+00
  -1.2619013e+00
  -1.0783203e+00
  -8.3657139e-01
  -5.4653333e-01
  -2.2088500e-01
   1.2390108e-01
   4.6742452e-01
   7.8651554e-01
   1.0576391e+00
   1.2600105e+00
   1.3785841e+00
   1.4060692e+00
   1.3434288e+00
   1.1988098e+00
   9.8535763e-01
   7.1869917e-01
   4.1490714e-01
   8.9491297e-02
  -2.4250474e-01
  -5.6569834e-01
  -8.6355488e-01
  -1.1182796e+00
  -1.3118424e+00
  -1.4280913e+00
  -1.4554366e+00
  -1.3892902e+00
  -1.2334506e+00
  -9.9992938e-01
  -7.0721017e-01
  -3.7743754e-01
  -3.3355666e-02
   3.0415718e-01
   6.1739088e-01
   8.9184762e-01
   1.1154180e+00
   1.2773897e+00
   1.3680090e+00
   1.3790391e+00
   1.3052954e+00
   1.1466713e+00
   9.0987897e-01
   6.0914068e-01
   2.6536950e-01
  -9.6124248e-02
  -4.4886892e-01
  -7.6856295e-01
  -1.0356404e+00
  -1.2364995e+00
  -1.3633056e+00
  -1.4127753e+00
  -1.3846635e+00
  -1.2807048e+00
  -1.1044850e+00
  -8.6226257e-01
  -5.6429403e-01
  -2.2593229e-01
   1.3222763e-01
   4.8557658e-01
   8.0802940e-01
   1.0753227e+00
   1.2682204e+00
   1.3747753e+00
   1.3910946e+00
   1.3205539e+00
   1.1719006e+00
   9.5701351e-01
   6.8910844e-01
   3.8191044e-01
   4.9850874e-02
  -2.9111914e-01
  -6.2279833e-01
  -9.2478710e-01
  -1.1757269e+00
  -1.3556583e+00
  -1.4489552e+00
  -1.4470051e+00
  -1.3498164e+00
  -1.1660443e+00
  -9.1142795e-01
  -6.0612960e-01
  -2.7178907e-01
   7.0873317e-02
   4.0335140e-01
   7.0946000e-01
   9.7464479e-01
   1.1851860e+00
   1.3279956e+00
   1.3914257e+00
   1.3670404e+00
   1.2518435e+00
   1.0501745e+00
   7.7450368e-01
   4.4467329e-01
   8.5626987e-02
  -2.7583283e-01
  -6.1441093e-01
  -9.0894987e-01
  -1.1437588e+00
  -1.3085550e+00
  -1.3974205e+00
  -1.4074850e+00
  -1.3380643e+00
  -1.1907096e+00
  -9.7016330e-01
  -6.8576213e-01
  -3.5255226e-01
   8.6017108e-03
   3.7232089e-01
   7.1134797e-01
   9.9995000e-01
   1.2172278e+00
   1.3494779e+00
   1.3910594e+00
   1.3437110e+00
   1.2147617e+00
   1.0149915e+00
   7.5692158e-01
   4.5403852e-01
   1.2099768e-01
  -2.2560755e-01
  -5.6660584e-01
  -8.8042195e-01
  -1.1444498e+00
  -1.3375345e+00
  -1.4430051e+00
  -1.4514195e+00
  -1.3622052e+00
  -1.1836942e+00
  -9.3155563e-01
  -6.2612339e-01
  -2.8943445e-01
   5.7193966e-02
   3.9450115e-01
   7.0545440e-01
   9.7464640e-01
   1.1876015e+00
   1.3306757e+00
   1.3919486e+00
   1.3630437e+00
   1.2413570e+00
   1.0319077e+00
   7.4805057e-01
   4.1061366e-01
   4.5521775e-02
  -3.1953942e-01
  -6.5856241e-01
  -9.4990105e-01
  -1.1776365e+00
  -1.3315465e+00
  -1.4060834e+00
  -1.3990679e+00
  -1.3108222e+00
  -1.1441826e+00
  -9.0538311e-01
  -6.0534729e-01
  -2.6066078e-01
   1.0647509e-01
   4.6969412e-01
   8.0121697e-01
   1.0753227e+00
   1.2716730e+00
   1.3776395e+00
   1.3890954e+00
   1.3096333e+00
   1.1486622e+00
   9.1914800e-01
   6.3577864e-01
   3.1405544e-01
  -2.9643446e-02
  -3.7743754e-01
  -7.0943986e-01
  -1.0040412e+00
  -1.2393478e+00
  -1.3956660e+00
  -1.4584660e+00
  -1.4209901e+00
  -1.2857015e+00
  -1.0640972e+00
  -7.7490918e-01
  -4.4121723e-01
  -8.7300836e-02
   2.6393261e-01
   5.9239572e-01
   8.8106668e-01
   1.1154228e+00
   1.2827405e+00
   1.3719374e+00
   1.3743480e+00
   1.2853619e+00
   1.1064124e+00
   8.4654226e-01
   5.2281246e-01
   1.5914804e-01
  -2.1628637e-01
  -5.7460336e-01
  -8.8973086e-01
  -1.1411103e+00
  -1.3150003e+00
  -1.4043191e+00
  -1.4074418e+00
  -1.3266731e+00
  -1.1671212e+00
  -9.3642356e-01
  -6.4532112e-01
  -3.0863428e-01
   5.4064728e-02
   4.1875537e-01
   7.5860397e-01
   1.0468018e+00
   1.2600105e+00
   1.3815475e+00
   1.4034733e+00
   1.3270689e+00
   1.1616921e+00
   9.2249635e-01
   6.2780199e-01
   2.9691703e-01
  -5.1074931e-02
  -3.9750407e-01
  -7.2367770e-01
  -1.0104863e+00
  -1.2387027e+00
  -1.3903260e+00
  -1.4508556e+00
  -1.4119357e+00
  -1.2735515e+00
  -1.0450103e+00
  -7.4426688e-01
  -3.9566528e-01
  -2.6654386e-02
   3.3566497e-01
   6.6730948e-01
   9.4894589e-01
   1.1661103e+00
   1.3085098e+00
   1.3690910e+00
   1.3435582e+00
   1.2307408e+00
   1.0337568e+00
   7.6148295e-01
   4.2959353e-01
   6.0477257e-02
  -3.1833044e-01
  -6.7706653e-01
  -9.8740434e-01
  -1.2259789e+00
  -1.3769168e+00
  -1.4328348e+00
  -1.3942682e+00
  -1.2679785e+00
  -1.0648899e+00
  -7.9841193e-01
  -4.8362345e-01
  -1.3734269e-01
   2.2133493e-01
   5.7070479e-01
   8.8696755e-01
   1.1459184e+00
   1.3256660e+00
   1.4097835e+00
   1.3900426e+00
   1.2679265e+00
   1.0544573e+00
   7.6838006e-01
   4.3323902e-01
   7.4178236e-02
  -2.8470028e-01
  -6.2188241e-01
  -9.1882005e-01
  -1.1595294e+00
  -1.3300725e+00
  -1.4185713e+00
  -1.4161131e+00
  -1.3184489e+00
  -1.1279563e+00
  -8.5509442e-01
  -5.1863852e-01
  -1.4431744e-01
   2.3801810e-01
   5.9808994e-01
   9.0886256e-01
   1.1493252e+00
   1.3058385e+00
   1.3719900e+00
   1.3473807e+00
   1.2360612e+00
   1.0453349e+00
   7.8536423e-01
   4.6957040e-01
   1.1538078e-01
  -2.5536069e-01
  -6.1696134e-01
  -9.4174143e-01
  -1.2030239e+00
  -1.3786313e+00
  -1.4540144e+00
  -1.4241864e+00
  -1.2939754e+00
  -1.0766154e+00
  -7.9118783e-01
  -4.5972210e-01
  -1.0476388e-01
   2.5207007e-01
   5.9049152e-01
   8.9128379e-01
   1.1360397e+00
   1.3075204e+00
   1.3909615e+00
   1.3761931e+00
   1.2600105e+00
   1.0479969e+00
   7.5506231e-01
   4.0431112e-01
   2.4357774e-02
  -3.5430773e-01
  -7.0301955e-01
  -9.9783792e-01
  -1.2211033e+00
  -1.3615774e+00
  -1.4135776e+00
  -1.3757979e+00
  -1.2505015e+00
  -1.0434886e+00
  -7.6479634e-01
  -4.2966235e-01
  -5.9052371e-02
   3.2089102e-01
   6.8078681e-01
   9.9116107e-01
   1.2261618e+00
   1.3669513e+00
   1.4039336e+00
   1.3373174e+00
   1.1760168e+00
   9.3538689e-01
   6.3458199e-01
   2.9432296e-01
  -6.4426270e-02
  -4.2082817e-01
  -7.5398084e-01
  -1.0428117e+00
  -1.2666652e+00
  -1.4068851e+00
  -1.4492317e+00
  -1.3865446e+00
  -1.2208297e+00
  -9.6402258e-01
  -6.3703193e-01
  -2.6717699e-01
   1.1538078e-01
   4.8133062e-01
   8.0516971e-01
   1.0668760e+00
   1.2522281e+00
   1.3521686e+00
   1.3618868e+00
   1.2802823e+00
   1.1101859e+00
   8.5927141e-01
   5.4116904e-01
   1.7607390e-01
  -2.0979546e-01
  -5.8618735e-01
  -9.2206415e-01
  -1.1894549e+00
  -1.3670098e+00
  -1.4424065e+00
  -1.4130986e+00
  -1.2854063e+00
  -1.0724321e+00
  -7.9157911e-01
  -4.6244386e-01
  -1.0556722e-01
   2.5792097e-01
   6.0616125e-01
   9.1656692e-01
   1.1665649e+00
   1.3353559e+00
   1.4065136e+00
   1.3708130e+00
   1.2284574e+00
   9.8994658e-01
   6.7519268e-01
   3.1099794e-01
  -7.2501126e-02
  -4.4554207e-01
  -7.8173806e-01
  -1.0598255e+00
  -1.2640887e+00
  -1.3838532e+00
  -1.4127118e+00
  -1.3481303e+00
  -1.1917905e+00
  -9.5058825e-01
  -6.3778915e-01
  -2.7363006e-01
   1.1526931e-01
   4.9797328e-01
   8.4256853e-01
   1.1201095e+00
   1.3082586e+00
   1.3937672e+00
   1.3732886e+00
   1.2525217e+00
   1.0441717e+00
   7.6549896e-01
   4.3622307e-01
   7.7260326e-02
  -2.8967589e-01
  -6.4200742e-01
  -9.5638832e-01
  -1.2095484e+00
  -1.3801482e+00
  -1.4514481e+00
  -1.4141738e+00
  -1.2687396e+00
  -1.0260813e+00
  -7.0670987e-01
  -3.3811638e-01
   4.8859542e-02
   4.2380738e-01
   7.5980833e-01
   1.0352355e+00
   1.2342235e+00
   1.3461976e+00
   1.3651227e+00
   1.2891104e+00
   1.1207361e+00
   8.6797618e-01
   5.4527085e-01
   1.7400681e-01
  -2.1820038e-01
  -5.9969504e-01
  -9.3821610e-01
  -1.2048998e+00
  -1.3779316e+00
  -1.4449944e+00
  -1.4040122e+00
  -1.2621977e+00
  -1.0339019e+00
  -7.3804377e-01
  -3.9589330e-01
  -2.9688247e-02
   3.3788105e-01
   6.8370850e-01
   9.8445251e-01
   1.2174287e+00
   1.3624669e+00
   1.4045275e+00
   1.3364542e+00
   1.1610363e+00
   8.9164449e-01
   5.5107413e-01
   1.6874992e-01
  -2.2307537e-01
  -5.9322376e-01
  -9.1472740e-01
  -1.1666483e+00
  -1.3345168e+00
  -1.4097835e+00
  -1.3889479e+00
  -1.2730065e+00
  -1.0675749e+00
  -7.8360311e-01
  -4.3820076e-01
  -5.4886764e-02
   3.3733436e-01
   7.0631570e-01
   1.0202849e+00
   1.2518435e+00
   1.3815291e+00
   1.4000933e+00
   1.3090156e+00
   1.1192820e+00
   8.4895018e-01
   5.2030227e-01
   1.5737398e-01
  -2.1564485e-01
  -5.7509272e-01
  -8.9798101e-01
  -1.1622114e+00
  -1.3474261e+00
  -1.4367354e+00
  -1.4191204e+00
  -1.2918963e+00
  -1.0624310e+00
  -7.4841296e-01
  -3.7633639e-01
   2.1606806e-02
   4.1156671e-01
   7.6208193e-01
   1.0472546e+00
   1.2485068e+00
   1.3548617e+00
   1.3621576e+00
   1.2718734e+00
   1.0902276e+00
   8.2792130e-01
   5.0046914e-01
   1.2865900e-01
  -2.6151502e-01
  -6.4001454e-01
  -9.7523202e-01
  -1.2375142e+00
  -1.4030350e+00
  -1.4571049e+00
  -1.3960917e+00
  -1.2275032e+00
  -9.6830161e-01
  -6.4200742e-01
  -2.7543183e-01
   1.0414572e-01
   4.7083773e-01
   8.0098523e-01
   1.0733396e+00
   1.2691945e+00
   1.3730277e+00
   1.3739034e+00
   1.2674494e+00
   1.0578210e+00
   7.5888507e-01
   3.9396076e-01
  -6.1640430e-03
  -4.0670944e-01
  -7.7317582e-01
  -1.0754670e+00
  -1.2909809e+00
  -1.4061314e+00
  -1.4162657e+00
  -1.3244153e+00
  -1.1395938e+00
  -8.7533666e-01
  -5.4889244e-01
  -1.8104293e-01
   2.0386867e-01
   5.7832236e-01
   9.1295561e-01
   1.1790428e+00
   1.3518448e+00
   1.4141359e+00
   1.3590196e+00
   1.1912483e+00
   9.2664813e-01
   5.8977678e-01
   2.1042635e-01
  -1.8014193e-01
  -5.5237838e-01
  -8.8050009e-01
  -1.1433482e+00
  -1.3244153e+00
  -1.4116565e+00
  -1.3976616e+00
  -1.2804677e+00
  -1.0648614e+00
  -7.6363294e-01
  -3.9806750e-01
   2.9278845e-03
   4.0528922e-01
   7.7357362e-01
   1.0753227e+00
   1.2850562e+00
   1.3870246e+00
   1.3762114e+00
   1.2575974e+00
   1.0441759e+00
   7.5448788e-01
   4.1042893e-01
   3.5786812e-02
  -3.4446570e-01
  -7.0450490e-01
  -1.0182067e+00
  -1.2604303e+00
  -1.4092242e+00
  -1.4486914e+00
  -1.3718520e+00
  -1.1826638e+00
  -8.9648197e-01
  -5.3863104e-01
  -1.4129189e-01
   2.6061868e-01
   6.3363856e-01
   9.4913570e-01
   1.1853158e+00
   1.3277964e+00
   1.3691391e+00
   1.3079883e+00
   1.1484405e+00
   8.9997962e-01
   5.7788604e-01
   2.0365182e-01
  -1.9524826e-01
  -5.8676762e-01
  -9.3705633e-01
  -1.2142750e+00
  -1.3927160e+00
  -1.4562921e+00
  -1.4005623e+00
  -1.2328476e+00
  -9.7052132e-01
  -6.3804582e-01
  -2.6360000e-01
   1.2388179e-01
   4.9674351e-01
   8.2964902e-01
   1.0999874e+00
   1.2882227e+00
   1.3787122e+00
   1.3612111e+00
   1.2328442e+00
   9.9995000e-01
   6.7903554e-01
   2.9621264e-01
  -1.1512276e-01
  -5.1808696e-01
  -8.7684101e-01
  -1.1608868e+00
  -1.3482331e+00
  -1.4268988e+00
  -1.3947306e+00
  -1.2579874e+00
  -1.0294148e+00
  -7.2651138e-01
  -3.7040310e-01
   1.4685249e-02
   4.0175976e-01
   7.6177424e-01
   1.0652269e+00
   1.2847867e+00
   1.3986392e+00
   1.3938423e+00
   1.2688117e+00
   1.0341860e+00
   7.1172337e-01
   3.3141787e-01
  -7.2494769e-02
  -4.6571230e-01
  -8.1733926e-01
  -1.1021043e+00
  -1.3012449e+00
  -1.4024282e+00
  -1.3993231e+00
  -1.2914049e+00
  -1.0842788e+00
  -7.9039539e-01
  -4.2965410e-01
  -2.9237744e-02
   3.7785786e-01
   7.5575409e-01
   1.0697402e+00
   1.2906763e+00
   1.3987824e+00
   1.3859615e+00
   1.2561950e+00
   1.0240799e+00
   7.1206819e-01
   3.4723635e-01
  -4.1607785e-02
  -4.2597824e-01
  -7.7886281e-01
  -1.0753227e+00
  -1.2930995e+00
  -1.4137239e+00
  -1.4243043e+00
  -1.3197435e+00
  -1.1047586e+00
  -7.9493040e-01
  -4.1615272e-01
  -2.2545656e-03
   4.0890434e-01
   7.8010606e-01
   1.0792261e+00
   1.2825593e+00
   1.3764810e+00
   1.3574126e+00
   1.2305377e+00
   1.0079780e+00
   7.0711810e-01
   3.4948038e-01
  -3.9867147e-02
  -4.3276680e-01
  -7.9886119e-01
  -1.1073849e+00
  -1.3299771e+00
  -1.4441734e+00
  -1.4368485e+00
  -1.3067157e+00
  -1.0651404e+00
  -7.3493186e-01
  -3.4732227e-01
   6.2177200e-02
   4.5809742e-01
   8.0861656e-01
   1.0878895e+00
   1.2770207e+00
   1.3640439e+00
   1.3435142e+00
   1.2162837e+00
   9.8973847e-01
   6.7836435e-01
   3.0414852e-01
  -1.0382351e-01
  -5.1108003e-01
  -8.8090534e-01
  -1.1785395e+00
  -1.3756439e+00
  -1.4540565e+00
  -1.4079899e+00
  -1.2442265e+00
  -9.8040882e-01
  -6.4200742e-01
  -2.5882220e-01
   1.3815975e-01
   5.1903089e-01
   8.5628161e-01
   1.1255060e+00
   1.3060407e+00
   1.3820172e+00
   1.3439961e+00
   1.1909311e+00
   9.3185235e-01
   5.8652169e-01
   1.8447091e-01
  -2.3775528e-01
  -6.4080703e-01
  -9.8739191e-01
  -1.2467823e+00
  -1.3980593e+00
  -1.4315645e+00
  -1.3485540e+00
  -1.1595294e+00
  -8.8198388e-01
  -5.3828463e-01
  -1.5412008e-01
   2.4247684e-01
   6.2189477e-01
   9.5403927e-01
   1.2101957e+00
   1.3657571e+00
   1.4034683e+00
   1.3164657e+00
   1.1102532e+00
   8.0291621e-01
   4.2330182e-01
   7.4346566e-03
  -4.0608342e-01
  -7.8070179e-01
  -1.0856596e+00
  -1.2982675e+00
  -1.4046603e+00
  -1.3994020e+00
  -1.2845792e+00
  -1.0689829e+00
  -7.6769779e-01
  -4.0201097e-01
   8.0231494e-04
   4.0840044e-01
   7.8545447e-01
   1.0969589e+00
   1.3123716e+00
   1.4097835e+00
   1.3791630e+00
   1.2238717e+00
   9.6007260e-01
   6.1420208e-01
   2.1916602e-01
  -1.8981768e-01
  -5.7885321e-01
  -9.1792201e-01
  -1.1822658e+00
  -1.3529275e+00
  -1.4170045e+00
  -1.3681144e+00
  -1.2072794e+00
  -9.4402698e-01
  -5.9716266e-01
  -1.9454660e-01
   2.2863161e-01
   6.3317966e-01
   9.8042183e-01
   1.2370764e+00
   1.3794740e+00
   1.3962322e+00
   1.2889131e+00
   1.0707301e+00
   7.6386346e-01
   3.9621033e-01
  -1.6310098e-03
  -3.9864378e-01
  -7.6487379e-01
  -1.0724321e+00
  -1.2965321e+00
  -1.4169927e+00
  -1.4203181e+00
  -1.3020482e+00
  -1.0687235e+00
  -7.3869734e-01
  -3.4120104e-01
   8.6498335e-02
   5.0347712e-01
   8.7024424e-01
   1.1535039e+00
   1.3296620e+00
   1.3865331e+00
   1.3232275e+00
   1.1486789e+00
   8.7953285e-01
   5.3809744e-01
   1.5076792e-01
  -2.5306879e-01
  -6.4200742e-01
  -9.8398963e-01
  -1.2484601e+00
  -1.4093649e+00
  -1.4485989e+00
  -1.3591532e+00
  -1.1470877e+00
  -8.3164192e-01
  -4.4323325e-01
  -1.9647622e-02
   3.9879758e-01
   7.7410191e-01
   1.0745053e+00
   1.2769087e+00
   1.3677145e+00
   1.3424613e+00
   1.2048826e+00
   9.6598142e-01
   6.4343598e-01
   2.6125157e-01
  -1.5076340e-01
  -5.5824999e-01
  -9.2468452e-01
  -1.2149238e+00
  -1.3994651e+00
  -1.4585955e+00
  -1.3854710e+00
  -1.1873406e+00
  -8.8457342e-01
  -5.0770752e-01
  -9.3228213e-02
   3.2095973e-01
   6.9945861e-01
   1.0121272e+00
   1.2355483e+00
   1.3535362e+00
   1.3572348e+00
   1.2453060e+00
   1.0244214e+00
   7.0987416e-01
   3.2580356e-01
  -9.5585034e-02
  -5.1624734e-01
  -8.9600932e-01
  -1.1972942e+00
  -1.3899974e+00
  -1.4554843e+00
  -1.3888473e+00
  -1.1989925e+00
  -9.0668367e-01
  -5.4116904e-01
  -1.3627901e-01
   2.7315239e-01
   6.5399966e-01
   9.7659166e-01
   1.2157898e+00
   1.3518962e+00
   1.3718183e+00
   1.2706100e+00
   1.0531132e+00
   7.3509598e-01
   3.4319161e-01
  -8.6863823e-02
  -5.1376750e-01
  -8.9550455e-01
  -1.1946368e+00
  -1.3829619e+00
  -1.4446219e+00
  -1.3771576e+00
  -1.1905563e+00
  -9.0482725e-01
  -5.4691339e-01
  -1.4771629e-01
   2.6027842e-01
   6.4470667e-01
   9.7466584e-01
   1.2221613e+00
   1.3640339e+00
   1.3844175e+00
   1.2773617e+00
   1.0489288e+00
   7.1798298e-01
   3.1509513e-01
  -1.2056083e-01
  -5.4590100e-01
  -9.1933868e-01
  -1.2058300e+00
  -1.3806024e+00
  -1.4310108e+00
  -1.3564964e+00
  -1.1671072e+00
  -8.8129913e-01
  -5.2371805e-01
  -1.2337613e-01
   2.8775846e-01
   6.7608938e-01
   1.0081091e+00
   1.2528505e+00
   1.3850710e+00
   1.3887330e+00
   1.2600105e+00
   1.0089574e+00
   6.5918546e-01
   2.4536017e-01
  -1.9111264e-01
  -6.0736644e-01
  -9.6425301e-01
  -1.2304539e+00
  -1.3849357e+00
  -1.4176727e+00
  -1.3290284e+00
  -1.1284355e+00
  -8.3299410e-01
  -4.6632483e-01
  -5.7631582e-02
   3.5939920e-01
   7.4835381e-01
   1.0728389e+00
   1.3001861e+00
   1.4056271e+00
   1.3761003e+00
   1.2127531e+00
   9.3141281e-01
   5.6076762e-01
   1.3857194e-01
  -2.9332405e-01
  -6.9407989e-01
  -1.0281455e+00
  -1.2681143e+00
  -1.3960383e+00
  -1.4035418e+00
  -1.2913091e+00
  -1.0684849e+00
  -7.5225229e-01
  -3.6747157e-01
   5.4045947e-02
   4.7515218e-01
   8.5621141e-01
   1.1591342e+00
   1.3520731e+00
   1.4138916e+00
   1.3374061e+00
   1.1306101e+00
   8.1555551e-01
   4.2514520e-01
  -1.4133851e-03
  -4.2348981e-01
  -8.0330869e-01
  -1.1090226e+00
  -1.3164511e+00
  -1.4097835e+00
  -1.3817652e+00
  -1.2338394e+00
  -9.7643702e-01
  -6.2922910e-01
  -2.2085947e-01
   2.1240742e-01
   6.2948926e-01
   9.8868822e-01
   1.2527484e+00
   1.3938423e+00
   1.3974369e+00
   1.2641926e+00
   1.0095085e+00
   6.6091401e-01
   2.5400072e-01
  -1.7214148e-01
  -5.7907694e-01
  -9.3217568e-01
  -1.2026294e+00
  -1.3686033e+00
  -1.4160017e+00
  -1.3392598e+00
  -1.1422923e+00
  -8.3934729e-01
  -4.5522589e-01
  -2.4259528e-02
   4.1234815e-01
   8.1077110e-01
   1.1298480e+00
   1.3364542e+00
   1.4098727e+00
   1.3442683e+00
   1.1488315e+00
   8.4573516e-01
   4.6655208e-01
   4.8050122e-02
  -3.7175963e-01
  -7.5675309e-01
  -1.0748701e+00
  -1.2995941e+00
  -1.4111798e+00
  -1.3979942e+00
  -1.2580456e+00
  -1.0003910e+00
  -6.4582904e-01
  -2.2622659e-01
   2.1794238e-01
   6.4181486e-01
   1.0015566e+00
   1.2600105e+00
   1.3914605e+00
   1.3845805e+00
   1.2430905e+00
   9.8421882e-01
   6.3557380e-01
   2.3129838e-01
  -1.9164972e-01
  -5.9654762e-01
  -9.4916349e-01
  -1.2194677e+00
  -1.3832188e+00
  -1.4237543e+00
  -1.3340104e+00
  -1.1184130e+00
  -7.9399788e-01
  -3.9007016e-01
   5.4047748e-02
   4.9316196e-01
   8.8169081e-01
   1.1795061e+00
   1.3569964e+00
   1.3983934e+00
   1.3028493e+00
   1.0833272e+00
   7.6386908e-01
   3.7607811e-01
  -4.4373967e-02
  -4.6069295e-01
  -8.3724888e-01
  -1.1414486e+00
  -1.3455963e+00
  -1.4290404e+00
  -1.3805938e+00
  -1.2008249e+00
  -9.0353872e-01
  -5.1572321e-01
  -7.5486716e-02
   3.7200840e-01
   7.8006179e-01
   1.1064124e+00
   1.3185261e+00
   1.3972125e+00
   1.3380330e+00
   1.1505332e+00
   8.5583218e-01
   4.8337577e-01
   6.7637935e-02
  -3.5472877e-01
  -7.4719075e-01
  -1.0753227e+00
  -1.3088763e+00
  -1.4242034e+00
  -1.4069862e+00
  -1.2548406e+00
  -9.7907615e-01
  -6.0486355e-01
  -1.6931667e-01
   2.8251415e-01
   7.0318315e-01
   1.0489288e+00
   1.2851287e+00
   1.3901311e+00
   1.3569070e+00
   1.1925332e+00
   9.1601662e-01
   5.5524469e-01
   1.4382563e-01
  -2.8169533e-01
  -6.8414804e-01
  -1.0278195e+00
  -1.2806817e+00
  -1.4170201e+00
  -1.4203892e+00
  -1.2864350e+00
  -1.0248442e+00
  -6.5965134e-01
  -2.2740190e-01
   2.2683482e-01
   6.5504492e-01
   1.0124365e+00
   1.2630185e+00
   1.3835818e+00
   1.3655106e+00
   1.2144234e+00
   9.4813739e-01
   5.9372984e-01
   1.8444585e-01
  -2.4306740e-01
  -6.5110822e-01
  -1.0030865e+00
  -1.2658733e+00
  -1.4125711e+00
  -1.4256126e+00
  -1.2997078e+00
  -1.0438836e+00
  -6.8183941e-01
  -2.5011489e-01
   2.0593274e-01
   6.3777258e-01
   9.9995000e-01
   1.2557563e+00
   1.3812968e+00
   1.3673808e+00
   1.2192224e+00
   9.5444532e-01
   6.0015804e-01
   1.8984814e-01
  -2.3942510e-01
  -6.4944479e-01
  -1.0030865e+00
  -1.2667576e+00
  -1.4132490e+00
  -1.4248939e+00
  -1.2965398e+00
  -1.0375756e+00
  -6.7223561e-01
  -2.3768575e-01
   2.2009629e-01
   6.5206399e-01
   1.0124365e+00
   1.2644270e+00
   1.3843377e+00
   1.3634409e+00
   1.2076399e+00
   9.3540597e-01
   5.7476465e-01
   1.6008893e-01
  -2.7081455e-01
  -6.7922045e-01
  -1.0278195e+00
  -1.2832143e+00
  -1.4187888e+00
  -1.4178372e+00
  -1.2764577e+00
  -1.0054549e+00
  -6.3048762e-01
  -1.8998472e-01
   2.6913765e-01
   6.9735040e-01
   1.0489288e+00
   1.2877031e+00
   1.3911111e+00
   1.3519779e+00
   1.1780275e+00
   8.8963791e-01
   5.1663253e-01
   9.4881488e-02
  -3.3678088e-01
  -7.3920179e-01
  -1.0753227e+00
  -1.3126890e+00
  -1.4262627e+00
  -1.4014229e+00
  -1.2366665e+00
  -9.4527043e-01
  -5.5517471e-01
  -1.0663915e-01
   3.5226081e-01
   7.7166450e-01
   1.1064124e+00
   1.3217680e+00
   1.3973465e+00
   1.3286870e+00
   1.1264957e+00
   8.1410047e-01
   4.2393834e-01
  -6.1193882e-03
  -4.3607243e-01
  -8.2658407e-01
  -1.1414486e+00
  -1.3500549e+00
  -1.4300498e+00
  -1.3700971e+00
  -1.1722612e+00
  -8.5330732e-01
  -4.4421331e-01
   1.2513035e-02
   4.6760506e-01
   8.7122936e-01
   1.1795061e+00
   1.3601299e+00
   1.3960718e+00
   1.2868217e+00
   1.0472342e+00
   7.0455963e-01
   2.9452409e-01
  -1.4269452e-01
  -5.6602934e-01
  -9.3645645e-01
  -1.2194677e+00
  -1.3874011e+00
  -1.4218415e+00
  -1.3160054e+00
  -1.0766748e+00
  -7.2501204e-01
  -2.9560216e-01
   1.6663175e-01
   6.1148830e-01
   9.8981784e-01
   1.2600105e+00
   1.3934142e+00
   1.3776813e+00
   1.2175417e+00
   9.3311384e-01
   5.5639079e-01
   1.2682343e-01
  -3.1310356e-01
  -7.2169629e-01
  -1.0610804e+00
  -1.2995941e+00
  -1.4138658e+00
  -1.3908101e+00
  -1.2294904e+00
  -9.4246293e-01
  -5.5599032e-01
  -1.0853514e-01
   3.5276122e-01
   7.7741085e-01
   1.1179832e+00
   1.3364542e+00
   1.4092830e+00
   1.3302488e+00
   1.1105982e+00
   7.7668190e-01
   3.6578764e-01
  -7.8838595e-02
  -5.1283040e-01
  -8.9474815e-01
  -1.1891157e+00
  -1.3686033e+00
  -1.4156964e+00
  -1.3241174e+00
  -1.1000067e+00
  -7.6253888e-01
  -3.4343897e-01
   1.1511912e-01
   5.6445989e-01
   9.5494492e-01
   1.2423342e+00
   1.3938423e+00
   1.3926971e+00
   1.2402878e+00
   9.5552299e-01
   5.7166338e-01
   1.3142122e-01
  -3.1860347e-01
  -7.3313573e-01
  -1.0723984e+00
  -1.3050110e+00
  -1.4097835e+00
  -1.3767807e+00
  -1.2079834e+00
  -9.1762371e-01
  -5.3195791e-01
  -8.8024862e-02
   3.6904458e-01
   7.9032937e-01
   1.1287323e+00
   1.3451221e+00
   1.4138916e+00
   1.3267893e+00
   1.0941833e+00
   7.4347618e-01
   3.1503308e-01
  -1.4348419e-01
  -5.8322620e-01
  -9.5963464e-01
  -1.2365732e+00
  -1.3888795e+00
  -1.4035418e+00
  -1.2799360e+00
  -1.0295316e+00
  -6.7523974e-01
  -2.5026621e-01
   2.0388581e-01
   6.4061609e-01
   1.0127333e+00
   1.2779385e+00
   1.4045070e+00
   1.3761003e+00
   1.1946379e+00
   8.8049118e-01
   4.6983074e-01
   9.6074041e-03
  -4.4883745e-01
  -8.5630149e-01
  -1.1712712e+00
  -1.3637650e+00
  -1.4172687e+00
  -1.3290284e+00
  -1.1092271e+00
  -7.7956299e-01
  -3.7151488e-01
   7.5727805e-02
   5.1792820e-01
   9.0933773e-01
   1.2071642e+00
   1.3766401e+00
   1.3959484e+00
   1.2600105e+00
   9.8217295e-01
   5.9318033e-01
   1.3739929e-01
  -3.3310287e-01
  -7.6552763e-01
  -1.1130669e+00
  -1.3402336e+00
  -1.4260972e+00
  -1.3652838e+00
  -1.1671072e+00
  -8.5347603e-01
  -4.5622646e-01
  -1.4298002e-02
   4.2915736e-01
   8.2990044e-01
   1.1461905e+00
   1.3428790e+00
   1.3957097e+00
   1.2951591e+00
   1.0489288e+00
   6.8226630e-01
   2.3564601e-01
  -2.4007945e-01
  -6.9033514e-01
  -1.0641041e+00
  -1.3204983e+00
  -1.4334902e+00
  -1.3941631e+00
  -1.2104451e+00
  -9.0482725e-01
  -5.1086103e-01
  -6.9234758e-02
   3.7602131e-01
   7.8100614e-01
   1.1051986e+00
   1.3146947e+00
   1.3855099e+00
   1.3067213e+00
   1.0829002e+00
   7.3509598e-01
   2.9970608e-01
  -1.7507386e-01
  -6.3497381e-01
  -1.0267214e+00
  -1.3052280e+00
  -1.4395610e+00
  -1.4166315e+00
  -1.2420690e+00
  -9.3839570e-01
  -5.4116904e-01
  -9.4058684e-02
   3.5619041e-01
   7.6423773e-01
   1.0898003e+00
   1.3005591e+00
   1.3745580e+00
   1.3022562e+00
   1.0881394e+00
   7.5149681e-01
   3.2580356e-01
  -1.4378318e-01
  -6.0496710e-01
  -1.0045331e+00
  -1.2953577e+00
  -1.4429744e+00
  -1.4304275e+00
  -1.2604637e+00
  -9.5469366e-01
  -5.5002550e-01
  -9.3228213e-02
   3.6523393e-01
   7.7700863e-01
   1.1005481e+00
   1.3043919e+00
   1.3691573e+00
   1.2885700e+00
   1.0698408e+00
   7.3346661e-01
   3.1226075e-01
  -1.5076340e-01
  -6.0597748e-01
  -1.0022223e+00
  -1.2929612e+00
  -1.4426134e+00
  -1.4318995e+00
  -1.2610596e+00
  -9.5017230e-01
  -5.3641165e-01
  -6.8756465e-02
   3.9879758e-01
   8.1423077e-01
   1.1335160e+00
   1.3248779e+00
   1.3710438e+00
   1.2697150e+00
   1.0327514e+00
   6.8457491e-01
   2.6008113e-01
  -1.9793064e-01
  -6.4200742e-01
  -1.0241668e+00
  -1.3008586e+00
  -1.4383379e+00
  -1.4176380e+00
  -1.2381171e+00
  -9.1863431e-01
  -4.9580824e-01
  -1.9425620e-02
   4.5427703e-01
   8.7024424e-01
   1.1817551e+00
   1.3558968e+00
   1.3766335e+00
   1.2453503e+00
   9.7928527e-01
   6.0856757e-01
   1.7259866e-01
  -2.8370933e-01
  -7.1364583e-01
  -1.0724321e+00
  -1.3211057e+00
  -1.4305406e+00
  -1.3852717e+00
  -1.1864767e+00
  -8.5330171e-01
  -4.2183521e-01
   5.8574508e-02
   5.3136641e-01
   9.4028752e-01
   1.2370764e+00
   1.3879075e+00
   1.3774675e+00
   1.2100940e+00
   9.0806806e-01
   5.0772441e-01
   5.4355983e-02
  -4.0311438e-01
  -8.1698926e-01
  -1.1448637e+00
  -1.3529275e+00
  -1.4186808e+00
  -1.3331657e+00
  -1.1025762e+00
  -7.4883656e-01
  -3.0860426e-01
   1.6974265e-01
   6.3120745e-01
   1.0209099e+00
   1.2914769e+00
   1.4097835e+00
   1.3617422e+00
   1.1541935e+00
   8.1357068e-01
   3.8171185e-01
  -9.0240562e-02
  -5.4862349e-01
  -9.4355701e-01
  -1.2339504e+00
  -1.3908751e+00
  -1.3994020e+00
  -1.2592387e+00
  -9.8449764e-01
  -6.0272682e-01
  -1.5308045e-01
   3.1664518e-01
   7.5432514e-01
   1.1090889e+00
   1.3376535e+00
   1.4104632e+00
   1.3164657e+00
   1.0654356e+00
   6.8717739e-01
   2.2758536e-01
  -2.5777050e-01
  -7.1133302e-01
  -1.0811100e+00
  -1.3268346e+00
  -1.4239293e+00
  -1.3650529e+00
  -1.1595294e+00
  -8.3126519e-01
  -4.1578594e-01
   4.3166828e-02
   4.9732832e-01
   8.9795366e-01
   1.2002978e+00
   1.3684251e+00
   1.3799058e+00
   1.2296344e+00
   9.3185235e-01
   5.1960056e-01
   4.1257370e-02
  -4.4555106e-01
  -8.8174760e-01
  -1.2149442e+00
  -1.4064564e+00
  -1.4359925e+00
  -1.3033778e+00
  -1.0273458e+00
  -6.4200742e-01
  -1.9194068e-01
   2.7314611e-01
   7.0346765e-01
   1.0535898e+00
   1.2862056e+00
   1.3753690e+00
   1.3092119e+00
   1.0919332e+00
   7.4459440e-01
   3.0414852e-01
  -1.7973239e-01
  -6.5006792e-01
  -1.0497017e+00
  -1.3291056e+00
  -1.4534821e+00
  -1.4078070e+00
  -1.1988358e+00
  -8.5373905e-01
  -4.1575338e-01
   6.2177200e-02
   5.2450279e-01
   9.1970284e-01
   1.2055947e+00
   1.3529398e+00
   1.3474103e+00
   1.1902263e+00
   8.9778293e-01
   5.0040153e-01
   4.0111384e-02
  -4.3276680e-01
  -8.6438380e-01
  -1.2033171e+00
  -1.4071291e+00
  -1.4485335e+00
  -1.3199760e+00
  -1.0355581e+00
  -6.2968326e-01
  -1.5248269e-01
   3.3721886e-01
   7.8010606e-01
   1.1242594e+00
   1.3314203e+00
   1.3808131e+00
   1.2703156e+00
   1.0153203e+00
   6.4595030e-01
   2.0334127e-01
  -2.6448906e-01
  -7.0694650e-01
  -1.0753227e+00
  -1.3274344e+00
  -1.4322915e+00
  -1.3743408e+00
  -1.1565529e+00
  -8.0150644e-01
  -3.4980363e-01
   1.4439354e-01
   6.2028247e-01
   1.0187518e+00
   1.2906763e+00
   1.4036703e+00
   1.3461216e+00
   1.1279399e+00
   7.7816896e-01
   3.4021585e-01
  -1.3421189e-01
  -5.9137009e-01
  -9.8112152e-01
  -1.2615417e+00
  -1.4024282e+00
  -1.3878377e+00
  -1.2177376e+00
  -9.0866517e-01
  -4.9307177e-01
  -1.6943478e-02
   4.6456203e-01
   8.9334040e-01
   1.2157879e+00
   1.3903558e+00
   1.3938423e+00
   1.2251464e+00
   9.0565273e-01
   4.7610815e-01
  -9.4023860e-03
  -4.9119801e-01
  -9.1201847e-01
  -1.2239892e+00
  -1.3936274e+00
  -1.4045422e+00
  -1.2579874e+00
  -9.7173376e-01
  -5.7777276e-01
  -1.1920388e-01
   3.5357405e-01
   7.8740276e-01
   1.1316355e+00
   1.3439002e+00
   1.3957583e+00
   1.2773439e+00
   9.9995000e-01
   5.9571753e-01
   1.1407780e-01
  -3.8472043e-01
  -8.3799093e-01
  -1.1894257e+00
  -1.3967692e+00
  -1.4370595e+00
  -1.3087275e+00
  -1.0305486e+00
  -6.3804582e-01
  -1.7830194e-01
   2.9582956e-01
   7.3134570e-01
   1.0801287e+00
   1.3032777e+00
   1.3747533e+00
   1.2842795e+00
   1.0392358e+00
   6.6506370e-01
   2.0365182e-01
  -2.9064271e-01
  -7.5724628e-01
  -1.1372321e+00
  -1.3816110e+00
  -1.4585774e+00
  -1.3583136e+00
  -1.0943955e+00
  -7.0154775e-01
  -2.3025940e-01
   2.6061868e-01
   7.1188326e-01
   1.0712617e+00
   1.2990185e+00
   1.3714624e+00
   1.2824137e+00
   1.0429830e+00
   6.8005966e-01
   2.3376576e-01
  -2.4607347e-01
  -7.0450490e-01
  -1.0870522e+00
  -1.3460538e+00
  -1.4470510e+00
  -1.3742060e+00
  -1.1336141e+00
  -7.5357745e-01
  -2.8142773e-01
   2.2280166e-01
   6.9484590e-01
   1.0753227e+00
   1.3178638e+00
   1.3949109e+00
   1.3003975e+00
   1.0492427e+00
   6.7419469e-01
   2.2092856e-01
  -2.5764094e-01
  -7.0707386e-01
  -1.0767113e+00
  -1.3244153e+00
  -1.4206982e+00
  -1.3521111e+00
  -1.1235546e+00
  -7.5897342e-01
  -2.9986459e-01
   1.9875251e-01
   6.7479279e-01
   1.0672821e+00
   1.3250113e+00
   1.4141359e+00
   1.3232695e+00
   1.0650785e+00
   6.7410785e-01
   2.0134975e-01
  -2.9330692e-01
  -7.4930609e-01
  -1.1129653e+00
  -1.3433404e+00
  -1.4159540e+00
  -1.3244153e+00
  -1.0802555e+00
  -7.1136529e-01
  -2.5928915e-01
   2.2455205e-01
   6.8373757e-01
   1.0627560e+00
   1.3135961e+00
   1.4022847e+00
   1.3143158e+00
   1.0578210e+00
   6.6356483e-01
   1.8139122e-01
  -3.2651723e-01
  -7.9449167e-01
  -1.1627778e+00
  -1.3858106e+00
  -1.4379819e+00
  -1.3161251e+00
  -1.0386638e+00
  -6.4200742e-01
  -1.7515661e-01
   3.0646084e-01
   7.4710231e-01
   1.0962813e+00
   1.3135968e+00
   1.3727519e+00
   1.2646303e+00
   9.9911606e-01
   6.0516879e-01
   1.2865900e-01
  -3.7230094e-01
  -8.3432294e-01
  -1.1972173e+00
  -1.4126737e+00
  -1.4515958e+00
  -1.3086583e+00
  -1.0031583e+00
  -5.7598480e-01
  -8.3335541e-02
   4.1156671e-01
   8.4721500e-01
   1.1715769e+00
   1.3478490e+00
   1.3577548e+00
   1.2024581e+00
   9.0149747e-01
   4.9023214e-01
   1.6170778e-02
  -4.6562492e-01
  -8.9798101e-01
  -1.2277465e+00
  -1.4122244e+00
  -1.4251620e+00
  -1.2612944e+00
  -9.3838842e-01
  -4.9600759e-01
   9.2146929e-03
   5.1127301e-01
   9.4424449e-01
   1.2518435e+00
   1.3953677e+00
   1.3586850e+00
   1.1495792e+00
   7.9754116e-01
   3.4876251e-01
  -1.4053199e-01
  -6.1122641e-01
  -1.0079847e+00
  -1.2848827e+00
  -1.4097835e+00
  -1.3674273e+00
  -1.1612063e+00
  -8.1345629e-01
  -3.6396049e-01
   1.3363713e-01
   6.1758434e-01
   1.0255812e+00
   1.3032620e+00
   1.4122737e+00
   1.3364542e+00
   1.0848117e+00
   6.9057351e-01
   2.0635862e-01
  -3.0366082e-01
  -7.7314675e-01
  -1.1428380e+00
  -1.3681342e+00
  -1.4240128e+00
  -1.3069234e+00
  -1.0339019e+00
  -6.3953031e-01
  -1.7147208e-01
   3.1480396e-01
   7.6171790e-01
   1.1154615e+00
   1.3318487e+00
   1.3817497e+00
   1.2554764e+00
   9.6529681e-01
   5.4527085e-01
   4.7906450e-02
  -4.6230187e-01
  -9.1769375e-01
  -1.2572459e+00
  -1.4356359e+00
  -1.4299029e+00
  -1.2425089e+00
  -9.0035589e-01
  -4.5014430e-01
   4.8859542e-02
   5.3322163e-01
   9.4349245e-01
   1.2310314e+00
   1.3629072e+00
   1.3247355e+00
   1.1216087e+00
   7.7734398e-01
   3.3219245e-01
  -1.6097454e-01
  -6.4200742e-01
  -1.0501897e+00
  -1.3318181e+00
  -1.4477388e+00
  -1.3796105e+00
  -1.1336100e+00
  -7.4058774e-01
  -2.5229969e-01
   2.6586073e-01
   7.4443994e-01
   1.1201095e+00
   1.3446478e+00
   1.3912246e+00
   1.2571359e+00
   9.6290591e-01
   5.4835090e-01
   6.6615498e-02
  -4.2271396e-01
  -8.6049687e-01
  -1.1943195e+00
  -1.3838532e+00
  -1.4051176e+00
  -1.2534473e+00
  -9.4482523e-01
  -5.1513496e-01
  -1.6937121e-02
   4.8633588e-01
   9.2837364e-01
   1.2491936e+00
   1.4041078e+00
   1.3708130e+00
   1.1531793e+00
   7.8089865e-01
   3.0498977e-01
  -2.0999793e-01
  -6.9559949e-01
  -1.0891234e+00
  -1.3418262e+00
  -1.4244779e+00
  -1.3298706e+00
  -1.0724321e+00
  -6.8549746e-01
  -2.1693193e-01
   2.7629646e-01
   7.3417105e-01
   1.1000167e+00
   1.3269144e+00
   1.3836558e+00
   1.2595083e+00
   9.6689729e-01
   5.4116904e-01
   3.6946692e-02
  -4.7879695e-01
  -9.3610044e-01
  -1.2723264e+00
  -1.4416069e+00
  -1.4216868e+00
  -1.2169349e+00
  -8.5708649e-01
  -3.9215033e-01
   1.1538078e-01
   5.9950050e-01
   9.9934085e-01
   1.2663453e+00
   1.3693076e+00
   1.2971064e+00
   1.0592864e+00
   6.8474495e-01
   2.1872898e-01
  -2.8175070e-01
  -7.5398084e-01
  -1.1368082e+00
  -1.3784987e+00
  -1.4442069e+00
  -1.3218058e+00
  -1.0248251e+00
  -5.9160234e-01
  -8.0411638e-02
   4.3883616e-01
   8.9496823e-01
   1.2261618e+00
   1.3889009e+00
   1.3637688e+00
   1.1572812e+00
   7.9979159e-01
   3.4022410e-01
  -1.6117603e-01
  -6.4079439e-01
  -1.0392301e+00
  -1.3077968e+00
  -1.4135776e+00
  -1.3428769e+00
  -1.1029488e+00
  -7.2180618e-01
  -2.4584863e-01
   2.6486949e-01
   7.4362414e-01
   1.1256806e+00
   1.3575258e+00
   1.4051802e+00
   1.2600105e+00
   9.4076497e-01
   4.9122587e-01
  -2.6252291e-02
  -5.4019464e-01
  -9.8072204e-01
  -1.2896171e+00
  -1.4280819e+00
  -1.3811314e+00
  -1.1583201e+00
  -7.9118783e-01
  -3.2826153e-01
   1.7140190e-01
   6.4525248e-01
   1.0342204e+00
   1.2891931e+00
   1.3766455e+00
   1.2830096e+00
   1.0172319e+00
   6.1089287e-01
   1.1538078e-01
  -4.0401753e-01
  -8.7666287e-01
  -1.2366483e+00
  -1.4328054e+00
  -1.4368190e+00
  -1.2478664e+00
  -8.9283167e-01
  -4.2203009e-01
   9.8711785e-02
   5.9808994e-01
   1.0096377e+00
   1.2806247e+00
   1.3783301e+00
   1.2931369e+00
   1.0385180e+00
   6.4841656e-01
   1.7268760e-01
  -3.2876724e-01
  -7.9268267e-01
  -1.1595294e+00
  -1.3805900e+00
  -1.4243946e+00
  -1.2816826e+00
  -9.6793947e-01
  -5.2267727e-01
  -5.0458333e-03
   5.1397210e-01
   9.6177047e-01
   1.2750881e+00
   1.4097835e+00
   1.3476059e+00
   1.0987262e+00
   6.9965989e-01
   2.0713778e-01
  -3.1077318e-01
  -7.8461483e-01
  -1.1528941e+00
  -1.3695750e+00
  -1.4089875e+00
  -1.2679785e+00
  -9.6551512e-01
  -5.4010925e-01
  -4.5428656e-02
   4.5561031e-01
   8.9796609e-01
   1.2223586e+00
   1.3831839e+00
   1.3554132e+00
   1.1392583e+00
   7.6148295e-01
   2.7267639e-01
  -2.5947242e-01
  -7.6002233e-01
  -1.1581388e+00
  -1.3979481e+00
  -1.4469235e+00
  -1.3003473e+00
  -9.8122133e-01
  -5.3592025e-01
  -2.6654386e-02
   4.7774590e-01
   9.1116359e-01
   1.2183678e+00
   1.3612110e+00
   1.3224974e+00
   1.1074965e+00
   7.4320975e-01
   2.7550446e-01
  -2.3579371e-01
  -7.2367770e-01
  -1.1221902e+00
  -1.3753150e+00
  -1.4453416e+00
  -1.3192758e+00
  -1.0119346e+00
  -5.6480098e-01
  -4.0468639e-02
   4.8659317e-01
   9.4141466e-01
   1.2600105e+00
   1.3989164e+00
   1.3411605e+00
   1.0978368e+00
   7.0535107e-01
   2.1919603e-01
  -2.9440706e-01
  -7.6754920e-01
  -1.1391136e+00
  -1.3618319e+00
  -1.4074418e+00
  -1.2697357e+00
  -9.6539769e-01
  -5.3252188e-01
  -2.6716970e-02
   4.8516511e-01
   9.3332112e-01
   1.2544945e+00
   1.4013958e+00
   1.3504639e+00
   1.1064124e+00
   7.0244034e-01
   1.9575404e-01
  -3.4100578e-01
  -8.3096994e-01
  -1.2048611e+00
  -1.4113138e+00
  -1.4239650e+00
  -1.2443247e+00
  -9.0032399e-01
  -4.4121723e-01
   6.9969803e-02
   5.6510381e-01
   9.7952124e-01
   1.2596372e+00
   1.3690278e+00
   1.2926412e+00
   1.0388677e+00
   6.3918716e-01
   1.4514278e-01
  -3.7743754e-01
  -8.5667540e-01
  -1.2245126e+00
  -1.4268694e+00
  -1.4323933e+00
  -1.2381004e+00
  -8.7063097e-01
  -3.8262911e-01
   1.5527048e-01
   6.6545241e-01
   1.0753227e+00
   1.3281530e+00
   1.3909579e+00
   1.2583032e+00
   9.5181072e-01
   5.1590905e-01
   1.0904153e-02
  -4.9536683e-01
  -9.3614042e-01
  -1.2536975e+00
  -1.4060834e+00
  -1.3721364e+00
  -1.1544320e+00
  -7.7973408e-01
  -2.9658890e-01
   2.3010117e-01
   7.2726678e-01
   1.1237985e+00
   1.3612119e+00
   1.4030692e+00
   1.2413570e+00
   8.9843383e-01
   4.2396563e-01
  -1.1273950e-01
  -6.3363614e-01
  -1.0640846e+00
  -1.3440517e+00
  -1.4365011e+00
  -1.3317969e+00
  -1.0477996e+00
  -6.2612339e-01
  -1.2555920e-01
   3.8611699e-01
   8.4081031e-01
   1.1783384e+00
   1.3535668e+00
   1.3419401e+00
   1.1429342e+00
   7.8094631e-01
   3.0318952e-01
  -2.2560755e-01
  -7.3144951e-01
  -1.1414243e+00
  -1.3947086e+00
  -1.4523845e+00
  -1.3041999e+00
  -9.7083023e-01
  -5.0101289e-01
   3.6050209e-02
   5.6166244e-01
   9.9995000e-01
   1.2893111e+00
   1.3910851e+00
   1.2942202e+00
   1.0155796e+00
   5.9632388e-01
   9.5362099e-02
  -4.1891448e-01
  -8.7745572e-01
  -1.2189965e+00
  -1.3974205e+00
  -1.3874915e+00
  -1.1884416e+00
  -8.2490306e-01
  -3.4474187e-01
   1.8639458e-01
   6.9354118e-01
   1.1029982e+00
   1.3535394e+00
   1.4063564e+00
   1.2518435e+00
   9.1176973e-01
   4.3622453e-01
  -1.0423393e-01
  -6.2982110e-01
  -1.0640830e+00
  -1.3455059e+00
  -1.4362341e+00
  -1.3266632e+00
  -1.0355532e+00
  -6.0612960e-01
  -9.9203936e-02
   4.1542053e-01
   8.6804580e-01
   1.1976957e+00
   1.3595169e+00
   1.3303957e+00
   1.1122852e+00
   7.3275802e-01
   2.4239444e-01
  -2.9111914e-01
  -7.9183099e-01
  -1.1863466e+00
  -1.4150869e+00
  -1.4420711e+00
  -1.2613389e+00
  -8.9860372e-01
  -4.0760161e-01
   1.3834699e-01
   6.5805675e-01
   1.0753227e+00
   1.3305745e+00
   1.3893807e+00
   1.2465901e+00
   9.2582185e-01
   4.7485579e-01
  -4.1938953e-02
  -5.5276843e-01
  -9.8787248e-01
  -1.2882333e+00
  -1.4127753e+00
  -1.3435055e+00
  -1.0881457e+00
  -6.7986323e-01
  -1.7382445e-01
   3.5943067e-01
   8.4333024e-01
   1.2062835e+00
   1.3927751e+00
   1.3726367e+00
   1.1466713e+00
   7.4733262e-01
   2.3406407e-01
  -3.1603070e-01
  -8.2053979e-01
  -1.2048562e+00
  -1.4136845e+00
  -1.4189905e+00
  -1.2232585e+00
  -8.5788707e-01
  -3.7743754e-01
   1.4896256e-01
   6.4753724e-01
   1.0496872e+00
   1.3006159e+00
   1.3659984e+00
   1.2362082e+00
   9.2777360e-01
   4.8183415e-01
  -4.0498439e-02
  -5.6569834e-01
  -1.0176956e+00
  -1.3289206e+00
  -1.4509105e+00
  -1.3626283e+00
  -1.0747959e+00
  -6.2912625e-01
  -9.2270460e-02
   4.5463488e-01
   9.2899893e-01
   1.2600105e+00
   1.3996753e+00
   1.3297646e+00
   1.0636771e+00
   6.4324733e-01
   1.3144675e-01
  -3.9749174e-01
  -8.6880842e-01
  -1.2172697e+00
  -1.3953895e+00
  -1.3791098e+00
  -1.1705854e+00
  -7.9794878e-01
  -3.1206185e-01
   2.1958984e-01
   7.2146649e-01
   1.1202393e+00
   1.3555403e+00
   1.3896086e+00
   1.2141085e+00
   8.5262850e-01
   3.5801113e-01
  -1.9538736e-01
  -7.2336479e-01
  -1.1454534e+00
  -1.3979400e+00
  -1.4439435e+00
  -1.2787878e+00
  -9.2989694e-01
  -4.5153477e-01
   8.4360439e-02
   5.9943279e-01
   1.0203306e+00
   1.2886407e+00
   1.3681924e+00
   1.2491445e+00
   9.4872607e-01
   5.0879559e-01
  -9.4506030e-03
  -5.3316662e-01
  -9.8730564e-01
  -1.3049186e+00
  -1.4370692e+00
  -1.3608820e+00
  -1.0842185e+00
  -6.4579657e-01
  -1.1025375e-01
   4.4140746e-01
   9.2456652e-01
   1.2647334e+00
   1.4097835e+00
   1.3383972e+00
   1.0631746e+00
   6.2798237e-01
   1.0023200e-01
  -4.4028833e-01
  -9.1391125e-01
  -1.2527954e+00
  -1.4101335e+00
  -1.3658157e+00
  -1.1281953e+00
  -7.3216149e-01
  -2.3407424e-01
   2.9572137e-01
   7.8201668e-01
   1.1546383e+00
   1.3581318e+00
   1.3600697e+00
   1.1567213e+00
   7.7491888e-01
   2.6934660e-01
  -2.8482623e-01
  -8.0315620e-01
  -1.2052943e+00
  -1.4282089e+00
  -1.4368077e+00
  -1.2299026e+00
  -8.4034960e-01
  -3.2936035e-01
   2.2385572e-01
   7.3509598e-01
   1.1284121e+00
   1.3473547e+00
   1.3625669e+00
   1.1749088e+00
   8.1413065e-01
   3.3375525e-01
  -1.9680182e-01
  -7.0173313e-01
  -1.1088685e+00
  -1.3592252e+00
  -1.4151230e+00
  -1.2659190e+00
  -9.3047104e-01
  -4.5563112e-01
   8.9501153e-02
   6.2318377e-01
   1.0633356e+00
   1.3406678e+00
   1.4103559e+00
   1.2600105e+00
   9.1227682e-01
   4.2139344e-01
  -1.3575016e-01
  -6.7240286e-01
  -1.1061851e+00
  -1.3721635e+00
  -1.4325319e+00
  -1.2814745e+00
  -9.4479361e-01
  -4.7484144e-01
   5.8023871e-02
   5.7590959e-01
   1.0042506e+00
   1.2817528e+00
   1.3684094e+00
   1.2508478e+00
   9.4446481e-01
   4.9198649e-01
  -4.1660184e-02
  -5.7788817e-01
  -1.0355886e+00
  -1.3434576e+00
  -1.4516171e+00
  -1.3404484e+00
  -1.0248105e+00
  -5.5253066e-01
   2.8820654e-03
   5.5416939e-01
   1.0147827e+00
   1.3131948e+00
   1.4044327e+00
   1.2768154e+00
   9.5290748e-01
   4.8485904e-01
  -5.4681523e-02
  -5.8424579e-01
  -1.0257853e+00
  -1.3156564e+00
  -1.4130090e+00
  -1.3047911e+00
  -1.0070696e+00
  -5.6272521e-01
  -3.5823547e-02
   4.9681329e-01
   9.5604982e-01
   1.2717758e+00
   1.3936808e+00
   1.2997839e+00
   1.0010905e+00
   5.4116904e-01
  -9.7601141e-03
  -5.6559542e-01
  -1.0383111e+00
  -1.3526505e+00
  -1.4588273e+00
  -1.3408297e+00
  -1.0187930e+00
  -5.4510832e-01
   4.8189422e-03
   5.4527085e-01
   9.9397980e-01
   1.2845920e+00
   1.3759663e+00
   1.2572115e+00
   9.4817240e-01
   4.9574812e-01
  -3.3143785e-02
  -5.6092787e-01
  -1.0099571e+00
  -1.3131948e+00
  -1.4238198e+00
  -1.3225372e+00
  -1.0214295e+00
  -5.6341731e-01
  -1.6919200e-02
   5.3394417e-01
   1.0023611e+00
   1.3130194e+00
   1.4149670e+00
   1.2906763e+00
   9.5944841e-01
   4.7436873e-01
  -8.6684696e-02
  -6.3427539e-01
  -1.0823663e+00
  -1.3622404e+00
  -1.4329817e+00
  -1.2869426e+00
  -9.4967904e-01
  -4.7484144e-01
   6.4736321e-02
   5.8812774e-01
   1.0179236e+00
   1.2909019e+00
   1.3665989e+00
   1.2329150e+00
   9.0813735e-01
   4.3901598e-01
  -1.0515164e-01
  -6.4200742e-01
  -1.0881904e+00
  -1.3723584e+00
  -1.4471114e+00
  -1.2976357e+00
  -9.4523535e-01
  -4.4473558e-01
   1.2410409e-01
   6.6979588e-01
   1.1045767e+00
   1.3592252e+00
   1.3944834e+00
   1.2070531e+00
   8.2927536e-01
   3.2286700e-01
  -2.3183417e-01
  -7.4899310e-01
  -1.1504825e+00
  -1.3771666e+00
  -1.3968402e+00
  -1.2080703e+00
  -8.3979529e-01
  -3.4698551e-01
   1.9701500e-01
   7.1061456e-01
   1.1154828e+00
   1.3481086e+00
   1.3698546e+00
   1.1738860e+00
   7.8755136e-01
   2.6934660e-01
  -2.9953001e-01
  -8.2797147e-01
  -1.2300604e+00
  -1.4397805e+00
  -1.4225523e+00
  -1.1813255e+00
  -7.5601941e-01
  -2.1643953e-01
   3.4989530e-01
   8.5262850e-01
   1.2133634e+00
   1.3778163e+00
   1.3234708e+00
   1.0618621e+00
   6.3561387e-01
   1.1113805e-01
  -4.3161595e-01
  -9.1081528e-01
  -1.2543098e+00
  -1.4097835e+00
  -1.3523492e+00
  -1.0886343e+00
  -6.5665414e-01
  -1.2114762e-01
   4.3538794e-01
   9.2501426e-01
   1.2683344e+00
   1.4078843e+00
   1.3184860e+00
   1.0124365e+00
   5.3825203e-01
  -2.7089687e-02
  -5.9114061e-01
  -1.0618270e+00
  -1.3631640e+00
  -1.4479050e+00
  -1.3048814e+00
  -9.5992037e-01
  -4.7052569e-01
   8.4360439e-02
   6.1745076e-01
   1.0467530e+00
   1.3076592e+00
   1.3619075e+00
   1.2024828e+00
   8.5412554e-01
   3.6960281e-01
  -1.7773392e-01
  -7.0427139e-01
  -1.1281953e+00
  -1.3818316e+00
  -1.4225531e+00
  -1.2404578e+00
  -8.6125494e-01
  -3.4340225e-01
   2.3051045e-01
   7.6701507e-01
   1.1774956e+00
   1.3935586e+00
   1.3791098e+00
   1.1367595e+00
   7.0728791e-01
   1.6230503e-01
  -4.0839527e-01
  -9.1229443e-01
  -1.2695123e+00
  -1.4253865e+00
  -1.3583217e+00
  -1.0819892e+00
  -6.4200742e-01
  -1.0807230e-01
   4.3697532e-01
   9.0946816e-01
   1.2369943e+00
   1.3688010e+00
   1.2833041e+00
   9.9173675e-01
   5.3728223e-01
  -1.0520271e-02
  -5.6569834e-01
  -1.0389664e+00
  -1.3521849e+00
  -1.4517803e+00
  -1.3186321e+00
  -9.7234612e-01
  -4.6877375e-01
   1.0907585e-01
   6.6521598e-01
   1.1073466e+00
   1.3628429e+00
   1.3910528e+00
   1.1896858e+00
   7.9432529e-01
   2.7147269e-01
  -2.9327867e-01
  -8.0960052e-01
  -1.1967771e+00
  -1.3958027e+00
  -1.3776223e+00
  -1.1466713e+00
  -7.3958399e-01
  -2.1950359e-01
   3.3316398e-01
   8.3241301e-01
   1.1993303e+00
   1.3742179e+00
   1.3264234e+00
   1.0602176e+00
   6.1542078e-01
   6.2177200e-02
  -5.0973292e-01
  -1.0055591e+00
  -1.3417908e+00
  -1.4609482e+00
  -1.3420713e+00
  -1.0047568e+00
  -5.0584738e-01
   7.0632488e-02
   6.2833033e-01
   1.0753227e+00
   1.3396183e+00
   1.3806621e+00
   1.1950395e+00
   8.1579133e-01
   3.0593093e-01
  -2.5235272e-01
  -7.7082824e-01
  -1.1686359e+00
  -1.3841508e+00
  -1.3838532e+00
  -1.1672049e+00
  -7.6696010e-01
  -2.4478084e-01
   3.1748486e-01
   8.2993905e-01
   1.2086578e+00
   1.3895517e+00
   1.3397320e+00
   1.0641791e+00
   6.0612960e-01
   4.0666622e-02
  -5.3768199e-01
  -1.0312498e+00
  -1.3564409e+00
  -1.4585455e+00
  -1.3212983e+00
  -9.6938056e-01
  -4.6352223e-01
   1.1066059e-01
   6.5779007e-01
   1.0889045e+00
   1.3358190e+00
   1.3613924e+00
   1.1643612e+00
   7.7842991e-01
   2.6619713e-01
  -2.9086934e-01
  -8.0484965e-01
  -1.1944988e+00
  -1.3974205e+00
  -1.3797313e+00
  -1.1418496e+00
  -7.1937607e-01
  -1.7856384e-01
   3.9337606e-01
   9.0198995e-01
   1.2612951e+00
   1.4088343e+00
   1.3172457e+00
   9.9995000e-01
   5.0957177e-01
  -7.0883292e-02
  -6.4257427e-01
  -1.1083593e+00
  -1.3899464e+00
  -1.4413955e+00
  -1.2565179e+00
  -8.6902162e-01
  -3.4571902e-01
   2.2560755e-01
   7.5124924e-01
   1.1468234e+00
   1.3502980e+00
   1.3309832e+00
   1.0934883e+00
   6.7641724e-01
   1.4623345e-01
  -4.1278249e-01
  -9.1117818e-01
  -1.2679785e+00
  -1.4235190e+00
  -1.3495576e+00
  -1.0549043e+00
  -5.8527680e-01
  -1.6907944e-02
   5.5548285e-01
   1.0345885e+00
   1.3375712e+00
   1.4110961e+00
   1.2413570e+00
   8.5698221e-01
   3.2411050e-01
  -2.6547780e-01
  -8.1085891e-01
  -1.2198717e+00
  -1.4250202e+00
  -1.3945070e+00
  -1.1366374e+00
  -6.9720403e-01
  -1.5076340e-01
   4.1231711e-01
   9.0067446e-01
   1.2362465e+00
   1.3660199e+00
   1.2697557e+00
   9.6283082e-01
   4.9393204e-01
  -6.2107610e-02
  -6.1549654e-01
  -1.0753227e+00
  -1.3641701e+00
  -1.4312893e+00
  -1.2620324e+00
  -8.8161386e-01
  -3.5207294e-01
   2.3750138e-01
   7.8607268e-01
   1.1984813e+00
   1.4026562e+00
   1.3628429e+00
   1.0861922e+00
   6.2137935e-01
   4.9561113e-02
  -5.3047231e-01
  -1.0199806e+00
  -1.3373977e+00
  -1.4318082e+00
  -1.2905973e+00
  -9.4033396e-01
  -4.4121723e-01
   1.2356025e-01
   6.6153912e-01
   1.0855969e+00
   1.3273301e+00
   1.3474496e+00
   1.1418668e+00
   7.4265129e-01
   2.1360078e-01
  -3.5919624e-01
  -8.8071089e-01
  -1.2624256e+00
  -1.4374969e+00
  -1.3729820e+00
  -1.0767046e+00
  -5.9710568e-01
  -1.5661490e-02
   5.6707367e-01
   1.0493622e+00
   1.3467416e+00
   1.4074418e+00
   1.2217181e+00
   8.2330452e-01
   2.8281874e-01
  -3.0542011e-01
  -8.4045366e-01
  -1.2323145e+00
  -1.4170313e+00
  -1.3665551e+00
  -1.0922756e+00
  -6.4200742e-01
  -9.1376942e-02
   4.6873142e-01
   9.4663918e-01
   1.2641558e+00
   1.3687412e+00
   1.2419098e+00
   9.0264966e-01
   4.0517334e-01
  -1.6898462e-01
  -7.2367770e-01
  -1.1639395e+00
  -1.4123836e+00
  -1.4233276e+00
  -1.1918733e+00
  -7.5590341e-01
  -1.9021394e-01
   4.0643644e-01
   9.2906935e-01
   1.2856460e+00
   1.4138916e+00
   1.2924838e+00
   9.4448275e-01
   4.3250094e-01
  -1.5321649e-01
  -7.1128977e-01
  -1.1470436e+00
  -1.3884376e+00
  -1.3974589e+00
  -1.1753837e+00
  -7.6148295e-01
  -2.2581132e-01
   3.4249381e-01
   8.4950558e-01
   1.2113112e+00
   1.3672779e+00
   1.2899327e+00
   9.8996005e-01
   5.1535406e-01
  -5.5499719e-02
  -6.2612339e-01
  -1.0979507e+00
  -1.3874976e+00
  -1.4416543e+00
  -1.2481083e+00
  -8.3861365e-01
  -2.8410751e-01
   3.1770024e-01
   8.6004408e-01
   1.2467257e+00
   1.4097835e+00
   1.3217415e+00
   1.0001187e+00
   5.0351181e-01
  -7.9725606e-02
  -6.4778325e-01
  -1.1034478e+00
  -1.3706021e+00
  -1.4064228e+00
  -1.2075295e+00
  -8.0950080e-01
  -2.8025248e-01
   2.9138826e-01
   8.1005084e-01
   1.1890171e+00
   1.3641072e+00
   1.3042761e+00
   1.0172819e+00
   5.4933479e-01
  -2.1586485e-02
  -5.9808994e-01
  -1.0796911e+00
  -1.3804767e+00
  -1.4449510e+00
  -1.2589525e+00
  -8.5325441e-01
  -2.9879135e-01
   3.0586963e-01
   8.5255011e-01
   1.2434901e+00
   1.4094280e+00
   1.3221670e+00
   9.9924146e-01
   4.9996421e-01
  -8.6107123e-02
  -6.5580622e-01
  -1.1107919e+00
  -1.3743813e+00
  -1.4039574e+00
  -1.1971497e+00
  -7.9118783e-01
  -2.5595117e-01
   3.1789271e-01
   8.3370672e-01
   1.2044492e+00
   1.3667583e+00
   1.2915178e+00
   9.8924868e-01
   5.0927079e-01
  -6.7595088e-02
  -6.4200742e-01
  -1.1129277e+00
  -1.3955483e+00
  -1.4370852e+00
  -1.2273064e+00
  -8.0146038e-01
  -2.3466086e-01
   3.7149403e-01
   9.0763232e-01
   1.2770142e+00
   1.4135776e+00
   1.2940416e+00
   9.4174451e-01
   4.2164230e-01
  -1.7230512e-01
  -7.3467310e-01
  -1.1675513e+00
  -1.3974447e+00
  -1.3872357e+00
  -1.1414693e+00
  -7.0450490e-01
  -1.5226814e-01
   4.2077074e-01
   9.1722014e-01
   1.2526181e+00
   1.3692088e+00
   1.2456348e+00
   9.0102177e-01
   3.9261561e-01
  -1.9298894e-01
  -7.5398084e-01
  -1.1907603e+00
  -1.4237843e+00
  -1.4085720e+00
  -1.1448528e+00
  -6.7774584e-01
  -9.0337751e-02
   5.1123538e-01
   1.0174661e+00
   1.3360778e+00
   1.4094280e+00
   1.2252178e+00
   8.1841691e-01
   2.6416332e-01
  -3.3675146e-01
  -8.7677084e-01
  -1.2610856e+00
  -1.4241312e+00
  -1.3402591e+00
  -1.0270520e+00
  -5.4116904e-01
   3.2139666e-02
   5.9381725e-01
   1.0475817e+00
   1.3157379e+00
   1.3518986e+00
   1.1487651e+00
   7.3976232e-01
   1.9411451e-01
  -3.9414733e-01
  -9.2178600e-01
  -1.2942152e+00
  -1.4426255e+00
  -1.3372167e+00
  -9.9380531e-01
  -4.7213553e-01
   1.3422992e-01
   7.1483713e-01
   1.1629652e+00
   1.3959078e+00
   1.3708130e+00
   1.0928391e+00
   6.1397734e-01
   2.2855480e-02
  -5.7230305e-01
  -1.0640482e+00
  -1.3653597e+00
  -1.4248974e+00
  -1.2352343e+00
  -8.3296179e-01
  -2.9111914e-01
   2.9429927e-01
   8.2117640e-01
   1.1985576e+00
   1.3616690e+00
   1.2824630e+00
   9.7420443e-01
   4.8944881e-01
  -8.8357426e-02
  -6.5853147e-01
  -1.1201095e+00
  -1.3894777e+00
  -1.4156980e+00
  -1.1906539e+00
  -7.5181610e-01
  -1.7663376e-01
   4.3086289e-01
   9.5903388e-01
   1.3096543e+00
   1.4168437e+00
   1.2600105e+00
   8.6806555e-01
   3.1395523e-01
  -2.9939532e-01
  -8.5883921e-01
  -1.2624334e+00
  -1.4382696e+00
  -1.3571372e+00
  -1.0368504e+00
  -5.3782037e-01
   4.8859542e-02
   6.1827028e-01
   1.0702575e+00
   1.3265270e+00
   1.3435325e+00
   1.1193068e+00
   6.9339859e-01
   1.4009338e-01
  -4.4399371e-01
  -9.5609329e-01
  -1.3047911e+00
  -1.4261135e+00
  -1.2954520e+00
  -9.3303730e-01
  -4.0158657e-01
   2.0394619e-01
   7.7307883e-01
   1.2001262e+00
   1.4043386e+00
   1.3458279e+00
   1.0339019e+00
   5.2587906e-01
  -8.3589440e-02
  -6.8064273e-01
  -1.1541228e+00
  -1.4168208e+00
  -1.4217924e+00
  -1.1705972e+00
  -7.1207926e-01
  -1.3227225e-01
   4.6226637e-01
   9.6426597e-01
   1.2849276e+00
   1.3691179e+00
   1.2041765e+00
   8.2120683e-01
   2.8900658e-01
  -2.9809638e-01
  -8.3642378e-01
  -1.2305764e+00
  -1.4097835e+00
  -1.3403913e+00
  -1.0323760e+00
  -5.3855396e-01
   5.3755794e-02
   6.3758888e-01
   1.1054122e+00
   1.3691097e+00
   1.3770961e+00
   1.1250469e+00
   6.5779007e-01
   6.1595629e-02
  -5.5190817e-01
  -1.0671318e+00
  -1.3869464e+00
  -1.4515429e+00
  -1.2498662e+00
  -8.2134896e-01
  -2.4774331e-01
   3.6308834e-01
   8.9798101e-01
   1.2596612e+00
   1.3842715e+00
   1.2521352e+00
   8.9015159e-01
   3.6585277e-01
  -2.2539890e-01
  -7.7756466e-01
  -1.1924198e+00
  -1.3963621e+00
  -1.3529275e+00
  -1.0691017e+00
  -5.9442394e-01
  -1.2902900e-02
   5.7115862e-01
   1.0513097e+00
   1.3381314e+00
   1.3760819e+00
   1.1547639e+00
   7.1214755e-01
   1.2865900e-01
  -4.8718734e-01
  -1.0191391e+00
  -1.3656560e+00
  -1.4599368e+00
  -1.2833371e+00
  -8.6929019e-01
  -2.9682780e-01
   3.2498258e-01
   8.7843862e-01
   1.2600105e+00
   1.3999385e+00
   1.2748254e+00
   9.1101796e-01
   3.7851651e-01
  -2.2298990e-01
  -7.8299128e-01
  -1.2002752e+00
  -1.4007045e+00
  -1.3497342e+00
  -1.0578210e+00
  -5.7810487e-01
   3.0556053e-03
   5.8108655e-01
   1.0513443e+00
   1.3275184e+00
   1.3572701e+00
   1.1323530e+00
   6.9119044e-01
   1.1303376e-01
  -4.9570560e-01
  -1.0208145e+00
  -1.3618922e+00
  -1.4520597e+00
  -1.2717090e+00
  -8.5323724e-01
  -2.7547706e-01
   3.5131601e-01
   9.0699357e-01
   1.2851735e+00
   1.4141359e+00
   1.2706561e+00
   8.8402494e-01
   3.2962765e-01
  -2.8634929e-01
  -8.4776034e-01
  -1.2506102e+00
  -1.4221422e+00
  -1.3334706e+00
  -1.0037704e+00
  -4.9570560e-01
   9.6666256e-02
   6.6510430e-01
   1.1064361e+00
   1.3406317e+00
   1.3247925e+00
   1.0608204e+00
   5.9547414e-01
   1.2650727e-02
  -5.8105946e-01
  -1.0753227e+00
  -1.3763609e+00
  -1.4249457e+00
  -1.2085617e+00
  -7.6505987e-01
  -1.7662178e-01
   4.4523969e-01
   9.8099001e-01
   1.3265526e+00
   1.4141589e+00
   1.2261618e+00
   7.9880824e-01
   2.1509319e-01
  -4.1183287e-01
  -9.6120629e-01
  -1.3284229e+00
  -1.4451711e+00
  -1.2919705e+00
  -9.0088524e-01
  -3.4826971e-01
   2.6061868e-01
   8.1185731e-01
   1.2039815e+00
   1.3661498e+00
   1.2703016e+00
   9.3548124e-01
   4.2388762e-01
  -1.7046349e-01
  -7.3847879e-01
  -1.1753562e+00
  -1.3994020e+00
  -1.3671230e+00
  -1.0818809e+00
  -5.9431354e-01
   5.9578120e-03
   6.0625535e-01
   1.0917889e+00
   1.3678029e+00
   1.3785803e+00
   1.1193056e+00
   6.3804582e-01
   2.7067569e-02
  -5.9502391e-01
  -1.1067995e+00
  -1.4083273e+00
  -1.4411998e+00
  -1.2000657e+00
  -7.3331201e-01
  -1.3289941e-01
   4.8434499e-01
   9.9995000e-01
   1.3167372e+00
   1.3769567e+00
   1.1723102e+00
   7.4432639e-01
   1.7548291e-01
  -4.2686026e-01
  -9.5051744e-01
  -1.2988540e+00
  -1.4079848e+00
  -1.2579874e+00
  -8.7636517e-01
  -3.3323467e-01
   2.7100838e-01
   8.2358769e-01
   1.2198772e+00
   1.3830294e+00
   1.2790907e+00
   9.2455568e-01
   3.8451327e-01
  -2.3875461e-01
  -8.2493799e-01
  -1.2591147e+00
  -1.4547866e+00
  -1.3717314e+00
  -1.0247635e+00
  -4.8132370e-01
   1.5179886e-01
   7.4993118e-01
   1.1956705e+00
   1.4024282e+00
   1.3314561e+00
   9.9893453e-01
   4.7189701e-01
  -1.4585081e-01
  -7.3464901e-01
  -1.1823434e+00
  -1.4054580e+00
  -1.3642572e+00
  -1.0691823e+00
  -5.7788817e-01
   1.6180076e-02
   6.0134337e-01
   1.0681592e+00
   1.3292590e+00
   1.3352059e+00
   1.0836933e+00
   6.2044007e-01
   3.1442065e-02
  -5.7232998e-01
  -1.0753227e+00
  -1.3793356e+00
  -1.4229071e+00
  -1.1942450e+00
  -7.3480373e-01
  -1.3232245e-01
   4.9572635e-01
   1.0252315e+00
   1.3504675e+00
   1.4058171e+00
   1.1795061e+00
   7.1629726e-01
   1.0846771e-01
  -5.2304441e-01
  -1.0532926e+00
  -1.3785278e+00
  -1.4366920e+00
  -1.2190798e+00
  -7.7105246e-01
  -1.8203965e-01
   4.3276680e-01
   9.5510829e-01
   1.2862060e+00
   1.3649378e+00
   1.1785013e+00
   7.6395556e-01
   2.0070867e-01
  -4.0446665e-01
  -9.3714556e-01
  -1.2962571e+00
  -1.4127753e+00
  -1.2628318e+00
  -8.7282442e-01
  -3.1535294e-01
   3.0363198e-01
   8.6445470e-01
   1.2566771e+00
   1.4010602e+00
   1.2660794e+00
   8.7536836e-01
   3.0414852e-01
  -3.3505372e-01
  -9.1476318e-01
  -1.3184699e+00
  -1.4646492e+00
  -1.3237138e+00
  -9.2419629e-01
  -3.4680432e-01
   2.9234639e-01
   8.6566128e-01
   1.2600105e+00
   1.3992345e+00
   1.2586676e+00
   8.6898608e-01
   3.0900447e-01
  -3.1070622e-01
  -8.6980698e-01
  -1.2613507e+00
  -1.4117366e+00
  -1.2939346e+00
  -9.3185235e-01
  -3.9534786e-01
   2.1301471e-01
   7.7704257e-01
   1.1884814e+00
   1.3673144e+00
   1.2771765e+00
   9.3297526e-01
   3.9904339e-01
  -2.2222369e-01
  -8.0950080e-01
  -1.2460563e+00
  -1.4431700e+00
  -1.3586689e+00
  -1.0065248e+00
  -4.5513334e-01
   1.8577776e-01
   7.8717508e-01
   1.2271850e+00
   1.4163869e+00
   1.3164657e+00
   9.4815842e-01
   3.8678235e-01
  -2.5362422e-01
  -8.4403649e-01
  -1.2668984e+00
  -1.4397017e+00
  -1.3308952e+00
  -9.6513495e-01
  -4.1721611e-01
   2.0365182e-01
   7.7575831e-01
   1.1885376e+00
   1.3634352e+00
   1.2682548e+00
   9.2261020e-01
   3.9375749e-01
  -2.1625277e-01
  -7.8973890e-01
  -1.2154727e+00
  -1.4097835e+00
  -1.3328629e+00
  -9.9715053e-01
  -4.6595509e-01
   1.5782915e-01
   7.5115835e-01
   1.1949480e+00
   1.3981926e+00
   1.3171311e+00
   9.6523826e-01
   4.1156671e-01
  -2.3261870e-01
  -8.3639448e-01
  -1.2762720e+00
  -1.4620429e+00
  -1.3557493e+00
  -9.7961999e-01
  -4.1125017e-01
   2.3286137e-01
   8.2175247e-01
   1.2370764e+00
   1.3970508e+00
   1.2723686e+00
   8.9105612e-01
   3.3168806e-01
  -2.9322509e-01
  -8.6000572e-01
  -1.2580701e+00
  -1.4110059e+00
  -1.2906457e+00
  -9.2178600e-01
  -3.7695940e-01
   2.3758607e-01
   8.0208152e-01
   1.2059698e+00
   1.3691008e+00
   1.2575071e+00
   8.9070940e-01
   3.3890064e-01
  -2.8984251e-01
  -8.7024424e-01
  -1.2846386e+00
  -1.4470485e+00
  -1.3215242e+00
  -9.3065059e-01
  -3.5202351e-01
   2.9697907e-01
   8.8320709e-01
   1.2855402e+00
   1.4204952e+00
   1.2600105e+00
   8.3745282e-01
   2.4050174e-01
  -4.0749919e-01
  -9.7358502e-01
  -1.3428975e+00
  -1.4421496e+00
  -1.2539744e+00
  -8.1942910e-01
  -2.2853272e-01
   3.9879758e-01
   9.3721579e-01
   1.2807758e+00
   1.3632856e+00
   1.1704717e+00
   7.4195939e-01
   1.6301613e-01
  -4.5217266e-01
  -9.8250576e-01
  -1.3232075e+00
  -1.4060834e+00
  -1.2130503e+00
  -7.8030877e-01
  -1.9211923e-01
   4.3497519e-01
   9.7477160e-01
   1.3166661e+00
   1.3885476e+00
   1.1725035e+00
   7.0973988e-01
   9.3228213e-02
  -5.5080895e-01
  -1.0889471e+00
  -1.4086873e+00
  -1.4425525e+00
  -1.1827788e+00
  -6.8324306e-01
  -4.8104278e-02
   5.9037370e-01
   1.0999203e+00
   1.3761003e+00
   1.3638752e+00
   1.0683759e+00
   5.5285946e-01
  -7.5349062e-02
  -6.8761281e-01
  -1.1604543e+00
  -1.4002435e+00
  -1.3612506e+00
  -1.0537777e+00
  -5.4116904e-01
   7.3346926e-02
   6.6720454e-01
   1.1224373e+00
   1.3485271e+00
   1.2999714e+00
   9.8533275e-01
   4.6601736e-01
  -1.5516520e-01
  -7.5374274e-01
  -1.2080703e+00
  -1.4239262e+00
  -1.3542913e+00
  -1.0100733e+00
  -4.5916294e-01
   1.8647446e-01
   7.9340435e-01
   1.2345165e+00
   1.4161352e+00
   1.2984842e+00
   9.0482725e-01
   3.1703767e-01
  -3.4162282e-01
  -9.3281609e-01
  -1.3327381e+00
  -1.4584825e+00
  -1.2853819e+00
  -8.5164517e-01
  -2.4950510e-01
   3.9491834e-01
   9.4844521e-01
   1.2984901e+00
   1.3757518e+00
   1.1674497e+00
   7.1877396e-01
   1.2270658e-01
  -4.9935349e-01
  -1.0220789e+00
  -1.3409660e+00
  -1.3926570e+00
  -1.1671072e+00
  -7.0943377e-01
  -1.1115145e-01
   5.0759876e-01
   1.0215813e+00
   1.3253810e+00
   1.3549142e+00
   1.1011917e+00
   6.1329173e-01
  -1.0495175e-02
  -6.4200742e-01
  -1.1494105e+00
  -1.4249474e+00
  -1.4083152e+00
  -1.1004167e+00
  -5.6415629e-01
   8.8256820e-02
   7.1899118e-01
   1.1941829e+00
   1.4129030e+00
   1.3290284e+00
   9.6111851e-01
   3.8813228e-01
  -2.6795855e-01
  -8.6866253e-01
  -1.2886145e+00
  -1.4418725e+00
  -1.2993008e+00
  -8.9360608e-01
  -3.1137199e-01
   3.2580356e-01
   8.8681024e-01
   1.2577755e+00
   1.3646932e+00
   1.1876259e+00
   7.6398411e-01
   1.8053431e-01
  -4.4411741e-01
  -9.8312489e-01
  -1.3265868e+00
  -1.4035418e+00
  -1.1965364e+00
  -7.4581515e-01
  -1.4205283e-01
   4.9128313e-01
   1.0227437e+00
   1.3400671e+00
   1.3741336e+00
   1.1145085e+00
   6.1290314e-01
  -2.6654386e-02
  -6.6925561e-01
  -1.1777869e+00
  -1.4426655e+00
  -1.4060096e+00
  -1.0747081e+00
  -5.1929102e-01
   1.4128096e-01
   7.6554792e-01
   1.2203800e+00
   1.4097835e+00
   1.2952980e+00
   9.0360087e-01
   3.1990271e-01
  -3.3109229e-01
  -9.1221705e-01
  -1.3028554e+00
  -1.4237590e+00
  -1.2526480e+00
  -8.2771587e-01
  -2.3875461e-01
   3.9190678e-01
   9.3456581e-01
   1.2783283e+00
   1.3532162e+00
   1.1440142e+00
   6.9327798e-01
   9.2946787e-02
  -5.3388652e-01
  -1.0576369e+00
  -1.3686033e+00
  -1.3998540e+00
  -1.1418834e+00
  -6.4574483e-01
  -1.3568257e-02
   6.2202361e-01
   1.1256207e+00
   1.3881092e+00
   1.3507992e+00
   1.0190845e+00
   4.6226637e-01
  -2.0078648e-01
  -8.2722332e-01
  -1.2814533e+00
  -1.4650360e+00
  -1.3384311e+00
  -9.2965080e-01
  -3.2787584e-01
   3.3643633e-01
   9.2034849e-01
   1.2995941e+00
   1.3951441e+00
   1.1894667e+00
   7.2921982e-01
   1.1420000e-01
  -5.2466442e-01
  -1.0532794e+00
  -1.3623007e+00
  -1.3892757e+00
  -1.1307188e+00
  -6.4200742e-01
  -2.5448514e-02
   5.9088155e-01
   1.0792421e+00
   1.3381520e+00
   1.3130879e+00
   1.0078921e+00
   4.8453624e-01
  -1.4892723e-01
  -7.6009318e-01
  -1.2194677e+00
  -1.4278131e+00
  -1.3378378e+00
  -9.6539867e-01
  -3.8740135e-01
   2.7364046e-01
   8.7545617e-01
   1.2868674e+00
   1.4168594e+00
   1.2352558e+00
   7.8010606e-01
   1.4984794e-01
  -5.1818667e-01
  -1.0781495e+00
  -1.4080449e+00
  -1.4367109e+00
  -1.1592961e+00
  -6.3782409e-01
   1.3092611e-02
   6.5194057e-01
   1.1414486e+00
   1.3781895e+00
   1.3142172e+00
   9.6630088e-01
   4.1117321e-01
  -2.3174131e-01
  -8.2609733e-01
  -1.2473036e+00
  -1.4081635e+00
  -1.2763929e+00
  -8.8071089e-01
  -3.0451849e-01
   3.3141443e-01
   8.9375878e-01
   1.2640308e+00
   1.3631739e+00
   1.1683695e+00
   7.1853322e-01
   1.0709153e-01
  -5.3684176e-01
  -1.0753227e+00
  -1.3910381e+00
  -1.4131139e+00
  -1.1335019e+00
  -6.0998720e-01
   4.5316892e-02
   6.8986383e-01
   1.1819082e+00
   1.4121483e+00
   1.3285382e+00
   9.4844521e-01
   3.5517254e-01
  -3.2050031e-01
  -9.2959021e-01
  -1.3382741e+00
  -1.4576804e+00
  -1.2633317e+00
  -7.9994536e-01
  -1.7074327e-01
   4.8602464e-01
   1.0278195e+00
   1.3388424e+00
   1.3545636e+00
   1.0746435e+00
   5.6185043e-01
  -7.2347821e-02
  -6.9208160e-01
  -1.1659410e+00
  -1.3943646e+00
  -1.3300338e+00
  -9.8730564e-01
  -4.3895689e-01
   1.9899781e-01
   7.9134731e-01
   1.2117979e+00
   1.3695263e+00
   1.2287367e+00
   8.1703956e-01
   2.2060246e-01
  -4.3330881e-01
  -1.0030865e+00
  -1.3633627e+00
  -1.4328449e+00
  -1.1931340e+00
  -6.9399754e-01
  -4.3468862e-02
   6.1542760e-01
   1.1363478e+00
   1.4025965e+00
   1.3537932e+00
   9.9995000e-01
   4.1954450e-01
  -2.5808904e-01
  -8.8201731e-01
  -1.3138295e+00
  -1.4587202e+00
  -1.2864125e+00
  -8.3726806e-01
  -2.1244116e-01
   4.4937528e-01
   1.0030865e+00
   1.3290911e+00
   1.3588909e+00
   1.0890217e+00
   5.8065884e-01
  -5.4571873e-02
  -6.7916425e-01
  -1.1592472e+00
  -1.3928057e+00
  -1.3308438e+00
  -9.8730564e-01
  -4.3589298e-01
   2.0547120e-01
   7.9936130e-01
   1.2177612e+00
   1.3692961e+00
   1.2191342e+00
   7.9724958e-01
   1.9299772e-01
  -4.6324406e-01
  -1.0278195e+00
  -1.3751652e+00
  -1.4259904e+00
  -1.1658477e+00
  -6.4957685e-01
   9.8368651e-03
   6.6588968e-01
   1.1713379e+00
   1.4117070e+00
   1.3317336e+00
   9.4844521e-01
   3.4765054e-01
  -3.3547739e-01
  -9.4724857e-01
  -1.3505295e+00
  -1.4558526e+00
  -1.2413672e+00
  -7.5714903e-01
  -1.1311365e-01
   5.4640022e-01
   1.0753227e+00
   1.3582842e+00
   1.3355568e+00
   1.0152011e+00
   4.7013998e-01
  -1.7875680e-01
  -7.8952954e-01
  -1.2299360e+00
  -1.4056193e+00
  -1.2798187e+00
  -8.8071089e-01
  -2.9506077e-01
   3.5036605e-01
   9.1575005e-01
   1.2779858e+00
   1.3571375e+00
   1.1340355e+00
   6.5516171e-01
   2.3500003e-02
  -6.2305964e-01
  -1.1414486e+00
  -1.4150138e+00
  -1.3800272e+00
  -1.0409927e+00
  -4.7091122e-01
   2.0403646e-01
   8.3232989e-01
   1.2713600e+00
   1.4202596e+00
   1.2435852e+00
   7.8010606e-01
   1.3440189e-01
  -5.4694624e-01
  -1.1090670e+00
  -1.4244938e+00
  -1.4224333e+00
  -1.1047524e+00
  -5.4504202e-01
   1.2883402e-01
   7.6441320e-01
   1.2194677e+00
   1.3939100e+00
   1.2515855e+00
   8.2729618e-01
   2.1788941e-01
  -4.4016027e-01
  -1.0013657e+00
  -1.3431480e+00
  -1.3921555e+00
  -1.1395086e+00
  -6.4200742e-01
  -9.3292308e-03
   6.1987956e-01
   1.1079068e+00
   1.3476099e+00
   1.2856047e+00
   9.3412257e-01
   3.6892006e-01
  -2.8653646e-01
  -8.8750904e-01
  -1.2995941e+00
  -1.4287323e+00
  -1.2429428e+00
  -7.8066508e-01
  -1.4339292e-01
   5.2622724e-01
   1.0762522e+00
   1.3801652e+00
   1.3664396e+00
   1.0358651e+00
   4.6226637e-01
  -2.2389018e-01
  -8.6539132e-01
  -1.3147383e+00
  -1.4685523e+00
  -1.2917169e+00
  -8.2548978e-01
  -1.7767974e-01
   5.0269436e-01
   1.0601482e+00
   1.3686033e+00
   1.3599823e+00
   1.0390142e+00
   4.8112190e-01
  -1.8573235e-01
  -8.1070857e-01
  -1.2542624e+00
  -1.4190663e+00
  -1.2709201e+00
  -8.4533692e-01
  -2.3875461e-01
   4.1334757e-01
   9.6644506e-01
   1.2985349e+00
   1.3365600e+00
   1.0721612e+00
   5.6349179e-01
  -7.7284681e-02
  -7.0823437e-01
  -1.1885813e+00
  -1.4097835e+00
  -1.3200281e+00
  -9.3663372e-01
  -3.4329865e-01
   3.2762807e-01
   9.2430916e-01
   1.3097265e+00
   1.3934033e+00
   1.1531021e+00
   6.4113090e-01
  -2.6654386e-02
  -6.9698838e-01
  -1.2146061e+00
  -1.4586535e+00
  -1.3713938e+00
  -9.7221333e-01
  -3.5340706e-01
   3.4137114e-01
   9.5087779e-01
   1.3341708e+00
   1.4035418e+00
   1.1446690e+00
   6.1933339e-01
  -4.9711128e-02
  -7.0786183e-01
  -1.2047078e+00
  -1.4284649e+00
  -1.3308998e+00
  -9.3727640e-01
  -3.3946174e-01
   3.2580356e-01
   9.0821644e-01
   1.2776194e+00
   1.3526421e+00
   1.1181497e+00
   6.2795143e-01
  -7.5638792e-03
  -6.4600969e-01
  -1.1444324e+00
  -1.3908342e+00
  -1.3290284e+00
  -9.7143530e-01
  -3.9691781e-01
   2.6610784e-01
   8.6786256e-01
   1.2707070e+00
   1.3805916e+00
   1.1692823e+00
   6.8201459e-01
   2.8370275e-02
  -6.4200742e-01
  -1.1736152e+00
  -1.4414114e+00
  -1.3806810e+00
  -1.0031457e+00
  -3.9514288e-01
   3.0204061e-01
   9.2522523e-01
   1.3279650e+00
   1.4154371e+00
   1.1671072e+00
   6.4163117e-01
  -3.7202149e-02
  -7.1003764e-01
  -1.2198125e+00
  -1.4487429e+00
  -1.3456075e+00
  -9.3698584e-01
  -3.2007726e-01
   3.6083958e-01
   9.4844521e-01
   1.3087714e+00
   1.3615110e+00
   1.0974806e+00
   5.7961676e-01
  -7.2295544e-02
  -7.0934889e-01
  -1.1872670e+00
  -1.3986326e+00
  -1.2965672e+00
  -9.0482725e-01
  -3.1226940e-01
   3.4702004e-01
   9.2359253e-01
   1.2860324e+00
   1.3506057e+00
   1.1005940e+00
   5.9085963e-01
  -6.3680435e-02
  -7.1345080e-01
  -1.2080703e+00
  -1.4311253e+00
  -1.3278364e+00
  -9.1894656e-01
  -2.9715942e-01
   3.9352486e-01
   9.9110266e-01
   1.3538120e+00
   1.3942078e+00
   1.1007135e+00
   5.4116904e-01
  -1.5277575e-01
  -8.1685691e-01
  -1.2935013e+00
  -1.4696776e+00
  -1.3040287e+00
  -8.3665521e-01
  -1.7921074e-01
   5.1216523e-01
   1.0743650e+00
   1.3761003e+00
   1.3486212e+00
   1.0011578e+00
   4.1770939e-01
  -2.6366565e-01
  -8.8379849e-01
  -1.2996252e+00
  -1.4169535e+00
  -1.2113704e+00
  -7.3282228e-01
  -9.3228213e-02
   5.5970438e-01
   1.0763269e+00
   1.3389041e+00
   1.2879915e+00
   9.3560722e-01
   3.6239705e-01
  -3.0053224e-01
  -9.0112879e-01
  -1.3007965e+00
  -1.4060834e+00
  -1.1905284e+00
  -7.0156709e-01
  -5.0608061e-02
   6.1184811e-01
   1.1306849e+00
   1.3824661e+00
   1.3050705e+00
   9.1345288e-01
   2.9738070e-01
  -3.9879758e-01
  -1.0099243e+00
  -1.3894596e+00
  -1.4450590e+00
  -1.1615023e+00
  -6.0511599e-01
   9.1673838e-02
   7.6208106e-01
   1.2452977e+00
   1.4255180e+00
   1.2600105e+00
   7.8931781e-01
   1.2712914e-01
  -5.6756709e-01
  -1.1290808e+00
  -1.4248363e+00
  -1.3867263e+00
  -1.0265730e+00
  -4.3227740e-01
   2.5402848e-01
   8.7024424e-01
   1.2726153e+00
   1.3690313e+00
   1.1396889e+00
   6.4065630e-01
  -1.0078513e-02
  -6.6050661e-01
  -1.1598430e+00
  -1.3930456e+00
  -1.3068777e+00
  -9.2178600e-01
  -3.2705874e-01
   3.3958810e-01
   9.2343688e-01
   1.2882144e+00
   1.3476171e+00
   1.0857349e+00
   5.6154303e-01
  -1.0387780e-01
  -7.5481937e-01
  -1.2370764e+00
  -1.4344626e+00
  -1.2970728e+00
  -8.5431941e-01
  -2.0919352e-01
   4.8536204e-01
   1.0626718e+00
   1.3825755e+00
   1.3658925e+00
   1.0144678e+00
   4.1156671e-01
  -2.9779464e-01
  -9.4195509e-01
  -1.3645632e+00
  -1.4629721e+00
  -1.2134819e+00
  -6.7710903e-01
   1.5538080e-02
   6.9644896e-01
   1.2013843e+00
   1.4097835e+00
   1.2736005e+00
   8.2815538e-01
   1.8264533e-01
  -5.0701524e-01
  -1.0761190e+00
  -1.3905278e+00
  -1.3780558e+00
  -1.0446242e+00
  -4.7174391e-01
   2.0365182e-01
   8.2193801e-01
   1.2382663e+00
   1.3560746e+00
   1.1490533e+00
   6.6674539e-01
   2.2705782e-02
  -6.3195026e-01
  -1.1435544e+00
  -1.3915126e+00
  -1.3164657e+00
  -9.3451584e-01
  -3.3410620e-01
   3.4397737e-01
   9.3914832e-01
   1.3087636e+00
   1.3623107e+00
   1.0838458e+00
   5.3702535e-01
  -1.4893899e-01
  -8.0950080e-01
  -1.2842249e+00
  -1.4560120e+00
  -1.2804158e+00
  -7.9755734e-01
  -1.2329967e-01
   5.7850633e-01
   1.1360728e+00
   1.4121421e+00
   1.3382161e+00
   9.3185235e-01
   2.9255136e-01
  -4.2281660e-01
  -1.0388942e+00
  -1.4052423e+00
  -1.4333658e+00
  -1.1181416e+00
  -5.3844357e-01
   1.6295119e-01
   8.1492020e-01
   1.2600105e+00
   1.3924943e+00
   1.1832575e+00
   6.8575396e-01
   2.1999421e-02
  -6.4759385e-01
  -1.1629881e+00
  -1.4025234e+00
  -1.3112254e+00
  -9.1299396e-01
  -3.0414852e-01
   3.6985080e-01
   9.4888224e-01
   1.2957717e+00
   1.3283669e+00
   1.0387442e+00
   4.9516063e-01
  -1.7373482e-01
  -8.0888972e-01
  -1.2582228e+00
  -1.4127753e+00
  -1.2331490e+00
  -7.5981509e-01
  -1.0450430e-01
   5.7569275e-01
   1.1156957e+00
   1.3824944e+00
   1.3081802e+00
   9.0764895e-01
   2.7621329e-01
  -4.3276680e-01
  -1.0451021e+00
  -1.4088182e+00
  -1.4322959e+00
  -1.1077800e+00
  -5.1407227e-01
   2.0255721e-01
   8.6462863e-01
   1.3078060e+00
   1.4221114e+00
   1.1795061e+00
   6.4081885e-01
  -5.9705877e-02
  -7.4823432e-01
  -1.2548780e+00
  -1.4558833e+00
  -1.3038970e+00
  -8.3889653e-01
  -1.7735438e-01
   5.1730527e-01
   1.0753227e+00
   1.3621019e+00
   1.3104442e+00
   9.3588759e-01
   3.3181974e-01
  -3.5402725e-01
  -9.5569447e-01
  -1.3288986e+00
  -1.3852236e+00
  -1.1126603e+00
  -5.7788817e-01
   9.0007325e-02
   7.3041265e-01
   1.1893777e+00
   1.3562078e+00
   1.1899225e+00
   7.2935434e-01
   8.4391816e-02
  -5.8977810e-01
  -1.1295684e+00
  -1.4024282e+00
  -1.3394115e+00
  -9.5287174e-01
  -3.3464530e-01
   3.6529544e-01
   9.7494021e-01
   1.3425087e+00
   1.3745036e+00
   1.0599118e+00
   4.7413976e-01
  -2.3875461e-01
  -9.0146207e-01
  -1.3477636e+00
  -1.4646323e+00
  -1.2212799e+00
  -6.7753062e-01
   3.0842629e-02
   7.2623764e-01
   1.2341378e+00
   1.4273171e+00
   1.2579874e+00
   7.6966223e-01
   8.5783748e-02
  -6.2184144e-01
  -1.1765864e+00
  -1.4413472e+00
  -1.3524556e+00
  -9.3476673e-01
  -2.9443718e-01
   4.0840865e-01
   9.9995000e-01
   1.3356611e+00
   1.3353877e+00
   1.0020891e+00
   4.2002458e-01
  -2.6675481e-01
  -8.9003460e-01
  -1.2983799e+00
  -1.3935260e+00
  -1.1536306e+00
  -6.3804582e-01
   2.7328474e-02
   6.8050416e-01
   1.1624145e+00
   1.3552449e+00
   1.2110081e+00
   7.6352531e-01
   1.2081241e-01
  -5.6053744e-01
  -1.1130754e+00
  -1.3994020e+00
  -1.3463599e+00
  -9.6399967e-01
  -3.4430440e-01
   3.6047667e-01
   9.7496155e-01
   1.3442814e+00
   1.3733768e+00
   1.0518772e+00
   4.5790361e-01
  -2.6061868e-01
  -9.2277887e-01
  -1.3604722e+00
  -1.4614819e+00
  -1.1986610e+00
  -6.3747701e-01
   8.0258928e-02
   7.7244503e-01
   1.2632715e+00
   1.4282738e+00
   1.2261618e+00
   7.0919058e-01
   9.4560580e-03
  -6.9521090e-01
  -1.2268118e+00
  -1.4523902e+00
  -1.3173089e+00
  -8.5825996e-01
  -1.9300223e-01
   5.1019218e-01
   1.0753227e+00
   1.3627111e+00
   1.3032939e+00
   9.1482907e-01
   2.9637367e-01
  -3.9717323e-01
  -9.9384184e-01
  -1.3469787e+00
  -1.3709002e+00
  -1.0612999e+00
  -4.9570560e-01
   1.8589204e-01
   8.1540862e-01
   1.2377017e+00
   1.3484148e+00
   1.1195526e+00
   6.0660712e-01
  -6.4591441e-02
  -7.2829970e-01
  -1.2193751e+00
  -1.4141359e+00
  -1.2615484e+00
  -7.9686740e-01
  -1.3399171e-01
   5.6201235e-01
   1.1157600e+00
   1.3857587e+00
   1.3008306e+00
   8.7927374e-01
   2.2546511e-01
  -4.9570560e-01
  -1.1004121e+00
  -1.4329963e+00
  -1.4064383e+00
  -1.0255227e+00
  -3.8639216e-01
   3.4769183e-01
   9.8827533e-01
   1.3704728e+00
   1.3958020e+00
   1.0578210e+00
   4.4379955e-01
  -2.8801535e-01
  -9.4953742e-01
  -1.3715523e+00
  -1.4472469e+00
  -1.1592684e+00
  -5.8345296e-01
   1.3146694e-01
   8.0262389e-01
   1.2600105e+00
   1.3895468e+00
   1.1613102e+00
   6.3603270e-01
  -5.1366499e-02
  -7.2663102e-01
  -1.2203194e+00
  -1.4100798e+00
  -1.2505942e+00
  -7.8401624e-01
  -1.2865900e-01
   5.5096266e-01
   1.0851622e+00
   1.3410531e+00
   1.2552343e+00
   8.4929999e-01
   2.2446054e-01
  -4.6339941e-01
  -1.0421896e+00
  -1.3662785e+00
  -1.3529275e+00
  -1.0034646e+00
  -4.0376386e-01
   2.9640401e-01
   9.2036063e-01
   1.3088717e+00
   1.3608179e+00
   1.0597868e+00
   4.7949464e-01
  -2.3381680e-01
  -8.9798101e-01
  -1.3414389e+00
  -1.4478131e+00
  -1.1868474e+00
  -6.2334245e-01
   9.8657759e-02
   7.9267469e-01
   1.2781942e+00
   1.4280048e+00
   1.2019177e+00
   6.5779007e-01
  -6.3255315e-02
  -7.7364240e-01
  -1.2885007e+00
  -1.4741497e+00
  -1.2830547e+00
  -7.6602367e-01
  -5.8511368e-02
   6.5520300e-01
   1.1903621e+00
   1.4097835e+00
   1.2590376e+00
   7.7972761e-01
   9.7724603e-02
  -6.1020926e-01
  -1.1624340e+00
  -1.4190259e+00
  -1.3170050e+00
  -8.8541750e-01
  -2.3681691e-01
   4.6226637e-01
   1.0340464e+00
   1.3344465e+00
   1.2890308e+00
   9.1109050e-01
   2.9763678e-01
  -3.9544574e-01
  -9.9273669e-01
  -1.3432859e+00
  -1.3584013e+00
  -1.0339019e+00
  -4.5133095e-01
   2.4223702e-01
   8.7090701e-01
   1.2741895e+00
   1.3477703e+00
   1.0705480e+00
   5.1091375e-01
  -1.8966614e-01
  -8.5200246e-01
  -1.3047911e+00
  -1.4289550e+00
  -1.1892306e+00
  -6.4452309e-01
   6.6123185e-02
   7.5877044e-01
   1.2522094e+00
   1.4156213e+00
   1.2036506e+00
   6.6934299e-01
  -4.8859542e-02
  -7.6298077e-01
  -1.2849400e+00
  -1.4764630e+00
  -1.2860898e+00
  -7.6323803e-01
  -4.5395880e-02
   6.7823854e-01
   1.2169740e+00
   1.4292371e+00
   1.2600105e+00
   7.5511342e-01
   4.8614524e-02
  -6.7309247e-01
  -1.2207994e+00
  -1.4523014e+00
  -1.3093243e+00
  -8.3197470e-01
  -1.4721940e-01
   5.6519417e-01
   1.1201095e+00
   1.3750664e+00
   1.2666497e+00
   8.2589550e-01
   1.6916518e-01
  -5.3274064e-01
  -1.0989618e+00
  -1.3849347e+00
  -1.3189386e+00
  -9.1973719e-01
  -2.9111914e-01
   4.0502564e-01
   9.9012652e-01
   1.3143555e+00
   1.2946475e+00
   9.3580748e-01
   3.2941358e-01
  -3.6925928e-01
  -9.8059134e-01
  -1.3464289e+00
  -1.3708130e+00
  -1.0452128e+00
  -4.5160756e-01
   2.5771436e-01
   8.9883248e-01
   1.3036750e+00
   1.3641254e+00
   1.0611663e+00
   4.7110706e-01
  -2.5321389e-01
  -9.2178600e-01
  -1.3572947e+00
  -1.4424043e+00
  -1.1517524e+00
  -5.5979505e-01
   1.7801458e-01
   8.6604978e-01
   1.3206134e+00
   1.4193539e+00
   1.1345643e+00
   5.4116904e-01
  -2.0297332e-01
  -8.9927415e-01
  -1.3617598e+00
  -1.4670966e+00
  -1.1877082e+00
  -5.9901142e-01
   1.4112907e-01
   8.3505616e-01
   1.2984347e+00
   1.4094280e+00
   1.1407385e+00
   5.6608950e-01
  -1.6029351e-01
  -8.4537773e-01
  -1.3088054e+00
  -1.4303613e+00
  -1.1809396e+00
  -6.2912194e-01
   7.7952268e-02
   7.5398084e-01
   1.2225476e+00
   1.3629250e+00
   1.1408303e+00
   6.1644256e-01
  -7.2045585e-02
  -7.4478480e-01
  -1.2269907e+00
  -1.3939909e+00
  -1.2031310e+00
  -7.0450490e-01
  -2.7881746e-02
   6.5078417e-01
   1.1547224e+00
   1.3520463e+00
   1.1901033e+00
   7.0959819e-01
   3.4676508e-02
  -6.5873583e-01
  -1.1884231e+00
  -1.4135776e+00
  -1.2722932e+00
  -7.9884948e-01
  -1.1587091e-01
   5.9704119e-01
   1.1503301e+00
   1.3949262e+00
   1.2626739e+00
   7.8568335e-01
   8.8986453e-02
  -6.4200742e-01
  -1.2108717e+00
  -1.4631891e+00
  -1.3288390e+00
  -8.4182909e-01
  -1.3194312e-01
   6.0984367e-01
   1.1829617e+00
   1.4318315e+00
   1.2884493e+00
   7.9118783e-01
   7.4539129e-02
  -6.6745904e-01
  -1.2340888e+00
  -1.4725810e+00
  -1.3195152e+00
  -8.1769387e-01
  -1.0400348e-01
   6.2822840e-01
   1.1819104e+00
   1.4094280e+00
   1.2519942e+00
   7.5462507e-01
   5.3013743e-02
  -6.6377194e-01
  -1.2044048e+00
  -1.4263418e+00
  -1.2731890e+00
  -7.8868079e-01
  -1.0395395e-01
   5.9808994e-01
   1.1315899e+00
   1.3566932e+00
   1.2158762e+00
   7.4832230e-01
   7.8896510e-02
  -6.1513031e-01
  -1.1507625e+00
  -1.3871728e+00
  -1.2624134e+00
  -8.0950080e-01
  -1.4776061e-01
   5.4832485e-01
   1.0947411e+00
   1.3462546e+00
   1.2348592e+00
   7.8824300e-01
   1.2323582e-01
  -5.8434429e-01
  -1.1458184e+00
  -1.4097835e+00
  -1.3030051e+00
  -8.5099838e-01
  -1.7242263e-01
   5.5168734e-01
   1.1260209e+00
   1.3937172e+00
   1.2794666e+00
   8.1105156e-01
   1.1303978e-01
  -6.2612339e-01
  -1.2050127e+00
  -1.4643530e+00
  -1.3312032e+00
  -8.3980475e-01
  -1.2302005e-01
   6.2359360e-01
   1.1953541e+00
   1.4349111e+00
   1.2758881e+00
   7.6148295e-01
   3.2740842e-02
  -7.1031388e-01
  -1.2638993e+00
  -1.4766838e+00
  -1.2913567e+00
  -7.6006978e-01
  -2.9591622e-02
   6.9953158e-01
   1.2283307e+00
   1.4138916e+00
   1.2079725e+00
   6.6933139e-01
  -5.3295744e-02
  -7.6253794e-01
  -1.2664543e+00
  -1.4304505e+00
  -1.2130166e+00
  -6.7588143e-01
   3.3750812e-02
   7.2367770e-01
   1.2087045e+00
   1.3601251e+00
   1.1395479e+00
   6.0830836e-01
  -8.9703456e-02
  -7.6694358e-01
  -1.2423502e+00
  -1.3894093e+00
  -1.1695240e+00
  -6.4200742e-01
   5.1830880e-02
   7.2626104e-01
   1.2004858e+00
   1.3467954e+00
   1.1248218e+00
   5.9276215e-01
  -1.0757584e-01
  -7.8818003e-01
  -1.2649728e+00
  -1.4074418e+00
  -1.1744418e+00
  -6.2632299e-01
   9.0273426e-02
   7.8128859e-01
   1.2576205e+00
   1.3869325e+00
   1.1306809e+00
   5.5590790e-01
  -1.8190806e-01
  -8.8071089e-01
  -1.3472373e+00
  -1.4507130e+00
  -1.1598634e+00
  -5.5263902e-01
   2.0445892e-01
   9.0204793e-01
   1.3459952e+00
   1.4117850e+00
   1.0797716e+00
   4.4121723e-01
  -3.2679388e-01
  -1.0106654e+00
  -1.4200137e+00
  -1.4409870e+00
  -1.0681283e+00
  -4.0579479e-01
   3.6123019e-01
   1.0195856e+00
   1.3869788e+00
   1.3628429e+00
   9.5586280e-01
   2.8083858e-01
  -4.7396684e-01
  -1.0996057e+00
  -1.4244470e+00
  -1.3612403e+00
  -9.3034673e-01
  -2.5303501e-01
   4.8289548e-01
   1.0753227e+00
   1.3632726e+00
   1.2704459e+00
   8.2511556e-01
   1.5133822e-01
  -5.6572090e-01
  -1.1306098e+00
  -1.3906310e+00
  -1.2767996e+00
  -8.2185823e-01
  -1.5076340e-01
   5.5355184e-01
   1.0997865e+00
   1.3398957e+00
   1.2089298e+00
   7.4248331e-01
   6.7116071e-02
  -6.3370636e-01
  -1.1690926e+00
  -1.3924192e+00
  -1.2413570e+00
  -7.5535775e-01
  -6.5664698e-02
   6.3974557e-01
   1.1670721e+00
   1.3697871e+00
   1.1894311e+00
   6.7272348e-01
  -4.0108803e-02
  -7.5303902e-01
  -1.2679785e+00
  -1.4398771e+00
  -1.2178381e+00
  -6.6050054e-01
   7.9065139e-02
   7.9520793e-01
   1.2869206e+00
   1.4144991e+00
   1.1395777e+00
   5.3694191e-01
  -2.2560755e-01
  -9.3399649e-01
  -1.3881938e+00
  -1.4590254e+00
  -1.1252273e+00
  -4.7999514e-01
   2.9504007e-01
   9.8113618e-01
   1.3844858e+00
   1.3912670e+00
   9.9995000e-01
   3.2162395e-01
  -4.5171557e-01
  -1.1017943e+00
  -1.4459499e+00
  -1.3886301e+00
  -9.4791585e-01
  -2.4971439e-01
   5.0847161e-01
   1.1136716e+00
   1.3974205e+00
   1.2826320e+00
   8.0434067e-01
   9.8814737e-02
  -6.3550392e-01
  -1.1939427e+00
  -1.4226029e+00
  -1.2605666e+00
  -7.5581251e-01
  -5.0812483e-02
   6.5779007e-01
   1.1739641e+00
   1.3562974e+00
   1.1564352e+00
   6.3162296e-01
  -7.1780887e-02
  -7.5903610e-01
  -1.2406881e+00
  -1.3844766e+00
  -1.1513878e+00
  -6.0612960e-01
   1.0073288e-01
   7.7408508e-01
   1.2277804e+00
   1.3358205e+00
   1.0672361e+00
   4.9505987e-01
  -2.2323944e-01
  -8.8873074e-01
  -1.3158133e+00
  -1.3838532e+00
  -1.0713480e+00
  -4.6291442e-01
   2.7323056e-01
   9.3145481e-01
   1.3260042e+00
   1.3434983e+00
   9.7576682e-01
   3.2342680e-01
  -4.3130077e-01
  -1.0753227e+00
  -1.4248930e+00
  -1.3782828e+00
  -9.4571222e-01
  -2.4762256e-01
   5.1867181e-01
   1.1347865e+00
   1.4237295e+00
   1.3010728e+00
   7.9991922e-01
   6.2177200e-02
  -7.0163723e-01
  -1.2726743e+00
  -1.4867653e+00
  -1.2819187e+00
  -7.1644741e-01
   4.7634746e-02
   7.9121358e-01
   1.3011964e+00
   1.4318621e+00
   1.1466713e+00
   5.2847905e-01
  -2.4469773e-01
  -9.5120632e-01
  -1.3895611e+00
  -1.4360589e+00
  -1.0796747e+00
  -4.2440208e-01
   3.4133073e-01
   9.9908166e-01
   1.3628429e+00
   1.3316128e+00
   9.1724627e-01
   2.3998414e-01
  -5.0665275e-01
  -1.1112706e+00
  -1.4044022e+00
  -1.3058034e+00
  -8.4612665e-01
  -1.5723903e-01
   5.6569834e-01
   1.1194455e+00
   1.3495981e+00
   1.1933497e+00
   6.9637540e-01
  -5.9611189e-04
  -7.0154024e-01
  -1.2100240e+00
  -1.3839476e+00
  -1.1750052e+00
  -6.4200742e-01
   6.5567124e-02
   7.4922680e-01
   1.2168205e+00
   1.3362798e+00
   1.0728234e+00
   4.9918365e-01
  -2.2418219e-01
  -8.9362388e-01
  -1.3193473e+00
  -1.3791098e+00
  -1.0534168e+00
  -4.3205345e-01
   3.1028846e-01
   9.6281702e-01
   1.3383623e+00
   1.3271447e+00
   9.2911521e-01
   2.5525239e-01
  -5.0305139e-01
  -1.1281953e+00
  -1.4388727e+00
  -1.3428958e+00
  -8.6486410e-01
  -1.4026116e-01
   6.2277161e-01
   1.2032627e+00
   1.4316267e+00
   1.2395234e+00
   6.8058693e-01
  -8.4360439e-02
  -8.3360199e-01
  -1.3489919e+00
  -1.4797709e+00
  -1.1869520e+00
  -5.5510520e-01
   2.3207600e-01
   9.4535939e-01
   1.3770080e+00
   1.4015546e+00
   1.0124365e+00
   3.2373406e-01
  -4.6343554e-01
  -1.1199068e+00
  -1.4554339e+00
  -1.3739748e+00
  -9.0116995e-01
  -1.7616376e-01
   5.8957974e-01
   1.1741849e+00
   1.4097835e+00
   1.2306921e+00
   6.9153417e-01
  -4.9614040e-02
  -7.7777833e-01
  -1.2835487e+00
  -1.4232577e+00
  -1.1595998e+00
  -5.7128403e-01
   1.7064602e-01
   8.5262850e-01
   1.2799896e+00
   1.3323086e+00
   9.9707583e-01
   3.7234873e-01
  -3.6200332e-01
  -9.9599907e-01
  -1.3493617e+00
  -1.3224983e+00
  -9.2433898e-01
  -2.6934660e-01
   4.5528573e-01
   1.0428863e+00
   1.3259496e+00
   1.2236498e+00
   7.6484138e-01
   8.0035502e-02
  -6.3545689e-01
  -1.1769073e+00
  -1.3884970e+00
  -1.2080703e+00
  -6.8549849e-01
   3.0807240e-02
   7.3570084e-01
   1.2257807e+00
   1.3579779e+00
   1.0914197e+00
   5.0028561e-01
  -2.4646096e-01
  -9.3307240e-01
  -1.3592252e+00
  -1.3985471e+00
  -1.0363352e+00
  -3.7512023e-01
   3.9403955e-01
   1.0466203e+00
   1.3902345e+00
   1.3215823e+00
   8.5780923e-01
   1.3264233e-01
  -6.4200742e-01
  -1.2380114e+00
  -1.4784213e+00
  -1.2903055e+00
  -7.2713843e-01
   4.6223845e-02
   8.0182532e-01
   1.3159968e+00
   1.4358529e+00
   1.1250236e+00
   4.7484144e-01
  -3.2250550e-01
  -1.0309565e+00
  -1.4407328e+00
  -1.4307136e+00
  -1.0043914e+00
  -2.8867870e-01
   5.0402822e-01
   1.1391253e+00
   1.4294719e+00
   1.2906763e+00
   7.6561158e-01
   1.1049898e-02
  -7.4936951e-01
  -1.2916403e+00
  -1.4574999e+00
  -1.2005937e+00
  -5.9924001e-01
   1.6764012e-01
   8.7395388e-01
   1.3131948e+00
   1.3587776e+00
   1.0003384e+00
   3.4566567e-01
  -4.1188911e-01
  -1.0505968e+00
  -1.3851853e+00
  -1.3203906e+00
  -8.7781994e-01
  -1.8866082e-01
   5.4527085e-01
   1.1105478e+00
   1.3439858e+00
   1.1794911e+00
   6.6655495e-01
  -4.4687347e-02
  -7.4730016e-01
  -1.2375241e+00
  -1.3735911e+00
  -1.1165091e+00
  -5.4116904e-01
   1.8535805e-01
   8.5208555e-01
   1.2650875e+00
   1.3036793e+00
   9.5561541e-01
   3.2107029e-01
  -4.1592094e-01
  -1.0405213e+00
  -1.3694745e+00
  -1.3047911e+00
  -8.6304526e-01
  -1.7148601e-01
   5.6827991e-01
   1.1387977e+00
   1.3705873e+00
   1.1925864e+00
   6.5416709e-01
  -8.8175868e-02
  -8.1602688e-01
  -1.3131948e+00
  -1.4300072e+00
  -1.1286040e+00
  -4.9544057e-01
   2.8320510e-01
   9.7589929e-01
   1.3749007e+00
   1.3586863e+00
   9.2925363e-01
   2.1264661e-01
  -5.7788817e-01
  -1.2053990e+00
  -1.4804569e+00
  -1.3186259e+00
  -7.6663486e-01
   1.0949070e-02
   7.8080745e-01
   1.3110636e+00
   1.4413939e+00
   1.1317577e+00
   4.7484144e-01
  -3.3169789e-01
  -1.0448693e+00
  -1.4498063e+00
  -1.4247456e+00
  -9.7778453e-01
  -2.4427202e-01
   5.5432435e-01
   1.1775158e+00
   1.4384372e+00
   1.2600105e+00
   6.9770064e-01
  -7.7847063e-02
  -8.3280197e-01
  -1.3408518e+00
  -1.4511577e+00
  -1.1331141e+00
  -4.8464247e-01
   2.9814252e-01
   9.8042613e-01
   1.3592252e+00
   1.3237371e+00
   8.8758026e-01
   1.8361572e-01
  -5.7668806e-01
  -1.1668528e+00
  -1.4127940e+00
  -1.2439933e+00
  -7.1346841e-01
   1.9011205e-02
   7.3509598e-01
   1.2228664e+00
   1.3393547e+00
   1.0522087e+00
   4.4845309e-01
  -2.9192821e-01
  -9.4954926e-01
  -1.3304154e+00
  -1.3228996e+00
  -9.3026630e-01
  -2.6934660e-01
   4.6411443e-01
   1.0531983e+00
   1.3236983e+00
   1.1954379e+00
   7.0598584e-01
  -2.2461719e-04
  -7.1426411e-01
  -1.2242303e+00
  -1.3779196e+00
  -1.1281953e+00
  -5.4755576e-01
   1.9263782e-01
   8.7242664e-01
   1.2883862e+00
   1.3144285e+00
   9.4013024e-01
   2.7490064e-01
  -4.8366889e-01
  -1.1082434e+00
  -1.4097835e+00
  -1.2948578e+00
  -7.9481768e-01
  -5.7647322e-02
   6.9556202e-01
   1.2368122e+00
   1.4002929e+00
   1.1334029e+00
   5.1391696e-01
  -2.7238503e-01
  -9.8730564e-01
  -1.4124475e+00
  -1.4161432e+00
  -9.9450838e-01
  -2.7371849e-01
   5.2760867e-01
   1.1647618e+00
   1.4418619e+00
   1.2723524e+00
   7.0627241e-01
  -8.4360439e-02
  -8.5784706e-01
  -1.3768704e+00
  -1.4815635e+00
  -1.1389904e+00
  -4.5363745e-01
   3.6446847e-01
   1.0642797e+00
   1.4310026e+00
   1.3522521e+00
   8.5262850e-01
   8.6029083e-02
  -7.1189437e-01
  -1.2963914e+00
  -1.4888964e+00
  -1.2317049e+00
  -6.0525636e-01
   1.9714359e-01
   9.2916918e-01
   1.3672840e+00
   1.3791098e+00
   9.6340421e-01
   2.4958620e-01
  -5.4273170e-01
  -1.1714796e+00
  -1.4461766e+00
  -1.2856028e+00
  -7.4165188e-01
   1.7574684e-02
   7.5986986e-01
   1.2600105e+00
   1.3680421e+00
   1.0540762e+00
   4.1628453e-01
  -3.4993135e-01
  -1.0118565e+00
  -1.3700723e+00
  -1.3183605e+00
  -8.7497653e-01
  -1.7617534e-01
   5.6569834e-01
   1.1266463e+00
   1.3384586e+00
   1.1389303e+00
   5.8995049e-01
  -1.4172064e-01
  -8.3500190e-01
  -1.2810826e+00
  -1.3460776e+00
  -1.0110390e+00
  -3.7743754e-01
   3.6345163e-01
   9.8806357e-01
   1.3077513e+00
   1.2255810e+00
   7.6568760e-01
   6.6319660e-02
  -6.6147311e-01
  -1.1972559e+00
  -1.3777784e+00
  -1.1466713e+00
  -5.7216109e-01
   1.7280102e-01
   8.6231348e-01
   1.2858133e+00
   1.3123190e+00
   9.3105128e-01
   2.5579653e-01
  -5.0873866e-01
  -1.1287536e+00
  -1.4127753e+00
  -1.2708874e+00
  -7.4341136e-01
   1.0185053e-02
   7.5924982e-01
   1.2724480e+00
   1.3892888e+00
   1.0705325e+00
   4.1156821e-01
  -3.8586380e-01
  -1.0753227e+00
  -1.4418930e+00
  -1.3693838e+00
  -8.7741327e-01
  -1.1645266e-01
   6.7807134e-01
   1.2586604e+00
   1.4430327e+00
   1.1716086e+00
   5.2697224e-01
  -2.9111914e-01
  -1.0276657e+00
  -1.4520809e+00
  -1.4306242e+00
  -9.6876877e-01
  -2.1000161e-01
   6.0877248e-01
   1.2313517e+00
   1.4626340e+00
   1.2299744e+00
   6.0612960e-01
  -2.1350308e-01
  -9.7222228e-01
  -1.4326284e+00
  -1.4511074e+00
  -1.0227486e+00
  -2.8260481e-01
   5.3700703e-01
   1.1796162e+00
   1.4450380e+00
   1.2518435e+00
   6.6232659e-01
  -1.3767829e-01
  -8.9754831e-01
  -1.3805526e+00
  -1.4376956e+00
  -1.0536553e+00
  -3.5066492e-01
   4.5054414e-01
   1.1001980e+00
   1.3974205e+00
   1.2523093e+00
   7.1298062e-01
  -5.0491721e-02
  -7.9983860e-01
  -1.3030113e+00
  -1.4059870e+00
  -1.0797648e+00
  -4.2827462e-01
   3.4484778e-01
   9.9995000e-01
   1.3355807e+00
   1.2502772e+00
   7.7303636e-01
   5.3400480e-02
  -6.8542642e-01
  -1.2157199e+00
  -1.3752487e+00
  -1.1167029e+00
  -5.2156004e-01
   2.2560755e-01
   8.9427104e-01
   1.2788783e+00
   1.2618304e+00
   8.4929047e-01
   1.6898287e-01
  -5.6923402e-01
  -1.1378925e+00
  -1.3617779e+00
  -1.1717612e+00
  -6.2612339e-01
   1.0719292e-01
   8.0204705e-01
   1.2435940e+00
   1.2945470e+00
   9.3783811e-01
   2.8243367e-01
  -4.6970607e-01
  -1.0855983e+00
  -1.3732239e+00
  -1.2413570e+00
  -7.2861382e-01
   7.5695930e-03
   7.3899848e-01
   1.2372541e+00
   1.3449764e+00
   1.0256705e+00
   3.7623531e-01
  -4.0214045e-01
  -1.0660880e+00
  -1.4060834e+00
  -1.3126634e+00
  -8.1187370e-01
  -5.8395192e-02
   7.1200109e-01
   1.2561457e+00
   1.4003070e+00
   1.0958642e+00
   4.3590286e-01
  -3.7299666e-01
  -1.0753227e+00
  -1.4474062e+00
  -1.3688466e+00
  -8.6170796e-01
  -8.4643780e-02
   7.1662459e-01
   1.2870570e+00
   1.4436527e+00
   1.1343965e+00
   4.5572163e-01
  -3.7743754e-01
  -1.0997459e+00
  -1.4801305e+00
  -1.3959300e+00
  -8.7265372e-01
  -7.6389672e-02
   7.3893125e-01
   1.3126595e+00
   1.4609673e+00
   1.1359506e+00
   4.4121723e-01
  -4.0114914e-01
  -1.1217092e+00
  -1.4900464e+00
  -1.3886373e+00
  -8.5046247e-01
  -4.8280952e-02
   7.6093977e-01
   1.3185179e+00
   1.4469245e+00
   1.1064124e+00
   4.0730590e-01
  -4.2583946e-01
  -1.1265250e+00
  -1.4717107e+00
  -1.3529030e+00
  -8.1023962e-01
  -1.8870173e-02
   7.6771849e-01
   1.2990379e+00
   1.4074418e+00
   1.0609994e+00
   3.7273534e-01
  -4.3636798e-01
  -1.1084439e+00
  -1.4309831e+00
  -1.3039917e+00
  -7.7085716e-01
  -3.4506466e-03
   7.5338857e-01
   1.2600105e+00
   1.3577872e+00
   1.0186454e+00
   3.5288793e-01
  -4.2677321e-01
  -1.0732044e+00
  -1.3831171e+00
  -1.2608515e+00
  -7.4772387e-01
  -8.0060608e-03
   7.2367770e-01
   1.2166851e+00
   1.3169006e+00
   9.9473611e-01
   3.5370787e-01
  -4.0282792e-01
  -1.0360863e+00
  -1.3470464e+00
  -1.2388142e+00
  -7.4668903e-01
  -2.6654386e-02
   6.9395021e-01
   1.1880182e+00
   1.3000546e+00
   9.9498789e-01
   3.6914394e-01
  -3.8004541e-01
  -1.0161184e+00
  -1.3380039e+00
  -1.2434462e+00
  -7.6148295e-01
  -4.3665760e-02
   6.8337338e-01
   1.1892482e+00
   1.3126759e+00
   1.0128841e+00
   3.8319090e-01
  -3.7780304e-01
  -1.0286071e+00
  -1.3613106e+00
  -1.2679785e+00
  -7.7578040e-01
  -3.9381759e-02
   7.0739785e-01
   1.2256487e+00
   1.3477651e+00
   1.0317585e+00
   3.7585058e-01
  -4.1177433e-01
  -1.0788527e+00
  -1.4097835e+00
  -1.2954069e+00
  -7.6920161e-01
   2.1691224e-03
   7.7143670e-01
   1.2899229e+00
   1.3880128e+00
   1.0308336e+00
   3.3079356e-01
  -4.8757058e-01
  -1.1595294e+00
  -1.4658641e+00
  -1.3045664e+00
  -7.2501831e-01
   8.6876413e-02
   8.6822956e-01
   1.3643434e+00
   1.4119059e+00
   9.9296893e-01
   2.4178912e-01
  -5.9808994e-01
  -1.2528343e+00
  -1.5077556e+00
  -1.2779177e+00
  -6.3661586e-01
   2.0788327e-01
   9.8000176e-01
   1.4269178e+00
   1.4015508e+00
   9.1115213e-01
   1.1538078e-01
  -7.2568747e-01
  -1.3366818e+00
  -1.5172800e+00
  -1.2080647e+00
  -5.1017711e-01
   3.4776926e-01
   1.0846870e+00
   1.4592783e+00
   1.3492143e+00
   7.9118783e-01
  -3.1311830e-02
  -8.4842709e-01
  -1.3926239e+00
  -1.4864390e+00
  -1.1004448e+00
  -3.6246547e-01
   4.8483352e-01
   1.1638789e+00
   1.4532609e+00
   1.2600105e+00
   6.4945793e-01
  -1.7691026e-01
  -9.4806484e-01
  -1.4124464e+00
  -1.4200958e+00
  -9.7106184e-01
  -2.1446980e-01
   6.0111172e-01
   1.2094424e+00
   1.4135776e+00
   1.1496034e+00
   5.0652447e-01
  -3.0383061e-01
  -1.0166767e+00
  -1.4008293e+00
  -1.3336408e+00
  -8.4004249e-01
  -8.3311160e-02
   6.8902122e-01
   1.2261618e+00
   1.3554432e+00
   1.0377107e+00
   3.7899217e-01
  -4.0494798e-01
  -1.0592925e+00
  -1.3729305e+00
  -1.2464396e+00
  -7.2344950e-01
   2.4444059e-02
   7.5398084e-01
   1.2292783e+00
   1.2979614e+00
   9.3986350e-01
   2.7279533e-01
  -4.8620362e-01
  -1.0913851e+00
  -1.3477061e+00
  -1.1735327e+00
  -6.2653786e-01
   1.1538078e-01
   8.1185173e-01
   1.2377401e+00
   1.2557586e+00
   8.6062581e-01
   1.8060863e-01
  -5.6399665e-01
  -1.1320479e+00
  -1.3394733e+00
  -1.1188129e+00
  -5.4116904e-01
   2.0657861e-01
   8.8203793e-01
   1.2656891e+00
   1.2321146e+00
   7.9100776e-01
   8.4550151e-02
  -6.5820688e-01
  -1.1954004e+00
  -1.3509869e+00
  -1.0724321e+00
  -4.4855740e-01
   3.1855643e-01
   9.7880792e-01
   1.3154779e+00
   1.2163557e+00
   7.1125134e-01
  -3.6685514e-02
  -7.8342856e-01
  -1.2835391e+00
  -1.3708130e+00
  -1.0136211e+00
  -3.2647925e-01
   4.6641634e-01
   1.1041746e+00
   1.3750175e+00
   1.1867034e+00
   5.9811236e-01
  -1.9888049e-01
  -9.4177495e-01
  -1.3838532e+00
  -1.3762004e+00
  -9.1804054e-01
  -1.5830989e-01
   6.5256916e-01
   1.2451713e+00
   1.4206630e+00
   1.1176886e+00
   4.3398607e-01
  -4.0493761e-01
  -1.1201095e+00
  -1.4719175e+00
  -1.3405510e+00
  -7.6699168e-01
   5.9537827e-02
   8.6391554e-01
   1.3767456e+00
   1.4247343e+00
   9.8944291e-01
   2.1442777e-01
  -6.4200742e-01
  -1.2929320e+00
  -1.5190545e+00
  -1.2427857e+00
  -5.5501680e-01
   3.1468374e-01
   1.0747183e+00
   1.4693538e+00
   1.3649486e+00
   7.9537516e-01
  -4.8859542e-02
  -8.8434086e-01
  -1.4299980e+00
  -1.5018254e+00
  -1.0750913e+00
  -2.9294417e-01
   5.8160871e-01
   1.2542375e+00
   1.4985006e+00
   1.2322301e+00
   5.4527085e-01
  -3.3082608e-01
  -1.1009320e+00
  -1.5058962e+00
  -1.4098932e+00
  -8.4606951e-01
  -5.1156921e-03
   8.2929831e-01
   1.3763361e+00
   1.4526460e+00
   1.0339019e+00
   2.6254744e-01
  -6.0071432e-01
  -1.2651416e+00
  -1.5079877e+00
  -1.2492491e+00
  -5.7801685e-01
   2.7824372e-01
   1.0308744e+00
   1.4274383e+00
   1.3364542e+00
   7.9098488e-01
  -2.3366044e-02
  -8.3168974e-01
  -1.3626618e+00
  -1.4396646e+00
  -1.0395209e+00
  -2.9931344e-01
   5.3064901e-01
   1.1715531e+00
   1.4097835e+00
   1.1681016e+00
   5.3059195e-01
  -2.8663885e-01
  -1.0087802e+00
  -1.3947502e+00
  -1.3176442e+00
  -8.0636723e-01
  -3.4829084e-02
   7.3726423e-01
   1.2518435e+00
   1.3386925e+00
   9.7166100e-01
   2.7635019e-01
  -5.1290794e-01
  -1.1320222e+00
  -1.3754494e+00
  -1.1643312e+00
  -5.7191230e-01
   2.0189898e-01
   8.9798101e-01
   1.2847018e+00
   1.2348905e+00
   7.6754277e-01
   4.0630583e-02
  -7.0227399e-01
  -1.2135303e+00
  -1.3238550e+00
  -9.9825414e-01
  -3.4702909e-01
   4.1156671e-01
   1.0243833e+00
   1.2877229e+00
   1.1149275e+00
   5.6482965e-01
  -1.7824640e-01
  -8.6614146e-01
  -1.2695908e+00
  -1.2545007e+00
  -8.2644740e-01
  -1.2865900e-01
   6.0579968e-01
   1.1317188e+00
   1.2734718e+00
   9.8359601e-01
   3.5871490e-01
  -3.9254643e-01
  -1.0190436e+00
  -1.3109150e+00
  -1.1697994e+00
  -6.4200742e-01
   9.6548152e-02
   7.9880760e-01
   1.2290495e+00
   1.2419289e+00
   8.3160245e-01
   1.3432965e-01
  -6.1658172e-01
  -1.1686628e+00
  -1.3350677e+00
  -1.0578210e+00
  -4.2811585e-01
   3.4347841e-01
   9.9724578e-01
   1.3116380e+00
   1.1783619e+00
   6.3979002e-01
  -1.2426526e-01
  -8.5638448e-01
  -1.3081465e+00
  -1.3244153e+00
  -8.9671363e-01
  -1.6728383e-01
   6.1801071e-01
   1.1924300e+00
   1.3589495e+00
   1.0579395e+00
   3.8864813e-01
  -4.2329265e-01
  -1.1017881e+00
  -1.4141359e+00
  -1.2509208e+00
  -6.6448696e-01
   1.4759243e-01
   9.0893077e-01
   1.3583617e+00
   1.3396113e+00
   8.5579152e-01
   6.9659067e-02
  -7.5097190e-01
  -1.3244153e+00
  -1.4518685e+00
  -1.0864779e+00
  -3.5066781e-01
   5.0471093e-01
   1.1858461e+00
   1.4569466e+00
   1.2220127e+00
   5.5898714e-01
  -3.0591654e-01
  -1.0753227e+00
  -1.4829805e+00
  -1.3860295e+00
  -8.1521990e-01
   3.4621584e-02
   8.7101759e-01
   1.4045361e+00
   1.4490759e+00
   9.8694709e-01
   1.7593043e-01
  -7.0450490e-01
  -1.3495231e+00
  -1.5345746e+00
  -1.1937208e+00
  -4.4325196e-01
   4.5790305e-01
   1.1975307e+00
   1.5184082e+00
   1.3079131e+00
   6.3769426e-01
  -2.6061868e-01
  -1.0754656e+00
  -1.5234993e+00
  -1.4482498e+00
  -8.7490255e-01
  -1.9637960e-03
   8.6746693e-01
   1.4310213e+00
   1.4923548e+00
   1.0296929e+00
   2.0365182e-01
  -6.9850253e-01
  -1.3628171e+00
  -1.5580229e+00
  -1.2161699e+00
  -4.5636322e-01
   4.5672028e-01
   1.2050932e+00
   1.5283123e+00
   1.3142411e+00
   6.3804582e-01
  -2.6416706e-01
  -1.0778318e+00
  -1.5196915e+00
  -1.4365114e+00
  -8.5829621e-01
   1.2499709e-02
   8.7190106e-01
   1.4206134e+00
   1.4683611e+00
   9.9995000e-01
   1.8009167e-01
  -7.0453633e-01
  -1.3456002e+00
  -1.5206620e+00
  -1.1704237e+00
  -4.1881603e-01
   4.7087710e-01
   1.1883146e+00
   1.4844355e+00
   1.2579874e+00
   5.9016260e-01
  -2.8450743e-01
  -1.0605634e+00
  -1.4683538e+00
  -1.3677736e+00
  -7.9640000e-01
   4.4512797e-02
   8.6097085e-01
   1.3690881e+00
   1.3938423e+00
   9.2936976e-01
   1.4002877e-01
  -6.9778666e-01
  -1.2924677e+00
  -1.4387114e+00
  -1.0883863e+00
  -3.6628430e-01
   4.7436193e-01
   1.1407285e+00
   1.4024282e+00
   1.1711586e+00
   5.3044100e-01
  -2.9454001e-01
  -1.0160994e+00
  -1.3843754e+00
  -1.2738244e+00
  -7.2595136e-01
   6.6240711e-02
   8.2626935e-01
   1.2906763e+00
   1.3003320e+00
   8.5490976e-01
   1.1190589e-01
  -6.6905290e-01
  -1.2169143e+00
  -1.3432299e+00
  -1.0069051e+00
  -3.2744673e-01
   4.5751415e-01
   1.0753227e+00
   1.3129673e+00
   1.0904636e+00
   4.8769945e-01
  -2.8423217e-01
  -9.5692750e-01
  -1.2979316e+00
  -1.1909817e+00
  -6.7556290e-01
   6.7650262e-02
   7.8010606e-01
   1.2152655e+00
   1.2238422e+00
   8.0495256e-01
   1.0568148e-01
  -6.3051833e-01
  -1.1485016e+00
  -1.2697572e+00
  -9.5384331e-01
  -3.1181937e-01
   4.3276680e-01
   1.0216449e+00
   1.2513188e+00
   1.0433188e+00
   4.7098895e-01
  -2.6632162e-01
  -9.1259475e-01
  -1.2439244e+00
  -1.1459960e+00
  -6.5348728e-01
   6.2177200e-02
   7.5240740e-01
   1.1776931e+00
   1.1906345e+00
   7.8700992e-01
   1.0720142e-01
  -6.1251742e-01
  -1.1219662e+00
  -1.2439138e+00
  -9.3568993e-01
  -3.0414852e-01
   4.3127966e-01
   1.0147092e+00
   1.2427399e+00
   1.0353422e+00
   4.6399913e-01
  -2.7280391e-01
  -9.1838186e-01
  -1.2471483e+00
  -1.1433869e+00
  -6.4200742e-01
   8.3079856e-02
   7.7915328e-01
   1.2026557e+00
   1.2043788e+00
   7.8208245e-01
   8.1980588e-02
  -6.5171467e-01
  -1.1618383e+00
  -1.2683400e+00
  -9.3185235e-01
  -2.6830499e-01
   4.9086467e-01
   1.0793123e+00
   1.2891805e+00
   1.0445619e+00
   4.2905978e-01
  -3.4259308e-01
  -9.9929042e-01
  -1.3087148e+00
  -1.1595294e+00
  -6.0151527e-01
   1.7084937e-01
   8.8603204e-01
   1.2908430e+00
   1.2401007e+00
   7.4880667e-01
  -1.1951717e-02
  -7.7440575e-01
  -1.2682508e+00
  -1.3164657e+00
  -8.9883740e-01
  -1.6036321e-01
   6.3894001e-01
   1.2155116e+00
   1.3628612e+00
   1.0256220e+00
   3.2045522e-01
  -5.0411200e-01
  -1.1551585e+00
  -1.3994020e+00
  -1.1468482e+00
  -4.8403417e-01
   3.5545013e-01
   1.0731954e+00
   1.4120528e+00
   1.2483560e+00
   6.3718601e-01
  -2.0592881e-01
  -9.8088521e-01
  -1.4097835e+00
  -1.3366287e+00
  -7.8416050e-01
   5.2931696e-02
   8.7651752e-01
   1.3911966e+00
   1.4103333e+00
   9.2387122e-01
   1.0324806e-01
  -7.5887511e-01
  -1.3529275e+00
  -1.4636194e+00
  -1.0480535e+00
  -2.5237612e-01
   6.3950990e-01
   1.3072233e+00
   1.5090599e+00
   1.1696195e+00
   4.0809488e-01
  -5.0342021e-01
  -1.2370764e+00
  -1.5272011e+00
  -1.2665820e+00
  -5.4617069e-01
   3.7653698e-01
   1.1695062e+00
   1.5457016e+00
   1.3671120e+00
   6.9552508e-01
  -2.2866835e-01
  -1.0724321e+00
  -1.5300906e+00
  -1.4341324e+00
  -8.1661183e-01
   1.0139920e-01
   9.8891558e-01
   1.5244180e+00
   1.5124442e+00
   9.5508208e-01
   5.2171782e-02
  -8.7024424e-01
  -1.4776337e+00
  -1.5483474e+00
  -1.0545883e+00
  -1.7335625e-01
   7.7695643e-01
   1.4516332e+00
   1.6047800e+00
   1.1790897e+00
   3.2741408e-01
  -6.4200742e-01
  -1.3770671e+00
  -1.6097104e+00
  -1.2537617e+00
  -4.3691348e-01
   5.4503253e-01
   1.3353049e+00
   1.6458814e+00
   1.3626013e+00
   5.8727189e-01
  -3.9879758e-01
  -1.2368072e+00
  -1.6210351e+00
  -1.4104316e+00
  -6.8046738e-01
   3.0386041e-01
   1.1842437e+00
   1.6395739e+00
   1.5031947e+00
   8.2404740e-01
  -1.5076340e-01
  -1.0658072e+00
  -1.5869173e+00
  -1.5232710e+00
  -8.9732896e-01
   6.3039122e-02
   1.0075161e+00
   1.5911956e+00
   1.6006603e+00
   1.0321619e+00
   9.3228213e-02
  -8.7300969e-01
  -1.5131902e+00
  -1.5929765e+00
  -1.0828876e+00
  -1.6923020e-01
   8.1395170e-01
   1.5070702e+00
   1.6566246e+00
   1.2080598e+00
   3.2580356e-01
  -6.6690947e-01
  -1.4064203e+00
  -1.6218743e+00
  -1.2344642e+00
  -3.8629012e-01
   6.1176313e-01
   1.3940311e+00
   1.6741491e+00
   1.3500208e+00
   5.4116904e-01
  -4.5522808e-01
  -1.2734632e+00
  -1.6135169e+00
  -1.3510886e+00
  -5.8305904e-01
   4.0827595e-01
   1.2590148e+00
   1.6573327e+00
   1.4579115e+00
   7.3509598e-01
  -2.4469607e-01
  -1.1210948e+00
  -1.5722958e+00
  -1.4332312e+00
  -7.5597317e-01
   2.0976147e-01
   1.1087320e+00
   1.6109416e+00
   1.5329052e+00
   9.0482725e-01
  -4.0930956e-02
  -9.5572169e-01
  -1.5030911e+00
  -1.4825151e+00
  -9.0286189e-01
   2.1358167e-02
   9.4941903e-01
   1.5400821e+00
   1.5771937e+00
   1.0489288e+00
   1.5160350e-01
  -7.8317002e-01
  -1.4109674e+00
  -1.5014300e+00
  -1.0227788e+00
  -1.5293348e-01
   7.8666461e-01
   1.4499243e+00
   1.5937088e+00
   1.1671072e+00
   3.2957296e-01
  -6.0854657e-01
  -1.3009249e+00
  -1.4930630e+00
  -1.1158083e+00
  -3.1019933e-01
   6.2530468e-01
   1.3454821e+00
   1.5858668e+00
   1.2600105e+00
   4.9069947e-01
  -4.3616312e-01
  -1.1777051e+00
  -1.4608568e+00
  -1.1828628e+00
  -4.4851894e-01
   4.6937562e-01
   1.2314463e+00
   1.5573447e+00
   1.3290284e+00
   6.3365487e-01
  -2.6951350e-01
  -1.0456495e+00
  -1.4084031e+00
  -1.2254854e+00
  -5.6684628e-01
   3.2211459e-01
   1.1120696e+00
   1.5118928e+00
   1.3761003e+00
   7.5793398e-01
  -1.1129239e-01
  -9.0860593e-01
  -1.3392724e+00
  -1.2456649e+00
  -6.6487624e-01
   1.8599611e-01
   9.9109502e-01
   1.4531846e+00
   1.4035418e+00
   8.6371899e-01
   3.6554949e-02
  -7.6987706e-01
  -1.2568813e+00
  -1.2456710e+00
  -7.4290697e-01
   6.2794515e-02
   8.7172390e-01
   1.3847021e+00
   1.4138916e+00
   9.5174373e-01
   1.7276176e-01
  -6.3220237e-01
  -1.1643944e+00
  -1.2279130e+00
  -8.0170586e-01
  -4.6336872e-02
   7.5661304e-01
   1.3096559e+00
   1.4097835e+00
   1.0231646e+00
   2.9665608e-01
  -4.9776790e-01
  -1.0646583e+00
  -1.1948227e+00
  -8.4238490e-01
  -1.4077762e-01
   6.4789609e-01
   1.2309331e+00
   1.3938423e+00
   1.0794427e+00
   4.0807138e-01
  -3.6823585e-01
  -9.6016204e-01
  -1.1487620e+00
  -8.6628891e-01
  -2.2034952e-01
   5.4722155e-01
   1.1510710e+00
   1.3686033e+00
   1.1222401e+00
   5.0725679e-01
  -2.4478848e-01
  -8.5302068e-01
  -1.0919531e+00
  -8.7489901e-01
  -2.8522808e-01
   4.5580181e-01
   1.0722499e+00
   1.3364542e+00
   1.1533309e+00
   5.9479135e-01
  -1.2818067e-01
  -7.4497679e-01
  -1.0264298e+00
  -8.6975200e-01
  -3.3585992e-01
   3.7446827e-01
   9.9630168e-01
   1.2995941e+00
   1.1745289e+00
   6.7150478e-01
  -1.8796945e-02
  -6.3741548e-01
  -9.5400628e-01
  -8.5237553e-01
  -3.7288824e-01
   3.0372854e-01
   9.2472979e-01
   1.2600105e+00
   1.1876290e+00
   7.3840662e-01
   8.3290454e-02
  -5.3138943e-01
  -8.7626118e-01
  -8.2423815e-01
  -3.9708782e-01
   2.4382258e-01
   8.5873628e-01
   1.2194677e+00
   1.1943627e+00
   7.9662465e-01
   1.7826508e-01
  -4.2765054e-01
  -7.9453399e-01
  -7.8671301e-01
  -4.0931027e-01
   1.9477548e-01
   7.9925335e-01
   1.1795061e+00
   1.1963656e+00
   8.4735250e-01
   2.6651299e-01
  -3.2668545e-01
  -7.0993119e-01
  -7.4105360e-01
  -4.1043941e-01
   1.5644535e-01
   7.4697658e-01
   1.1414486e+00
   1.1951545e+00
   8.9180620e-01
   3.4857390e-01
  -2.2875293e-01
  -6.2333965e-01
  -6.8837986e-01
  -4.0135649e-01
   1.2856506e-01
   7.0239781e-01
   1.1064124e+00
   1.1921135e+00
   9.3118890e-01
   4.2509717e-01
  -1.3392148e-01
  -5.3544555e-01
  -6.2967304e-01
  -3.8291463e-01
   1.1077759e-01
   6.6583604e-01
   1.0753227e+00
   1.1884855e+00
   9.6666256e-01
   4.9680277e-01
  -4.2106093e-02
  -4.4675705e-01
  -5.6577786e-01
  -3.5592151e-01
   1.0266449e-01
   6.3746518e-01
   1.0489288e+00
   1.1853689e+00
   9.9932568e-01
   5.6444707e-01
   4.6896541e-02
  -3.5762942e-01
  -4.9741055e-01
  -3.2112967e-01
   1.0376770e-01
   6.1733787e-01
   1.0278195e+00
   1.1837172e+00
   1.0301957e+00
   6.2879283e-01
   1.3337469e-01
  -2.6829179e-01
  -4.2517163e-01
  -2.7923330e-01
   1.1360486e-01
   6.0540483e-01
   1.0124365e+00
   1.1843404e+00
   1.0601952e+00
   6.9058292e-01
   2.1767020e-01
  -1.7887473e-01
  -3.4956256e-01
  -2.3087088e-01
   1.3167848e-01
   6.0152942e-01
   1.0030865e+00
   1.1879065e+00
   1.0901398e+00
   7.5051691e-01
   3.0014899e-01
  -8.9438247e-02
  -2.7100534e-01
  -1.7663287e-01
   1.5747944e-01
   6.0549731e-01
   9.9995000e-01
   1.1949428e+00
   1.1207289e+00
   8.0923002e-01
   3.8117314e-01
