  -6.1416437e-01
  -7.7681894e-01
   2.2618642e-01
   1.0229505e+00
   5.3409545e-01
  -5.6042797e-01
  -7.6739210e-01
   1.7850208e-01
   9.7162273e-01
   5.3592632e-01
  -5.1160272e-01
  -7.2481137e-01
   1.8708114e-01
   9.7409688e-01
   5.6626866e-01
  -4.7003718e-01
  -7.2228901e-01
   1.3543655e-01
   9.1483583e-01
   5.5429041e-01
  -4.3515770e-01
  -6.8811868e-01
   1.3931268e-01
   9.0981463e-01
   5.7221848e-01
  -4.0571622e-01
  -6.9184295e-01
   8.5962636e-02
   8.4728467e-01
   5.5300562e-01
  -3.7749313e-01
  -6.5847135e-01
   9.3834896e-02
   8.4524959e-01
   5.7028716e-01
  -3.4832528e-01
  -6.5702124e-01
   5.0371693e-02
   7.9184053e-01
   5.5658391e-01
  -3.1480650e-01
  -6.1383941e-01
   7.2022802e-02
   8.0237455e-01
   5.8227624e-01
  -2.7839787e-01
  -6.0175192e-01
   4.2367712e-02
   7.6115357e-01
   5.7613653e-01
  -2.3937974e-01
  -5.5081809e-01
   7.4026052e-02
   7.7954756e-01
   6.0461277e-01
  -2.0292271e-01
  -5.3715654e-01
   4.7832328e-02
   7.3973000e-01
   5.9497869e-01
  -1.7023266e-01
  -4.9130391e-01
   7.6241844e-02
   7.5316171e-01
   6.1408924e-01
  -1.4562075e-01
  -4.8793979e-01
   4.2170041e-02
   7.0473097e-01
   5.9249671e-01
  -1.2658678e-01
  -4.5366191e-01
   6.2044400e-02
   7.0977993e-01
   6.0084068e-01
  -1.1367565e-01
  -4.5931864e-01
   2.2705490e-02
   6.5717793e-01
   5.7361377e-01
  -1.0063933e-01
  -4.2814627e-01
   4.3369411e-02
   6.6437699e-01
   5.8290312e-01
  -8.7126879e-02
  -4.3051919e-01
   1.1014965e-02
   6.2007114e-01
   5.6267692e-01
  -6.7848972e-02
  -3.9118480e-01
   4.2689620e-02
   6.3886008e-01
   5.8157793e-01
  -4.6306229e-02
  -3.8456947e-01
   2.1282291e-02
   6.0540134e-01
   5.6961462e-01
  -2.1125254e-02
  -3.3936214e-01
   5.9811610e-02
   6.3018459e-01
   5.9134881e-01
   3.3469504e-04
  -3.3341666e-01
   3.8327518e-02
   5.9569134e-01
   5.7526899e-01
   1.8509670e-02
  -2.9589182e-01
   6.9733688e-02
   6.1259787e-01
   5.8646625e-01
   2.7030539e-02
  -3.0305788e-01
   3.6338163e-02
   5.6631388e-01
   5.5693797e-01
   3.0267107e-02
  -2.7990776e-01
   5.5258446e-02
   5.7165650e-01
   5.5581962e-01
   2.5857277e-02
  -2.9865846e-01
   1.2945120e-02
   5.1823339e-01
   5.1925011e-01
   2.2086637e-02
  -2.8080700e-01
   2.9418731e-02
   5.2307207e-01
   5.1788764e-01
   1.7524205e-02
  -2.9810001e-01
  -8.7598911e-03
   4.7556113e-01
   4.8727964e-01
   1.9394953e-02
  -2.7368039e-01
   1.6108605e-02
   4.8971606e-01
   4.9446901e-01
   2.2225542e-02
  -2.8355436e-01
  -1.3714048e-02
   4.5068992e-01
   4.7085258e-01
   2.9134671e-02
  -2.5499384e-01
   1.5271668e-02
   4.6824478e-01
   4.7927486e-01
   3.0691510e-02
  -2.6751200e-01
  -1.7560326e-02
   4.2534873e-01
   4.4964091e-01
   2.9133759e-02
  -2.4876833e-01
   1.2901916e-03
   4.3210586e-01
   4.4551550e-01
   1.6236783e-02
  -2.7645588e-01
  -4.6283308e-02
   3.7470278e-01
   4.0062605e-01
  -1.5032730e-03
  -2.7373926e-01
  -4.2231583e-02
   3.6772816e-01
   3.8292801e-01
  -2.7966473e-02
  -3.1393642e-01
  -1.0021106e-01
   3.0186234e-01
   3.3056968e-01
  -5.2488092e-02
  -3.1649595e-01
  -9.9079953e-02
   2.9406708e-01
   3.1316305e-01
  -7.7919095e-02
  -3.5420657e-01
  -1.5236049e-01
   2.3479895e-01
   2.6823229e-01
  -9.4719935e-02
  -3.4826045e-01
  -1.4135714e-01
   2.3786330e-01
   2.6161382e-01
  -1.0996123e-01
  -3.7589918e-01
  -1.8409340e-01
   1.8927925e-01
   2.2648389e-01
  -1.1840288e-01
  -3.6263212e-01
  -1.6625050e-01
   1.9844112e-01
   2.2434627e-01
  -1.3118462e-01
  -3.8929683e-01
  -2.0880164e-01
   1.4915427e-01
   1.8689158e-01
  -1.4390943e-01
  -3.8172344e-01
  -1.9733065e-01
   1.5128445e-01
   1.7650518e-01
  -1.6632265e-01
  -4.1871948e-01
  -2.5006095e-01
   9.2106081e-02
   1.2896787e-01
  -1.8949101e-01
  -4.2133981e-01
  -2.4774818e-01
   8.6245882e-02
   1.1132545e-01
  -2.1855943e-01
  -4.6378179e-01
  -3.0395483e-01
   2.5657333e-02
   6.3936238e-02
  -2.4030418e-01
  -4.6330310e-01
  -2.9630582e-01
   2.7335827e-02
   5.5455025e-02
  -2.5893462e-01
  -4.9371388e-01
  -3.3841903e-01
  -1.7222749e-02
   2.5340253e-02
  -2.6267001e-01
  -4.7437517e-01
  -3.1076429e-01
   5.3887423e-03
   3.8011105e-02
  -2.6042468e-01
  -4.8405776e-01
  -3.3198564e-01
  -1.8306241e-02
   2.8039014e-02
  -2.4525716e-01
  -4.4697774e-01
  -2.8746092e-01
   2.0170133e-02
   5.5010546e-02
  -2.3062970e-01
  -4.4595748e-01
  -2.9921311e-01
   4.7290288e-03
   5.1646395e-02
  -2.1077561e-01
  -4.0583351e-01
  -2.5279047e-01
   4.4084540e-02
   7.8212137e-02
  -1.9793523e-01
  -4.0754409e-01
  -2.6758823e-01
   2.5517000e-02
   7.1437957e-02
  -1.8187228e-01
  -3.7120921e-01
  -2.2438224e-01
   6.2445107e-02
   9.6189232e-02
  -1.7029662e-01
  -3.7324189e-01
  -2.3801094e-01
   4.6702188e-02
   9.3622742e-02
  -1.4886155e-01
  -3.3017835e-01
  -1.8636899e-01
   9.3789264e-02
   1.2988967e-01
  -1.2470192e-01
  -3.1844273e-01
  -1.8478516e-01
   9.4613368e-02
   1.4474765e-01
  -8.5441418e-02
  -2.5722786e-01
  -1.1457428e-01
   1.6049570e-01
   1.9951060e-01
  -4.3525918e-02
  -2.2852346e-01
  -9.6688718e-02
   1.7678835e-01
   2.2848879e-01
   8.0493259e-03
  -1.5687648e-01
  -1.7811543e-02
   2.4946840e-01
   2.8780051e-01
   5.1984508e-02
  -1.2857310e-01
  -2.4536747e-03
   2.6116538e-01
   3.0986763e-01
   9.4145978e-02
  -6.8670306e-02
   6.2715718e-02
   3.1835104e-01
   3.5181959e-01
   1.1886000e-01
  -6.1096737e-02
   5.6352927e-02
   3.0762650e-01
   3.5074925e-01
   1.3717782e-01
  -2.5430101e-02
   9.7365250e-02
   3.4100800e-01
   3.6925636e-01
   1.3885154e-01
  -4.0159691e-02
   6.9892905e-02
   3.1058479e-01
   3.4979860e-01
   1.3997887e-01
  -2.0351042e-02
   9.6640630e-02
   3.3135649e-01
   3.5714537e-01
   1.3175173e-01
  -4.3660226e-02
   6.2081599e-02
   2.9528882e-01
   3.3313847e-01
   1.2906215e-01
  -2.7062150e-02
   8.6232074e-02
   3.1392094e-01
   3.3842111e-01
   1.1849806e-01
  -5.3071380e-02
   4.8653213e-02
   2.7438454e-01
   3.1012268e-01
   1.1033282e-01
  -4.3242902e-02
   6.4791443e-02
   2.8370091e-01
   3.0454830e-01
   8.7191910e-02
  -8.3460530e-02
   1.1613402e-02
   2.2728062e-01
   2.5797734e-01
   5.9283774e-02
  -9.4683875e-02
   5.7128313e-03
   2.1379698e-01
   2.2890285e-01
   1.2050783e-02
  -1.5924088e-01
  -7.1577650e-02
   1.3382368e-01
   1.5945116e-01
  -3.7962762e-02
  -1.9149605e-01
  -9.7017418e-02
   1.0259372e-01
   1.1453621e-01
  -9.9012072e-02
  -2.6754473e-01
  -1.8308909e-01
   1.6768848e-02
   4.2140022e-02
  -1.4913253e-01
  -2.9699011e-01
  -2.0263676e-01
  -5.4531609e-03
   9.1873259e-03
  -1.9544127e-01
  -3.5554068e-01
  -2.6840184e-01
  -6.8270805e-02
  -3.7836016e-02
  -2.1820128e-01
  -3.5586996e-01
  -2.5721306e-01
  -5.8372887e-02
  -3.7680923e-02
  -2.3079907e-01
  -3.8031823e-01
  -2.8859652e-01
  -8.6754930e-02
  -5.0618115e-02
  -2.2023259e-01
  -3.4831860e-01
  -2.4618454e-01
  -4.6902165e-02
  -2.2050246e-02
  -2.0618997e-01
  -3.4793634e-01
  -2.5446151e-01
  -5.3895124e-02
  -1.5454946e-02
  -1.7807801e-01
  -3.0033511e-01
  -1.9821595e-01
  -1.8439655e-03
   2.3706601e-02
  -1.5498059e-01
  -2.9220047e-01
  -1.9970409e-01
  -2.7642802e-03
   3.5745663e-02
  -1.2198680e-01
  -2.4008014e-01
  -1.3900871e-01
   5.3889698e-02
   7.9755376e-02
  -9.3707375e-02
  -2.2621888e-01
  -1.3395506e-01
   6.0475324e-02
   1.0022731e-01
  -5.1445649e-02
  -1.6399513e-01
  -6.2257880e-02
   1.2900446e-01
   1.5682016e-01
  -1.0060073e-02
  -1.3658642e-01
  -4.3247086e-02
   1.4981021e-01
   1.9145585e-01
   4.5944476e-02
  -6.1306564e-02
   4.0631820e-02
   2.2940150e-01
   2.5764247e-01
   9.5118627e-02
  -2.8120946e-02
   6.3285397e-02
   2.5152419e-01
   2.9095443e-01
   1.4684054e-01
   3.9732596e-02
   1.3652557e-01
   3.1718444e-01
   3.3978083e-01
   1.7513637e-01
   4.8589150e-02
   1.3157654e-01
   3.0856976e-01
   3.3926472e-01
   1.8999597e-01
   7.6739756e-02
   1.6258449e-01
   3.2977360e-01
   3.4166000e-01
   1.7017192e-01
   3.6206235e-02
   1.0747794e-01
   2.7067616e-01
   2.9065869e-01
   1.3484319e-01
   1.4856036e-02
   9.0135165e-02
   2.4509546e-01
   2.4815620e-01
   7.2317364e-02
  -6.5795682e-02
  -2.0854770e-03
   1.5220559e-01
   1.6684356e-01
   1.0251583e-02
  -1.1016982e-01
  -3.8567818e-02
   1.1146672e-01
   1.1314447e-01
  -5.9562813e-02
  -1.9420024e-01
  -1.3023730e-01
   2.2972888e-02
   3.9835392e-02
  -1.1031559e-01
  -2.2419872e-01
  -1.4948226e-01
   2.0834618e-03
   8.2634864e-03
  -1.5606234e-01
  -2.8247362e-01
  -2.1390807e-01
  -5.7939241e-02
  -3.5712278e-02
  -1.7700191e-01
  -2.8247091e-01
  -2.0316881e-01
  -4.9068551e-02
  -3.7993043e-02
  -1.9413484e-01
  -3.1290140e-01
  -2.4052870e-01
  -8.2841555e-02
  -5.6648025e-02
  -1.9079241e-01
  -2.8966506e-01
  -2.0752045e-01
  -5.2578056e-02
  -3.8358417e-02
  -1.8809434e-01
  -3.0082185e-01
  -2.2591949e-01
  -6.7507010e-02
  -3.8187511e-02
  -1.6587366e-01
  -2.5852302e-01
  -1.7347921e-01
  -1.7288581e-02
   6.6218755e-04
  -1.4194028e-01
  -2.4764611e-01
  -1.6890420e-01
  -8.2464426e-03
   2.5727552e-02
  -9.4037908e-02
  -1.7898818e-01
  -8.9513181e-02
   6.9376980e-02
   9.2215105e-02
  -4.2478926e-02
  -1.4069980e-01
  -5.7926382e-02
   1.0476888e-01
   1.4259157e-01
   2.9275011e-02
  -5.0024360e-02
   4.1324425e-02
   1.9975588e-01
   2.2356686e-01
   9.2085764e-02
  -3.9941884e-03
   7.6932213e-02
   2.3521385e-01
   2.6976232e-01
   1.5512829e-01
   7.3251467e-02
   1.5794683e-01
   3.0710676e-01
   3.2274303e-01
   1.8506395e-01
   8.1667101e-02
   1.5143615e-01
   2.9618439e-01
   3.1850552e-01
   1.9385429e-01
   1.0117518e-01
   1.7166060e-01
   3.0469988e-01
   3.0598589e-01
   1.5667334e-01
   4.1455169e-02
   9.6650695e-02
   2.2553822e-01
   2.3431683e-01
   9.9360781e-02
  -3.2485518e-03
   5.5154280e-02
   1.7539540e-01
   1.6671070e-01
   1.1151052e-02
  -1.0943225e-01
  -6.1256157e-02
   6.0300157e-02
   6.4844450e-02
  -7.0437914e-02
  -1.7232277e-01
  -1.1469485e-01
   4.5440894e-03
  -2.0584929e-03
  -1.5169473e-01
  -2.6537570e-01
  -2.1189623e-01
  -8.5464921e-02
  -7.3295049e-02
  -1.9752248e-01
  -2.8778943e-01
  -2.2055264e-01
  -9.2583495e-02
  -8.8214742e-02
  -2.2397236e-01
  -3.2369494e-01
  -2.5872744e-01
  -1.2219297e-01
  -9.8256642e-02
  -2.0840565e-01
  -2.8505429e-01
  -2.0714301e-01
  -7.0334686e-02
  -5.5909984e-02
  -1.7970042e-01
  -2.6822508e-01
  -1.9524113e-01
  -5.2760081e-02
  -2.1922532e-02
  -1.2350266e-01
  -1.9251249e-01
  -1.1021666e-01
   2.8874371e-02
   4.6520403e-02
  -7.2348259e-02
  -1.5676302e-01
  -8.2745987e-02
   5.8831422e-02
   8.9821169e-02
  -9.7982098e-03
  -7.7503070e-02
   3.2268718e-03
   1.3902335e-01
   1.5461452e-01
   3.5688287e-02
  -4.9212829e-02
   2.1686739e-02
   1.5860227e-01
   1.8626583e-01
   8.5364523e-02
   1.6004945e-02
   9.2520410e-02
   2.2260400e-01
   2.3381839e-01
   1.1254705e-01
   2.4939437e-02
   9.0589137e-02
   2.2071815e-01
   2.4281278e-01
   1.3821878e-01
   6.4674588e-02
   1.3436870e-01
   2.5600485e-01
   2.5988912e-01
   1.3308745e-01
   3.9442990e-02
   9.6450227e-02
   2.1633180e-01
   2.2928334e-01
   1.1734047e-01
   3.6001288e-02
   9.5431996e-02
   2.0537985e-01
   1.9888547e-01
   6.3758324e-02
  -3.8314357e-02
   8.2023196e-03
   1.1657711e-01
   1.1971267e-01
   3.9305322e-04
  -8.7985453e-02
  -3.7158667e-02
   6.3684971e-02
   5.0287000e-02
  -8.8781161e-02
  -1.9389853e-01
  -1.5142420e-01
  -4.7080774e-02
  -4.5354482e-02
  -1.6276211e-01
  -2.4799207e-01
  -1.9469066e-01
  -9.1092461e-02
  -9.8922790e-02
  -2.2896952e-01
  -3.2373188e-01
  -2.7153850e-01
  -1.5727401e-01
  -1.4303480e-01
  -2.4480771e-01
  -3.1346157e-01
  -2.4466134e-01
  -1.2587973e-01
  -1.1654061e-01
  -2.2696166e-01
  -3.0185022e-01
  -2.3159343e-01
  -1.0039797e-01
  -6.8158508e-02
  -1.5044969e-01
  -2.0034740e-01
  -1.1555329e-01
   1.7143174e-02
   4.0521318e-02
  -5.5288889e-02
  -1.1713043e-01
  -3.7363351e-02
   1.0051320e-01
   1.3881848e-01
   6.2476717e-02
   1.6383672e-02
   1.0099026e-01
   2.3032084e-01
   2.4946602e-01
   1.4917763e-01
   8.0733382e-02
   1.5005787e-01
   2.7454934e-01
   2.9889746e-01
   2.0873442e-01
   1.4720451e-01
   2.1317623e-01
   3.2167302e-01
   3.2023571e-01
   2.0041475e-01
   1.1183841e-01
   1.5892136e-01
   2.6007432e-01
   2.6241548e-01
   1.5236955e-01
   7.1456479e-02
   1.1705742e-01
   2.0519468e-01
   1.8579767e-01
   5.1175803e-02
  -5.0692438e-02
  -1.6934668e-02
   7.1747426e-02
   6.4718092e-02
  -5.0962461e-02
  -1.3551138e-01
  -9.3171742e-02
  -7.1414287e-03
  -2.5368206e-02
  -1.5501381e-01
  -2.4992447e-01
  -2.0895598e-01
  -1.1217554e-01
  -1.0825824e-01
  -2.0974483e-01
  -2.7875794e-01
  -2.2133004e-01
  -1.2009657e-01
  -1.2111852e-01
  -2.3120451e-01
  -3.0612291e-01
  -2.4654142e-01
  -1.3201812e-01
  -1.0940301e-01
  -1.9090754e-01
  -2.4054730e-01
  -1.6611421e-01
  -4.9689795e-02
  -3.5465937e-02
  -1.2985217e-01
  -1.9041460e-01
  -1.1949493e-01
   3.9528714e-03
   3.4983484e-02
  -3.8150833e-02
  -8.1156077e-02
  -3.3772386e-03
   1.1381208e-01
   1.2821690e-01
   3.3996924e-02
  -2.7986433e-02
   3.8468377e-02
   1.5516570e-01
   1.7918193e-01
   9.9380436e-02
   4.8555900e-02
   1.1598377e-01
   2.2110119e-01
   2.2376844e-01
   1.1879562e-01
   4.5589921e-02
   9.8992597e-02
   2.0159013e-01
   2.1245863e-01
   1.2107210e-01
   5.8762263e-02
   1.1344163e-01
   2.0530618e-01
   1.9617839e-01
   8.1451416e-02
  -9.4742131e-04
   4.2424219e-02
   1.3483596e-01
   1.3723154e-01
   3.9596389e-02
  -2.8251196e-02
   2.0183120e-02
   1.0574744e-01
   9.2094639e-02
  -2.4891533e-02
  -1.0880173e-01
  -6.7629380e-02
   2.2496135e-02
   2.4283823e-02
  -7.1829766e-02
  -1.3754402e-01
  -8.7784050e-02
  -1.0945217e-03
  -1.2057120e-02
  -1.2432231e-01
  -2.0297041e-01
  -1.5740205e-01
  -6.3163271e-02
  -5.5821237e-02
  -1.4449478e-01
  -2.0236023e-01
  -1.4572615e-01
  -5.2544617e-02
  -5.5675067e-02
  -1.5831621e-01
  -2.2701046e-01
  -1.7254709e-01
  -6.9923736e-02
  -5.3049928e-02
  -1.3063993e-01
  -1.7734771e-01
  -1.1087553e-01
  -8.6453346e-03
  -1.8862873e-03
  -9.3409484e-02
  -1.5124179e-01
  -8.7588720e-02
   2.3026539e-02
   4.8254917e-02
  -2.0276695e-02
  -5.8715240e-02
   1.3830471e-02
   1.2041813e-01
   1.3138347e-01
   4.4278749e-02
  -1.0376574e-02
   5.3836421e-02
   1.6287966e-01
   1.8596674e-01
   1.1511370e-01
   7.2787091e-02
   1.3859101e-01
   2.3615474e-01
   2.3746312e-01
   1.4056003e-01
   7.4694502e-02
   1.2510199e-01
   2.1838901e-01
   2.2547668e-01
   1.3894965e-01
   8.0111515e-02
   1.2750034e-01
   2.0549360e-01
   1.8787398e-01
   7.3345437e-02
  -9.9165215e-03
   2.2319245e-02
   9.7423956e-02
   8.8103567e-02
  -1.2406864e-02
  -8.3871233e-02
  -4.8752824e-02
   1.8068425e-02
  -7.8853832e-03
  -1.2731357e-01
  -2.1317140e-01
  -1.8232485e-01
  -1.0680296e-01
  -1.1233263e-01
  -2.0524920e-01
  -2.6659462e-01
  -2.2007224e-01
  -1.4011965e-01
  -1.4981572e-01
  -2.4959238e-01
  -3.1383853e-01
  -2.6082935e-01
  -1.6234652e-01
  -1.4291973e-01
  -2.0879068e-01
  -2.4256517e-01
  -1.6945664e-01
  -6.3744929e-02
  -4.7386851e-02
  -1.2076604e-01
  -1.5985144e-01
  -8.4436064e-02
   3.3843398e-02
   7.1578029e-02
   2.2616285e-02
   2.8699724e-03
   8.5744630e-02
   1.9726052e-01
   2.1675449e-01
   1.4413449e-01
   1.0217482e-01
   1.6992727e-01
   2.7626470e-01
   2.9927739e-01
   2.3333452e-01
   1.9335295e-01
   2.5185845e-01
   3.3564686e-01
   3.2580749e-01
   2.2301767e-01
   1.4929460e-01
   1.8301303e-01
   2.5397232e-01
   2.4212657e-01
   1.4271340e-01
   6.9989474e-02
   9.5881473e-02
   1.4815035e-01
   1.0974762e-01
  -1.7812175e-02
  -1.1323548e-01
  -9.8862081e-02
  -4.4106558e-02
  -6.7378676e-02
  -1.7284502e-01
  -2.4721428e-01
  -2.1952734e-01
  -1.6151617e-01
  -1.8889412e-01
  -2.9985900e-01
  -3.7439595e-01
  -3.3614557e-01
  -2.5437577e-01
  -2.4652875e-01
  -3.1682419e-01
  -3.5354605e-01
  -2.8729706e-01
  -1.8990112e-01
  -1.7631618e-01
  -2.4496502e-01
  -2.7753889e-01
  -1.9934614e-01
  -7.9836957e-02
  -3.5756470e-02
  -7.1546292e-02
  -7.7119407e-02
   1.5391462e-02
   1.3416027e-01
   1.6514626e-01
   1.0997168e-01
   8.5623866e-02
   1.6559039e-01
   2.8074739e-01
   3.1560733e-01
   2.6614819e-01
   2.4155051e-01
   3.0891409e-01
   3.9717418e-01
   3.9397349e-01
   3.0177273e-01
   2.3705499e-01
   2.7290154e-01
   3.4125298e-01
   3.2855885e-01
   2.3186159e-01
   1.6004322e-01
   1.7996676e-01
   2.2174538e-01
   1.7501291e-01
   4.3295504e-02
  -5.7278168e-02
  -5.3993856e-02
  -1.3946832e-02
  -4.8977768e-02
  -1.6129801e-01
  -2.4272127e-01
  -2.2712177e-01
  -1.8383179e-01
  -2.2195189e-01
  -3.3767391e-01
  -4.1604533e-01
  -3.8559496e-01
  -3.1339689e-01
  -3.1056504e-01
  -3.7953881e-01
  -4.1376932e-01
  -3.4878958e-01
  -2.5428900e-01
  -2.3897685e-01
  -2.9955227e-01
  -3.2292095e-01
  -2.3944488e-01
  -1.1668902e-01
  -6.5452780e-02
  -8.8675324e-02
  -8.1561884e-02
   1.8710765e-02
   1.4221997e-01
   1.8089204e-01
   1.3791503e-01
   1.2507307e-01
   2.1083891e-01
   3.2791079e-01
   3.6664472e-01
   3.2454832e-01
   3.0570785e-01
   3.7240490e-01
   4.5560069e-01
   4.4898246e-01
   3.5677122e-01
   2.9059586e-01
   3.1888239e-01
   3.7563156e-01
   3.5330765e-01
   2.5074465e-01
   1.7211820e-01
   1.7984407e-01
   2.0628446e-01
   1.4724620e-01
   8.2052223e-03
  -9.9278098e-02
  -1.0690169e-01
  -7.9627517e-02
  -1.2332332e-01
  -2.3840942e-01
  -3.2132674e-01
  -3.1037125e-01
  -2.7277567e-01
  -3.1173367e-01
  -4.2171200e-01
  -4.9246714e-01
  -4.5712390e-01
  -3.8096501e-01
  -3.6956992e-01
  -4.2396216e-01
  -4.4248647e-01
  -3.6537703e-01
  -2.6062700e-01
  -2.3150330e-01
  -2.7334696e-01
  -2.7799653e-01
  -1.8061060e-01
  -4.7249981e-02
   1.6506970e-02
   8.9517674e-03
   2.9971016e-02
   1.3772135e-01
   2.6394778e-01
   3.0598207e-01
   2.6847227e-01
   2.5854667e-01
   3.4020829e-01
   4.4791973e-01
   4.7749974e-01
   4.2804906e-01
   3.9925924e-01
   4.4928105e-01
   5.1118150e-01
   4.8443664e-01
   3.7518936e-01
   2.9097975e-01
   2.9630704e-01
   3.2733555e-01
   2.8228931e-01
   1.6192207e-01
   6.6398763e-02
   5.4320473e-02
   6.0288822e-02
  -1.4104596e-02
  -1.6146899e-01
  -2.7430967e-01
  -2.8831509e-01
  -2.6654046e-01
  -3.0949186e-01
  -4.1606867e-01
  -4.8708149e-01
  -4.6506734e-01
  -4.1561027e-01
  -4.3681609e-01
  -5.2189414e-01
  -5.6523835e-01
  -5.0455019e-01
  -4.0389697e-01
  -3.6423193e-01
  -3.8569106e-01
  -3.7147277e-01
  -2.6648550e-01
  -1.3754693e-01
  -8.3291544e-02
  -9.8100453e-02
  -7.8547606e-02
   3.5630005e-02
   1.7958455e-01
   2.5240949e-01
   2.5350675e-01
   2.7834062e-01
   3.8092128e-01
   4.9468726e-01
   5.2214822e-01
   4.6960165e-01
   4.4029467e-01
   4.9455045e-01
   5.6887390e-01
   5.6454435e-01
   4.8262942e-01
   4.1933748e-01
   4.2957206e-01
   4.4883840e-01
   3.8240807e-01
   2.3867157e-01
   1.2188405e-01
   9.3342872e-02
   9.1507571e-02
   2.0125638e-02
  -1.1809370e-01
  -2.2652625e-01
  -2.5002451e-01
  -2.5199608e-01
  -3.2569441e-01
  -4.6218637e-01
  -5.5799027e-01
  -5.5283410e-01
  -5.0850229e-01
  -5.2112812e-01
  -5.8879349e-01
  -6.1692236e-01
  -5.5258896e-01
  -4.6054964e-01
  -4.3493233e-01
  -4.6845478e-01
  -4.6039502e-01
  -3.5326185e-01
  -2.1058725e-01
  -1.2959599e-01
  -1.1002929e-01
  -5.9857803e-02
   7.1490261e-02
   2.1813431e-01
   2.8566101e-01
   2.8066949e-01
   3.0245918e-01
   4.0740680e-01
   5.3218231e-01
   5.8067392e-01
   5.5392019e-01
   5.4403645e-01
   6.0199794e-01
   6.6361135e-01
   6.3699453e-01
   5.3084860e-01
   4.4575222e-01
   4.3951250e-01
   4.5131916e-01
   3.8822149e-01
   2.5379150e-01
   1.4165540e-01
   1.0423779e-01
   7.9657549e-02
  -2.1242947e-02
  -1.8788746e-01
  -3.1906029e-01
  -3.5658990e-01
  -3.6025493e-01
  -4.2172200e-01
  -5.3709692e-01
  -6.1374059e-01
  -6.0053174e-01
  -5.6000738e-01
  -5.8171724e-01
  -6.5639178e-01
  -6.8535405e-01
  -6.1318750e-01
  -5.0165109e-01
  -4.4396014e-01
  -4.3847063e-01
  -3.9578009e-01
  -2.6796248e-01
  -1.1971597e-01
  -4.2058055e-02
  -2.7625270e-02
   1.9620363e-02
   1.5273062e-01
   3.0882886e-01
   3.9447931e-01
   4.1086517e-01
   4.4637382e-01
   5.4833075e-01
   6.5277756e-01
   6.7038348e-01
   6.0996705e-01
   5.6842920e-01
   6.0000960e-01
   6.4422615e-01
   6.1082428e-01
   5.0376079e-01
   4.1340787e-01
   3.8917256e-01
   3.7012456e-01
   2.7046688e-01
   1.0185253e-01
  -3.7072754e-02
  -9.0536544e-02
  -1.1684513e-01
  -2.0384810e-01
  -3.4611871e-01
  -4.5310215e-01
  -4.7559005e-01
  -4.7421045e-01
  -5.3433483e-01
  -6.4488269e-01
  -7.0909106e-01
  -6.7343829e-01
  -5.9792478e-01
  -5.7185890e-01
  -5.9209709e-01
  -5.7145418e-01
  -4.6420466e-01
  -3.3362750e-01
  -2.6721509e-01
  -2.5652071e-01
  -2.0818475e-01
  -7.1891906e-02
   9.0285821e-02
   1.8780097e-01
   2.2234786e-01
   2.7918017e-01
   4.0254049e-01
   5.2900557e-01
   5.7192752e-01
   5.4049546e-01
   5.2838181e-01
   5.8665427e-01
   6.5526705e-01
   6.4658228e-01
   5.6496481e-01
   4.9773587e-01
   4.9142502e-01
   4.8590253e-01
   3.9839349e-01
   2.4139081e-01
   1.1091497e-01
   6.0229456e-02
   3.2115399e-02
  -5.8015197e-02
  -2.0363864e-01
  -3.1651767e-01
  -3.4961760e-01
  -3.6216102e-01
  -4.3598216e-01
  -5.5867968e-01
  -6.3566085e-01
  -6.1554749e-01
  -5.5703408e-01
  -5.4607463e-01
  -5.7839376e-01
  -5.6912545e-01
  -4.7480546e-01
  -3.5752496e-01
  -3.0155385e-01
  -2.9745857e-01
  -2.5437245e-01
  -1.2447603e-01
   3.1044905e-02
   1.2454698e-01
   1.5845410e-01
   2.1537680e-01
   3.3700760e-01
   4.6081589e-01
   5.0310457e-01
   4.7387107e-01
   4.6422997e-01
   5.2274890e-01
   5.9027273e-01
   5.8209876e-01
   5.0343686e-01
   4.3917409e-01
   4.3353005e-01
   4.2747820e-01
   3.4138550e-01
   1.8877554e-01
   6.3369491e-02
   1.6161720e-02
  -9.0326003e-03
  -9.3798225e-02
  -2.3071920e-01
  -3.3395482e-01
  -3.5880725e-01
  -3.6353704e-01
  -4.2706910e-01
  -5.3622991e-01
  -5.9898720e-01
  -5.6653771e-01
  -4.9692941e-01
  -4.7354844e-01
  -4.9163540e-01
  -4.6907036e-01
  -3.6505143e-01
  -2.4104137e-01
  -1.7870689e-01
  -1.6804739e-01
  -1.2083246e-01
   8.1960103e-03
   1.5856197e-01
   2.4532761e-01
   2.7167343e-01
   3.1788529e-01
   4.2350864e-01
   5.2719484e-01
   5.4844949e-01
   4.9852566e-01
   4.6667705e-01
   4.9970326e-01
   5.3990231e-01
   5.0596765e-01
   4.0453803e-01
   3.1882290e-01
   2.9144669e-01
   2.6495637e-01
   1.6315486e-01
   9.3937503e-04
  -1.2982205e-01
  -1.8005933e-01
  -2.0487090e-01
  -2.8300013e-01
  -4.0628017e-01
  -4.9132092e-01
  -4.9591691e-01
  -4.7779920e-01
  -5.1360269e-01
  -5.8994341e-01
  -6.1777609e-01
  -5.5133973e-01
  -4.4870829e-01
  -3.9148097e-01
  -3.7505667e-01
  -3.2048511e-01
  -1.9000506e-01
  -4.4948315e-02
   3.5095641e-02
   6.0377246e-02
   1.1645195e-01
   2.4607405e-01
   3.8945601e-01
   4.6434175e-01
   4.7486188e-01
   4.9944280e-01
   5.7602426e-01
   6.4486911e-01
   6.2906403e-01
   5.4164928e-01
   4.7074463e-01
   4.6210174e-01
   4.5999249e-01
   3.8688424e-01
   2.5128083e-01
   1.3525243e-01
   8.0273822e-02
   3.0635046e-02
  -8.6465791e-02
  -2.5479803e-01
  -3.8432875e-01
  -4.2801275e-01
  -4.4024499e-01
  -4.9750954e-01
  -5.9144298e-01
  -6.4155753e-01
  -6.0864753e-01
  -5.5062477e-01
  -5.4265286e-01
  -5.7183052e-01
  -5.5258623e-01
  -4.4263448e-01
  -3.0059983e-01
  -2.0682017e-01
  -1.5715425e-01
  -7.5828825e-02
   7.1999127e-02
   2.2522132e-01
   3.0645846e-01
   3.2658577e-01
   3.6914784e-01
   4.7516361e-01
   5.8622657e-01
   6.2342758e-01
   5.9266529e-01
   5.7150667e-01
   5.9727071e-01
   6.1261211e-01
   5.4481463e-01
   4.0933195e-01
   2.9381669e-01
   2.4349073e-01
   2.0479273e-01
   1.0388668e-01
  -4.9014069e-02
  -1.7315969e-01
  -2.2859335e-01
  -2.6998497e-01
  -3.6769647e-01
  -5.0515272e-01
  -5.9509832e-01
  -5.9354189e-01
  -5.5541134e-01
  -5.5627212e-01
  -5.8877523e-01
  -5.7632411e-01
  -4.8360368e-01
  -3.6961744e-01
  -3.0889128e-01
  -2.8954217e-01
  -2.2963482e-01
  -9.0292727e-02
   6.9460990e-02
   1.7085378e-01
   2.1820772e-01
   2.8513475e-01
   4.0477059e-01
   5.1745693e-01
   5.4929559e-01
   5.1324998e-01
   4.9251708e-01
   5.2803934e-01
   5.6424836e-01
   5.2685205e-01
   4.2474065e-01
   3.3580696e-01
   2.9770308e-01
   2.5601830e-01
   1.4240303e-01
  -2.5310949e-02
  -1.6013427e-01
  -2.1788201e-01
  -2.5089978e-01
  -3.3063688e-01
  -4.4662427e-01
  -5.2093881e-01
  -5.1680380e-01
  -4.8975736e-01
  -5.0975596e-01
  -5.6179913e-01
  -5.6310080e-01
  -4.7427709e-01
  -3.5228971e-01
  -2.7312035e-01
  -2.3137933e-01
  -1.5483008e-01
  -1.2162758e-02
   1.3664049e-01
   2.1809497e-01
   2.4392646e-01
   2.9377956e-01
   4.0477132e-01
   5.1924929e-01
   5.6189985e-01
   5.3935636e-01
   5.2541641e-01
   5.5385369e-01
   5.6859028e-01
   5.0110879e-01
   3.6823202e-01
   2.5443477e-01
   2.0186239e-01
   1.5853448e-01
   5.5020237e-02
  -9.6909302e-02
  -2.1945966e-01
  -2.7551611e-01
  -3.1798261e-01
  -4.1273130e-01
  -5.4168032e-01
  -6.2075845e-01
  -6.0926398e-01
  -5.6101435e-01
  -5.4785500e-01
  -5.6167917e-01
  -5.2970549e-01
  -4.2040080e-01
  -2.9203505e-01
  -2.1569643e-01
  -1.7894524e-01
  -1.0381029e-01
   4.4669645e-02
   2.0809238e-01
   3.1110785e-01
   3.5878539e-01
   4.2123097e-01
   5.2836961e-01
   6.2204323e-01
   6.3275629e-01
   5.7523126e-01
   5.3011881e-01
   5.3597030e-01
   5.3935568e-01
   4.7087875e-01
   3.4161349e-01
   2.2730329e-01
   1.6354818e-01
   9.8288648e-02
  -3.1901539e-02
  -2.0720705e-01
  -3.4326088e-01
  -3.9871356e-01
  -4.2463567e-01
  -4.8882077e-01
  -5.8013015e-01
  -6.2451169e-01
  -5.8916745e-01
  -5.2940091e-01
  -5.1245116e-01
  -5.2347855e-01
  -4.8429852e-01
  -3.6014960e-01
  -2.0828865e-01
  -1.0230121e-01
  -3.6949626e-02
   5.5812942e-02
   2.0347600e-01
   3.4688626e-01
   4.1632237e-01
   4.2488791e-01
   4.4963129e-01
   5.2540153e-01
   5.9682343e-01
   5.9370077e-01
   5.2534984e-01
   4.6423758e-01
   4.4303519e-01
   4.0890899e-01
   2.9913687e-01
   1.3354096e-01
  -4.8491378e-03
  -7.5590400e-02
  -1.2849722e-01
  -2.2866622e-01
  -3.6302627e-01
  -4.5704546e-01
  -4.7718950e-01
  -4.7611407e-01
  -5.1728824e-01
  -5.8323778e-01
  -5.9500941e-01
  -5.1725597e-01
  -4.0516812e-01
  -3.2952060e-01
  -2.8369662e-01
  -2.0035492e-01
  -5.3057057e-02
   9.9354898e-02
   1.8814488e-01
   2.2595194e-01
   2.8730632e-01
   4.0427256e-01
   5.2019574e-01
   5.6450274e-01
   5.4500295e-01
   5.3098657e-01
   5.5208653e-01
   5.5432779e-01
   4.7511360e-01
   3.3358572e-01
   2.1069280e-01
   1.4514058e-01
   8.7426574e-02
  -2.5844750e-02
  -1.8060470e-01
  -3.0266034e-01
  -3.5847690e-01
  -3.9875003e-01
  -4.8377186e-01
  -5.9384022e-01
  -6.4942223e-01
  -6.1461604e-01
  -5.4248199e-01
  -5.0080781e-01
  -4.8124739e-01
  -4.1663799e-01
  -2.8097297e-01
  -1.3215696e-01
  -3.7310006e-02
   1.6424192e-02
   1.0178337e-01
   2.4872883e-01
   3.9987901e-01
   4.8471221e-01
   5.0989115e-01
   5.4182917e-01
   6.0729092e-01
   6.5113794e-01
   6.1071052e-01
   5.0419514e-01
   4.1012940e-01
   3.6505085e-01
   3.1919769e-01
   2.1020926e-01
   5.2486572e-02
  -8.0736037e-02
  -1.5653287e-01
  -2.2427299e-01
  -3.4168299e-01
  -4.8733039e-01
  -5.8144931e-01
  -5.8782458e-01
  -5.5756944e-01
  -5.5557994e-01
  -5.7171515e-01
  -5.3874682e-01
  -4.3074274e-01
  -3.0426627e-01
  -2.2436125e-01
  -1.7738361e-01
  -9.1705970e-02
   6.1245061e-02
   2.2403290e-01
   3.2681739e-01
   3.7575238e-01
   4.3502024e-01
   5.2909566e-01
   6.0211637e-01
   5.9167056e-01
   5.1523048e-01
   4.4910679e-01
   4.2773559e-01
   4.0099047e-01
   3.0729504e-01
   1.6106221e-01
   3.4207112e-02
  -4.1398385e-02
  -1.1436522e-01
  -2.4050749e-01
  -3.9731420e-01
  -5.0539928e-01
  -5.2884505e-01
  -5.1746163e-01
  -5.3389033e-01
  -5.6674126e-01
  -5.4914168e-01
  -4.5557304e-01
  -3.4155838e-01
  -2.7029899e-01
  -2.2745892e-01
  -1.4245962e-01
   1.2046236e-02
   1.7877105e-01
   2.8881637e-01
   3.4819921e-01
   4.1936052e-01
   5.2502314e-01
   6.0911896e-01
   6.0998632e-01
   5.4491777e-01
   4.8856486e-01
   4.7379314e-01
   4.5053854e-01
   3.5834032e-01
   2.1191321e-01
   8.2111778e-02
  -7.7309340e-05
  -8.2481837e-02
  -2.1909969e-01
  -3.8649068e-01
  -5.0582521e-01
  -5.4172981e-01
  -5.4306640e-01
  -5.7064835e-01
  -6.1225551e-01
  -6.0174566e-01
  -5.1438012e-01
  -4.0503253e-01
  -3.3544065e-01
  -2.9086675e-01
  -2.0195277e-01
  -4.2673915e-02
   1.2976560e-01
   2.4739707e-01
   3.1620312e-01
   3.9711278e-01
   5.1139306e-01
   6.0307069e-01
   6.1154496e-01
   5.5429413e-01
   5.0472967e-01
   4.9454889e-01
   4.7406756e-01
   3.8417585e-01
   2.4008867e-01
   1.1176568e-01
   2.9380900e-02
  -5.4185787e-02
  -1.9132140e-01
  -3.5792831e-01
  -4.7604717e-01
  -5.1124279e-01
  -5.1193551e-01
  -5.3769074e-01
  -5.7602884e-01
  -5.6205856e-01
  -4.7231597e-01
  -3.6151800e-01
  -2.9038666e-01
  -2.4410489e-01
  -1.5469813e-01
   2.4964383e-03
   1.7040286e-01
   2.8213385e-01
   3.4395239e-01
   4.1576152e-01
   5.1796652e-01
   5.9532479e-01
   5.8896940e-01
   5.1730540e-01
   4.5330042e-01
   4.2825617e-01
   3.9354044e-01
   2.9195666e-01
   1.3970514e-01
   6.2537128e-03
  -7.8779287e-02
  -1.6175212e-01
  -2.9357437e-01
  -4.4975158e-01
  -5.5355620e-01
  -5.7198476e-01
  -5.5366483e-01
  -5.5767180e-01
  -5.7204539e-01
  -5.3389531e-01
  -4.2176634e-01
  -2.9094844e-01
  -2.0182364e-01
  -1.4003371e-01
  -3.9349505e-02
   1.2331363e-01
   2.9090203e-01
   3.9763448e-01
   4.5026012e-01
   5.0804585e-01
   5.9104314e-01
   6.4529562e-01
   6.1426118e-01
   5.1791984e-01
   4.2948156e-01
   3.8049597e-01
   3.2390708e-01
   2.0482587e-01
   4.0733973e-02
  -9.9196072e-02
  -1.8585934e-01
  -2.6500923e-01
  -3.8640938e-01
  -5.2560488e-01
  -6.0760313e-01
  -6.0141821e-01
  -5.5656257e-01
  -5.3233549e-01
  -5.1795312e-01
  -4.5307240e-01
  -3.1869085e-01
  -1.7102539e-01
  -7.0339441e-02
  -2.7519531e-03
   9.6428618e-02
   2.4909722e-01
   3.9873779e-01
   4.8131438e-01
   5.0484946e-01
   5.2888778e-01
   5.7408208e-01
   5.8867024e-01
   5.1926612e-01
   3.8818572e-01
   2.6954471e-01
   1.9562646e-01
   1.2118917e-01
  -6.3602854e-03
  -1.6847601e-01
  -2.9668461e-01
  -3.6301320e-01
  -4.1345906e-01
  -4.9766543e-01
  -5.9232289e-01
  -6.2529416e-01
  -5.6873296e-01
  -4.7414513e-01
  -4.0207703e-01
  -3.4375734e-01
  -2.4198135e-01
  -8.0554351e-02
   8.3241850e-02
   1.8936696e-01
   2.5161776e-01
   3.3382559e-01
   4.5758429e-01
   5.6793183e-01
   6.0368617e-01
   5.7533521e-01
   5.4392862e-01
   5.3187702e-01
   4.9059754e-01
   3.7063466e-01
   1.9720876e-01
   4.5683558e-02
  -5.0868467e-02
  -1.3615120e-01
  -2.6104189e-01
  -4.0673736e-01
  -5.0644165e-01
  -5.3444994e-01
  -5.3827284e-01
  -5.6874927e-01
  -6.0495550e-01
  -5.7868711e-01
  -4.6612533e-01
  -3.2144787e-01
  -2.0685466e-01
  -1.1564125e-01
   6.5844818e-03
   1.7387043e-01
   3.2880349e-01
   4.1274658e-01
   4.4082870e-01
   4.7761570e-01
   5.4605158e-01
   5.9430988e-01
   5.6550113e-01
   4.7383714e-01
   3.8288759e-01
   3.1748915e-01
   2.3247373e-01
   8.2107102e-02
  -1.0609855e-01
  -2.5651642e-01
  -3.3664168e-01
  -3.9034530e-01
  -4.6874677e-01
  -5.5485519e-01
  -5.8561489e-01
  -5.3957492e-01
  -4.6759757e-01
  -4.2329231e-01
  -3.8929739e-01
  -3.0203527e-01
  -1.4191612e-01
   3.4487823e-02
   1.6409079e-01
   2.5280368e-01
   3.5394033e-01
   4.8147705e-01
   5.8014613e-01
   5.9508906e-01
   5.4516021e-01
   4.9795474e-01
   4.7980080e-01
   4.4363115e-01
   3.3798223e-01
   1.8140722e-01
   4.0067399e-02
  -5.9298151e-02
  -1.5957754e-01
  -3.0446218e-01
  -4.6624251e-01
  -5.7141717e-01
  -5.9063899e-01
  -5.7062976e-01
  -5.6536365e-01
  -5.6200992e-01
  -5.0318525e-01
  -3.7312586e-01
  -2.2692128e-01
  -1.2119173e-01
  -4.1670279e-02
   7.1770793e-02
   2.3629403e-01
   3.9523847e-01
   4.8733907e-01
   5.2072003e-01
   5.5077260e-01
   5.9449492e-01
   6.0158440e-01
   5.2335399e-01
   3.8424394e-01
   2.5609776e-01
   1.6908252e-01
   8.0499862e-02
  -5.6910771e-02
  -2.2222287e-01
  -3.4929594e-01
  -4.1265232e-01
  -4.5648714e-01
  -5.2625658e-01
  -5.9783426e-01
  -6.0337583e-01
  -5.1980691e-01
  -3.9924849e-01
  -3.0034156e-01
  -2.1533190e-01
  -9.2446251e-02
   7.9417418e-02
   2.4286230e-01
   3.4099856e-01
   3.8846637e-01
   4.4597178e-01
   5.3259120e-01
   5.9596097e-01
   5.8083783e-01
   5.0137796e-01
   4.1827715e-01
   3.5396583e-01
   2.6451866e-01
   1.0775093e-01
  -8.7058061e-02
  -2.4560531e-01
  -3.3666416e-01
  -4.0222317e-01
  -4.8966987e-01
  -5.8042776e-01
  -6.1321719e-01
  -5.6853438e-01
  -4.9622331e-01
  -4.4720489e-01
  -4.0372837e-01
  -3.0530208e-01
  -1.3563745e-01
   4.8435428e-02
   1.8549747e-01
   2.8126556e-01
   3.8594754e-01
   5.1078367e-01
   6.0132728e-01
   6.0584714e-01
   5.4467886e-01
   4.8401822e-01
   4.4902606e-01
   3.9477379e-01
   2.7395137e-01
   1.0733194e-01
  -3.9878416e-02
  -1.4200625e-01
  -2.4011672e-01
  -3.7454713e-01
  -5.1668590e-01
  -5.9581467e-01
  -5.8591869e-01
  -5.3444367e-01
  -4.9459076e-01
  -4.5495897e-01
  -3.6278353e-01
  -2.0681137e-01
  -4.3304481e-02
   7.2177407e-02
   1.5345045e-01
   2.5760831e-01
   3.9938775e-01
   5.2345048e-01
   5.7243462e-01
   5.5713779e-01
   5.3320168e-01
   5.1844167e-01
   4.6681889e-01
   3.3591477e-01
   1.5438246e-01
  -5.1704241e-03
  -1.1238755e-01
  -2.0746607e-01
  -3.3415477e-01
  -4.7083138e-01
  -5.5460901e-01
  -5.6410009e-01
  -5.4532645e-01
  -5.4440598e-01
  -5.4033623e-01
  -4.7180031e-01
  -3.2235001e-01
  -1.4752461e-01
  -7.0591861e-03
   1.0457664e-01
   2.3492480e-01
   3.9206755e-01
   5.1988240e-01
   5.6584114e-01
   5.4819363e-01
   5.2921115e-01
   5.3031037e-01
   5.0499421e-01
   4.0597165e-01
   2.5344315e-01
   1.1083034e-01
   2.6857643e-03
  -1.1072024e-01
  -2.6675217e-01
  -4.3459960e-01
  -5.4295098e-01
  -5.6509362e-01
  -5.4596887e-01
  -5.3529415e-01
  -5.1956269e-01
  -4.4603640e-01
  -3.0383685e-01
  -1.4817788e-01
  -3.2900144e-02
   5.5932713e-02
   1.7328164e-01
   3.3140106e-01
   4.7403776e-01
   5.4389897e-01
   5.5072454e-01
   5.4742371e-01
   5.4933493e-01
   5.1006638e-01
   3.8828410e-01
   2.1291533e-01
   5.5330222e-02
  -5.5078707e-02
  -1.5743939e-01
  -2.9314559e-01
  -4.3921070e-01
  -5.3310225e-01
  -5.5376488e-01
  -5.4582531e-01
  -5.5307117e-01
  -5.5353230e-01
  -4.8700405e-01
  -3.3843604e-01
  -1.6323801e-01
  -2.0122973e-02
   9.6230678e-02
   2.3135265e-01
   3.9138805e-01
   5.2018622e-01
   5.6643693e-01
   5.4866802e-01
   5.2783093e-01
   5.2421484e-01
   4.9215356e-01
   3.8644462e-01
   2.2842382e-01
   8.0995948e-02
  -3.1738524e-02
  -1.4822581e-01
  -3.0360490e-01
  -4.6617881e-01
  -5.6582080e-01
  -5.7733820e-01
  -5.4576937e-01
  -5.2014605e-01
  -4.8758719e-01
  -3.9785004e-01
  -2.4255725e-01
  -7.7596666e-02
   4.3734259e-02
   1.3503324e-01
   2.4944900e-01
   3.9776568e-01
   5.2438984e-01
   5.7417250e-01
   5.5833614e-01
   5.2993361e-01
   5.0478344e-01
   4.3891828e-01
   2.9453633e-01
   1.0288605e-01
  -6.4363838e-02
  -1.7793858e-01
  -2.7587383e-01
  -3.9798745e-01
  -5.2137628e-01
  -5.8586450e-01
  -5.7323329e-01
  -5.2963220e-01
  -4.9963283e-01
  -4.6331557e-01
  -3.6428458e-01
  -1.9115341e-01
  -9.5338117e-04
   1.4754014e-01
   2.5918997e-01
   3.7814841e-01
   5.1003636e-01
   6.0070807e-01
   6.0262160e-01
   5.3756942e-01
   4.6843201e-01
   4.1759144e-01
   3.4311512e-01
   2.0430189e-01
   2.5463196e-02
  -1.2985190e-01
  -2.3767104e-01
  -3.3576974e-01
  -4.5854986e-01
  -5.7561181e-01
  -6.2072441e-01
  -5.7334011e-01
  -4.8198780e-01
  -3.9841186e-01
  -3.1343547e-01
  -1.8182508e-01
   4.5952116e-04
   1.7576765e-01
   2.9111676e-01
   3.6050856e-01
   4.3697549e-01
   5.3230136e-01
   5.9456276e-01
   5.7412534e-01
   4.8727385e-01
   3.9076356e-01
   3.0410598e-01
   1.8832258e-01
   1.0893394e-02
  -1.9373147e-01
  -3.5362597e-01
  -4.4067528e-01
  -4.9387040e-01
  -5.5434380e-01
  -6.0272759e-01
  -5.8494849e-01
  -4.8946327e-01
  -3.6766304e-01
  -2.6820035e-01
  -1.7575077e-01
  -3.9297645e-02
   1.4834901e-01
   3.2903377e-01
   4.4545554e-01
   5.0458159e-01
   5.5262906e-01
   5.9870998e-01
   5.9492029e-01
   5.0166166e-01
   3.4787494e-01
   2.0169005e-01
   9.0014175e-02
  -2.4069830e-02
  -1.7672059e-01
  -3.4179707e-01
  -4.5735477e-01
  -5.0282243e-01
  -5.1944277e-01
  -5.4556572e-01
  -5.5690339e-01
  -4.9568441e-01
  -3.5004008e-01
  -1.7524220e-01
  -2.7930403e-02
   9.6522773e-02
   2.3894986e-01
   4.0103709e-01
   5.2654848e-01
   5.6700335e-01
   5.4179106e-01
   5.0927338e-01
   4.8767732e-01
   4.3371960e-01
   3.0741952e-01
   1.3318016e-01
  -2.6801189e-02
  -1.4912399e-01
  -2.6923931e-01
  -4.1740785e-01
  -5.6029427e-01
  -6.3101063e-01
  -6.0856563e-01
  -5.3916514e-01
  -4.7131988e-01
  -3.9452454e-01
  -2.6495739e-01
  -8.0443121e-02
   1.0132800e-01
   2.2834564e-01
   3.1390863e-01
   4.0794276e-01
   5.1910368e-01
   5.9469383e-01
   5.8594018e-01
   5.0899570e-01
   4.1873790e-01
   3.3330603e-01
   2.1500896e-01
   3.4284487e-02
  -1.7269451e-01
  -3.3450950e-01
  -4.2369864e-01
  -4.7795210e-01
  -5.3607271e-01
  -5.7808902e-01
  -5.5186519e-01
  -4.4808523e-01
  -3.1841853e-01
  -2.1065314e-01
  -1.1010708e-01
   3.1366941e-02
   2.1820796e-01
   3.9196936e-01
   4.9681458e-01
   5.4034392e-01
   5.6782859e-01
   5.8805681e-01
   5.5551697e-01
   4.3470639e-01
   2.5745265e-01
   9.2520995e-02
  -3.2814978e-02
  -1.5338038e-01
  -3.0249613e-01
  -4.5321110e-01
  -5.4564765e-01
  -5.6198880e-01
  -5.4471644e-01
  -5.3267124e-01
  -5.0385989e-01
  -4.0523277e-01
  -2.2964973e-01
  -3.4681443e-02
   1.2261255e-01
   2.4591384e-01
   3.7397842e-01
   5.0756131e-01
   5.9277905e-01
   5.8582527e-01
   5.1020719e-01
   4.2676173e-01
   3.5639457e-01
   2.6052156e-01
   1.0473727e-01
  -8.3035315e-02
  -2.4017874e-01
  -3.4401553e-01
  -4.2986905e-01
  -5.2791196e-01
  -6.0735728e-01
  -6.0713748e-01
  -5.1292506e-01
  -3.7592122e-01
  -2.4833197e-01
  -1.2419175e-01
   3.4600077e-02
   2.2583253e-01
   3.9114045e-01
   4.8084807e-01
   5.1096348e-01
   5.3356432e-01
   5.6078157e-01
   5.4648645e-01
   4.5033747e-01
   2.9571078e-01
   1.4221701e-01
   1.1860176e-02
  -1.2842594e-01
  -3.0403620e-01
  -4.7796552e-01
  -5.8219778e-01
  -5.9471949e-01
  -5.5835632e-01
  -5.1711251e-01
  -4.5830911e-01
  -3.3934012e-01
  -1.5990542e-01
   2.2505789e-02
   1.5717525e-01
   2.5654871e-01
   3.6669711e-01
   4.9233439e-01
   5.7964985e-01
   5.8076193e-01
   5.1157829e-01
   4.2470597e-01
   3.3671610e-01
   2.1164593e-01
   2.3736355e-02
  -1.8851245e-01
  -3.5407695e-01
  -4.4613075e-01
  -5.0072952e-01
  -5.5390484e-01
  -5.8511052e-01
  -5.4480754e-01
  -4.2670215e-01
  -2.8316927e-01
  -1.6131926e-01
  -4.7571122e-02
   1.0251353e-01
   2.8993158e-01
   4.5592358e-01
   5.4663375e-01
   5.7080139e-01
   5.7306165e-01
   5.6240349e-01
   4.9681824e-01
   3.4630263e-01
   1.4657296e-01
  -3.2665130e-02
  -1.6380238e-01
  -2.7954515e-01
  -4.1049109e-01
  -5.2967816e-01
  -5.8088923e-01
  -5.5089418e-01
  -4.8490825e-01
  -4.2345713e-01
  -3.4815414e-01
  -2.1212625e-01
  -1.3965591e-02
   1.8647198e-01
   3.3263354e-01
   4.2854884e-01
   5.1234047e-01
   5.8576592e-01
   5.9999352e-01
   5.1895328e-01
   3.7288080e-01
   2.2682519e-01
   1.0546789e-01
  -2.4335174e-02
  -1.9130355e-01
  -3.6509367e-01
  -4.8508620e-01
  -5.3247142e-01
  -5.4565902e-01
  -5.5793077e-01
  -5.4448710e-01
  -4.5361342e-01
  -2.8050576e-01
  -8.2817896e-02
   8.3536188e-02
   2.2098236e-01
   3.6375503e-01
   5.0830548e-01
   6.0004866e-01
   5.9698835e-01
   5.2310165e-01
   4.3716511e-01
   3.5861610e-01
   2.5105026e-01
   8.4540534e-02
  -1.1026873e-01
  -2.7117473e-01
  -3.7612309e-01
  -4.5839029e-01
  -5.4489226e-01
  -6.0442966e-01
  -5.7960203e-01
  -4.6059553e-01
  -3.0062812e-01
  -1.5230892e-01
  -1.1931532e-02
   1.5371894e-01
   3.3840160e-01
   4.8392384e-01
   5.4387960e-01
   5.3677422e-01
   5.1512430e-01
   4.9237221e-01
   4.2741183e-01
   2.8711545e-01
   1.0007071e-01
  -7.2450420e-02
  -2.0761394e-01
  -3.3578192e-01
  -4.7929487e-01
  -6.0176753e-01
  -6.4066045e-01
  -5.8100699e-01
  -4.7079231e-01
  -3.5794995e-01
  -2.3566941e-01
  -6.9641818e-02
   1.3340940e-01
   3.1379145e-01
   4.2251732e-01
   4.7402755e-01
   5.1545282e-01
   5.5450759e-01
   5.4502323e-01
   4.4972431e-01
   2.9370480e-01
   1.3550862e-01
  -3.2604833e-03
  -1.5210981e-01
  -3.3074064e-01
  -4.9922891e-01
  -5.9112187e-01
  -5.8701909e-01
  -5.2984394e-01
  -4.6247259e-01
  -3.7409125e-01
  -2.2796351e-01
  -2.9654148e-02
   1.6144357e-01
   2.9557089e-01
   3.8478219e-01
   4.7223918e-01
   5.6096872e-01
   6.0032297e-01
   5.4897488e-01
   4.2815096e-01
   2.9287409e-01
   1.6238085e-01
   6.6398161e-03
  -1.9290303e-01
  -3.9424924e-01
  -5.2834074e-01
  -5.7239219e-01
  -5.6497680e-01
  -5.4423123e-01
  -4.9523517e-01
  -3.7831534e-01
  -1.9702108e-01
  -9.3288857e-03
   1.3551031e-01
   2.4850248e-01
   3.7012366e-01
   4.9982721e-01
   5.8333277e-01
   5.7577631e-01
   4.9466969e-01
   3.9130070e-01
   2.8197427e-01
   1.3526465e-01
  -6.7332903e-02
  -2.8297095e-01
  -4.4123618e-01
  -5.1713967e-01
  -5.4593194e-01
  -5.6180403e-01
  -5.4622537e-01
  -4.5675202e-01
  -2.9475829e-01
  -1.1634954e-01
   3.0435045e-02
   1.5644791e-01
   3.0048739e-01
   4.5946072e-01
   5.7640959e-01
   6.0374040e-01
   5.5585607e-01
   4.8067214e-01
   3.9165292e-01
   2.5579220e-01
   5.4198024e-02
  -1.7006735e-01
  -3.4600444e-01
  -4.4726080e-01
  -5.0660628e-01
  -5.5505376e-01
  -5.7108047e-01
  -5.0988494e-01
  -3.7084581e-01
  -2.0813390e-01
  -6.8272962e-02
   5.9962756e-02
   2.1440311e-01
   3.9023673e-01
   5.2869983e-01
   5.8031912e-01
   5.5715597e-01
   5.0438008e-01
   4.3304501e-01
   3.0875810e-01
   1.1218664e-01
  -1.1367962e-01
  -2.9774938e-01
  -4.1297339e-01
  -4.9043168e-01
  -5.5880731e-01
  -5.9441547e-01
  -5.5084081e-01
  -4.2607193e-01
  -2.7277292e-01
  -1.3616911e-01
  -4.6471200e-03
   1.5889548e-01
   3.4836441e-01
   5.0377253e-01
   5.7444339e-01
   5.7081331e-01
   5.3599924e-01
   4.7924414e-01
   3.6521457e-01
   1.7438894e-01
  -5.0274783e-02
  -2.3776755e-01
  -3.6072516e-01
  -4.4910123e-01
  -5.2994258e-01
  -5.7815687e-01
  -5.4646041e-01
  -4.3212602e-01
  -2.8685725e-01
  -1.5494400e-01
  -2.4520629e-02
   1.4090012e-01
   3.3429070e-01
   4.9499659e-01
   5.7185934e-01
   5.7452489e-01
   5.4493819e-01
   4.9137741e-01
   3.7830065e-01
   1.8655534e-01
  -4.0589611e-02
  -2.3210696e-01
  -3.6047269e-01
  -4.5491478e-01
  -5.4144926e-01
  -5.9432174e-01
  -5.6619270e-01
  -4.5442790e-01
  -3.1050424e-01
  -1.7836338e-01
  -4.6264486e-02
   1.2153546e-01
   3.1720089e-01
   4.7977116e-01
   5.5816954e-01
   5.6196902e-01
   5.3274362e-01
   4.7860432e-01
   3.6450671e-01
   1.7220923e-01
  -5.4382948e-02
  -2.4415283e-01
  -3.6961950e-01
  -4.5975627e-01
  -5.4024630e-01
  -5.8552901e-01
  -5.4914226e-01
  -4.2947371e-01
  -2.7861583e-01
  -1.4083404e-01
  -4.9416495e-03
   1.6391844e-01
   3.5725801e-01
   5.1424347e-01
   5.8455229e-01
   5.7853860e-01
   5.3836049e-01
   4.7291855e-01
   3.4852495e-01
   1.4852828e-01
  -8.2090345e-02
  -2.7196414e-01
  -3.9379414e-01
  -4.7672507e-01
  -5.4677098e-01
  -5.7938730e-01
  -5.2987840e-01
  -3.9851839e-01
  -2.3876534e-01
  -9.5757589e-02
   4.0859997e-02
   2.0509076e-01
   3.8813368e-01
   5.2989541e-01
   5.8163787e-01
   5.5546820e-01
   4.9514508e-01
   4.1130886e-01
   2.7240618e-01
   6.3899243e-02
  -1.6793813e-01
  -3.5160522e-01
  -4.6043259e-01
  -5.2447974e-01
  -5.7105592e-01
  -5.7771439e-01
  -5.0261350e-01
  -3.4890108e-01
  -1.7219167e-01
  -1.9007483e-02
   1.2000267e-01
   2.7817283e-01
   4.4690294e-01
   5.6761992e-01
   5.9413153e-01
   5.4133962e-01
   4.5561003e-01
   3.5017399e-01
   1.9620382e-01
  -1.8462988e-02
  -2.4635713e-01
  -4.1629483e-01
  -5.0300285e-01
  -5.3846385e-01
  -5.5242230e-01
  -5.2566920e-01
  -4.2022699e-01
  -2.4288639e-01
  -5.1859695e-02
   1.0489393e-01
   2.3608010e-01
   3.7510729e-01
   5.1462951e-01
   5.9884527e-01
   5.8543018e-01
   4.9334028e-01
   3.7261205e-01
   2.3981352e-01
   6.9182549e-02
  -1.4917211e-01
  -3.6711888e-01
  -5.1469500e-01
  -5.6920524e-01
  -5.6588883e-01
  -5.3825803e-01
  -4.7151423e-01
  -3.3241735e-01
  -1.3187450e-01
   6.9287932e-02
   2.2212824e-01
   3.3559590e-01
   4.4440741e-01
   5.4390935e-01
   5.8254918e-01
   5.2321908e-01
   3.8999596e-01
   2.3724138e-01
   8.5008117e-02
  -8.9798692e-02
  -2.9571555e-01
  -4.8529218e-01
  -5.9142052e-01
  -5.9574065e-01
  -5.3844453e-01
  -4.5825723e-01
  -3.4581361e-01
  -1.7308916e-01
   4.5017533e-02
   2.4578579e-01
   3.8053772e-01
   4.6011497e-01
   5.2241513e-01
   5.6736187e-01
   5.4932875e-01
   4.3770122e-01
   2.6240572e-01
   8.2216468e-02
  -7.9911473e-02
  -2.4561083e-01
  -4.2376454e-01
  -5.6960985e-01
  -6.2097795e-01
  -5.6577198e-01
  -4.5068339e-01
  -3.2062182e-01
  -1.7191453e-01
   1.8757534e-02
   2.3374642e-01
   4.1029023e-01
   5.0225171e-01
   5.2482852e-01
   5.2148131e-01
   4.9873715e-01
   4.1832574e-01
   2.5678687e-01
   4.9702374e-02
  -1.4078640e-01
  -2.9062553e-01
  -4.2236535e-01
  -5.4793329e-01
  -6.2796635e-01
  -6.0765273e-01
  -4.8300628e-01
  -3.0827803e-01
  -1.3469554e-01
   3.6555493e-02
   2.2581592e-01
   4.1512413e-01
   5.4455008e-01
   5.7348625e-01
   5.2425218e-01
   4.4808772e-01
   3.5951135e-01
   2.2797872e-01
   3.6464192e-02
  -1.7554836e-01
  -3.4516539e-01
  -4.5044176e-01
  -5.1830156e-01
  -5.6703274e-01
  -5.6546130e-01
  -4.6806250e-01
  -2.7979537e-01
  -6.2092056e-02
   1.2908196e-01
   2.9031874e-01
   4.4239958e-01
   5.7087412e-01
   6.2244394e-01
   5.6537400e-01
   4.3160606e-01
   2.8151595e-01
   1.3764415e-01
  -2.4156894e-02
  -2.1703754e-01
  -4.0112301e-01
  -5.1683971e-01
  -5.4852621e-01
  -5.3127703e-01
  -4.9270451e-01
  -4.1158207e-01
  -2.5198790e-01
  -2.6630326e-02
   1.9848053e-01
   3.6638749e-01
   4.7595023e-01
   5.5312425e-01
   5.9140129e-01
   5.4771783e-01
   4.0155179e-01
   1.9524960e-01
  -2.5785944e-03
  -1.6389572e-01
  -3.1035159e-01
  -4.5607284e-01
  -5.6605286e-01
  -5.8910480e-01
  -5.2014132e-01
  -4.0543518e-01
  -2.8327447e-01
  -1.4188283e-01
   4.7381166e-02
   2.6796456e-01
   4.5433325e-01
   5.5417172e-01
   5.7417387e-01
   5.5031364e-01
   4.8755582e-01
   3.5484040e-01
   1.4261939e-01
  -9.8613185e-02
  -2.9606518e-01
  -4.2161743e-01
  -5.0059545e-01
  -5.5432217e-01
  -5.5818877e-01
  -4.7356640e-01
  -3.0823835e-01
  -1.1977033e-01
   4.5003638e-02
   1.9258771e-01
   3.5012361e-01
   5.0394786e-01
   5.9591534e-01
   5.8463910e-01
   4.8956484e-01
   3.5963284e-01
   2.1187394e-01
   2.5355740e-02
  -2.0265873e-01
  -4.1951805e-01
  -5.5538386e-01
  -5.8951168e-01
  -5.5780165e-01
  -4.9427915e-01
  -3.8815775e-01
  -2.1425996e-01
   8.5486755e-03
   2.1571246e-01
   3.5820439e-01
   4.4494378e-01
   5.0970152e-01
   5.4930483e-01
   5.1914619e-01
   3.9269988e-01
   2.0337030e-01
   1.1347886e-02
  -1.5876710e-01
  -3.2457848e-01
  -4.9034462e-01
  -6.1015231e-01
  -6.2552342e-01
  -5.2999806e-01
  -3.7461806e-01
  -2.0774870e-01
  -3.0885334e-02
   1.7228413e-01
   3.7893570e-01
   5.2636342e-01
   5.7286557e-01
   5.3883954e-01
   4.7219098e-01
   3.8524742e-01
   2.4880037e-01
   4.9622096e-02
  -1.6977456e-01
  -3.4555115e-01
  -4.5501882e-01
  -5.2269531e-01
  -5.6412943e-01
  -5.4823828e-01
  -4.3330196e-01
  -2.2914685e-01
  -2.5991612e-04
   1.9591105e-01
   3.5383749e-01
   4.9125804e-01
   5.9250652e-01
   6.0732684e-01
   5.1013145e-01
   3.3868101e-01
   1.5723715e-01
  -8.1453982e-03
  -1.7689123e-01
  -3.5775634e-01
  -5.1011931e-01
  -5.7835004e-01
  -5.5294645e-01
  -4.7464537e-01
  -3.7644623e-01
  -2.4430188e-01
  -5.1169081e-02
   1.8301197e-01
   3.8986860e-01
   5.1468938e-01
   5.6056904e-01
   5.5861471e-01
   5.1005055e-01
   3.8334732e-01
   1.7101955e-01
  -7.4422942e-02
  -2.7933019e-01
  -4.1445498e-01
  -5.0229813e-01
  -5.6077374e-01
  -5.6387203e-01
  -4.7439220e-01
  -3.0244162e-01
  -1.0675332e-01
   6.5379729e-02
   2.1874246e-01
   3.7719132e-01
   5.2449609e-01
   6.0286279e-01
   5.7362807e-01
   4.5899649e-01
   3.0975744e-01
   1.4531557e-01
  -5.1099413e-02
  -2.7767010e-01
  -4.7972582e-01
  -5.8907534e-01
  -5.8855302e-01
  -5.1752338e-01
  -4.1359873e-01
  -2.7129149e-01
  -7.2294355e-02
   1.5879549e-01
   3.5538849e-01
   4.6985746e-01
   5.1380746e-01
   5.2411974e-01
   5.0257052e-01
   4.1249284e-01
   2.3669117e-01
   1.6021857e-02
  -1.8539911e-01
  -3.4151882e-01
  -4.6967040e-01
  -5.7595287e-01
  -6.2048920e-01
  -5.5508109e-01
  -3.8488564e-01
  -1.7072649e-01
   3.1794257e-02
   2.1552121e-01
   3.9299301e-01
   5.4188036e-01
   6.0602833e-01
   5.5498058e-01
   4.2163269e-01
   2.6543161e-01
   1.0947587e-01
  -6.5199284e-02
  -2.6414093e-01
  -4.4288040e-01
  -5.4237743e-01
  -5.4938627e-01
  -4.9983414e-01
  -4.2201007e-01
  -2.9946074e-01
  -1.0578473e-01
   1.3687558e-01
   3.5811666e-01
   5.0132232e-01
   5.6664799e-01
   5.8126165e-01
   5.4331458e-01
   4.2073254e-01
   2.0749277e-01
  -4.2349979e-02
  -2.5437762e-01
  -3.9833404e-01
  -4.9445929e-01
  -5.5803165e-01
  -5.6199469e-01
  -4.7030944e-01
  -2.9499243e-01
  -9.5859574e-02
   7.9260219e-02
   2.3375311e-01
   3.8903669e-01
   5.2713920e-01
   5.9086760e-01
   5.4406437e-01
   4.1153555e-01
   2.4597073e-01
   6.8940553e-02
  -1.3304734e-01
  -3.5489875e-01
  -5.4087922e-01
  -6.2476089e-01
  -5.9298332e-01
  -4.8848876e-01
  -3.5244467e-01
  -1.8390876e-01
   3.0140067e-02
   2.6118643e-01
   4.4200715e-01
   5.2734428e-01
   5.3240211e-01
   4.9801472e-01
   4.3105615e-01
   3.0170741e-01
   9.9968100e-02
  -1.2832465e-01
  -3.1752804e-01
  -4.4261325e-01
  -5.2328833e-01
  -5.6974088e-01
  -5.4906628e-01
  -4.2256810e-01
  -2.0492728e-01
   3.6083084e-02
   2.4108725e-01
   4.0149677e-01
   5.3069313e-01
   6.1079146e-01
   5.9446144e-01
   4.6284672e-01
   2.6011516e-01
   5.4615964e-02
  -1.2406100e-01
  -2.9054394e-01
  -4.4938213e-01
  -5.6024100e-01
  -5.7338022e-01
  -4.8763694e-01
  -3.5103553e-01
  -2.0288625e-01
  -3.6733625e-02
   1.6579368e-01
   3.7895191e-01
   5.3507954e-01
   5.8602105e-01
   5.4365316e-01
   4.4823712e-01
   3.1193598e-01
   1.1692147e-01
  -1.3086542e-01
  -3.7101071e-01
  -5.2987630e-01
  -5.8398409e-01
  -5.6436473e-01
  -5.0021655e-01
  -3.8120930e-01
  -1.8902187e-01
   4.9306793e-02
   2.6497858e-01
   4.0807187e-01
   4.8566040e-01
   5.2780396e-01
   5.3032655e-01
   4.5446501e-01
   2.8424816e-01
   6.2210360e-02
  -1.4659557e-01
  -3.1417448e-01
  -4.5337831e-01
  -5.6504746e-01
  -6.0688992e-01
  -5.3244505e-01
  -3.5043478e-01
  -1.2435344e-01
   8.8230703e-02
   2.7690572e-01
   4.4967673e-01
   5.8145695e-01
   6.1781062e-01
   5.3352858e-01
   3.6694611e-01
   1.8149918e-01
   4.2263755e-03
  -1.7858177e-01
  -3.6764068e-01
  -5.1754289e-01
  -5.7333030e-01
  -5.2838948e-01
  -4.2499042e-01
  -2.9751703e-01
  -1.3712533e-01
   7.3826531e-02
   3.0682213e-01
   4.9076396e-01
   5.7368878e-01
   5.6288728e-01
   4.9364352e-01
   3.7430679e-01
   1.8571513e-01
  -6.5314427e-02
  -3.1662026e-01
  -4.9267531e-01
  -5.6751762e-01
  -5.6868459e-01
  -5.2171930e-01
  -4.1401221e-01
  -2.2691125e-01
   1.1827307e-02
   2.3269166e-01
   3.8492468e-01
   4.7380544e-01
   5.2665462e-01
   5.3691531e-01
   4.6502696e-01
   2.9560301e-01
   7.1987665e-02
  -1.4023994e-01
  -3.1218785e-01
  -4.5487486e-01
  -5.6711484e-01
  -6.0586084e-01
  -5.2567814e-01
  -3.3711740e-01
  -1.0514181e-01
   1.1158151e-01
   3.0119331e-01
   4.6996357e-01
   5.9202004e-01
   6.1413989e-01
   5.1386643e-01
   3.3237713e-01
   1.3525190e-01
  -4.8585118e-02
  -2.3075762e-01
  -4.1042637e-01
  -5.4252074e-01
  -5.7467012e-01
  -5.0396415e-01
  -3.7617644e-01
  -2.2883028e-01
  -5.6408872e-02
   1.5545723e-01
   3.7646764e-01
   5.3647643e-01
   5.8691390e-01
   5.3952858e-01
   4.3425636e-01
   2.8446808e-01
   7.6430793e-02
  -1.7844121e-01
  -4.1608716e-01
  -5.6254867e-01
  -5.9599557e-01
  -5.4933692e-01
  -4.5430774e-01
  -3.0541388e-01
  -9.1249866e-02
   1.5503657e-01
   3.6212396e-01
   4.8108921e-01
   5.2150980e-01
   5.1662502e-01
   4.6745505e-01
   3.4343729e-01
   1.3797872e-01
  -9.9330934e-02
  -3.0053045e-01
  -4.3786886e-01
  -5.2620717e-01
  -5.7082581e-01
  -5.3797591e-01
  -3.9337864e-01
  -1.5813861e-01
   9.5278758e-02
   3.0469032e-01
   4.5839797e-01
   5.6636648e-01
   6.1038619e-01
   5.4865074e-01
   3.7190293e-01
   1.3330600e-01
  -9.2956772e-02
  -2.7331378e-01
  -4.1870230e-01
  -5.3210169e-01
  -5.7731927e-01
  -5.1500329e-01
  -3.5671698e-01
  -1.6122956e-01
   2.4047156e-02
   1.9837273e-01
   3.7422226e-01
   5.2500907e-01
   5.9033610e-01
   5.3581535e-01
   3.8881800e-01
   2.0376581e-01
   6.0057118e-03
  -2.0981544e-01
  -4.2923545e-01
  -5.9213608e-01
  -6.3540275e-01
  -5.5266722e-01
  -3.9387809e-01
  -2.0714849e-01
  -1.1742076e-03
   2.2539364e-01
   4.3595041e-01
   5.6379079e-01
   5.7180892e-01
   4.8593113e-01
   3.5758119e-01
   2.0589841e-01
   1.6437424e-02
  -2.0606973e-01
  -4.0829376e-01
  -5.2711681e-01
  -5.4683407e-01
  -4.9909664e-01
  -4.0863037e-01
  -2.6192643e-01
  -4.2996829e-02
   2.1435174e-01
   4.3340724e-01
   5.5672701e-01
   5.8484529e-01
   5.4547851e-01
   4.4191729e-01
   2.5517440e-01
  -3.6926539e-03
  -2.6790496e-01
  -4.5890026e-01
  -5.4800992e-01
  -5.5897514e-01
  -5.1395749e-01
  -4.0045529e-01
  -2.0402384e-01
   4.2274881e-02
   2.6572265e-01
   4.1443214e-01
   4.9248861e-01
   5.2559677e-01
   5.0771658e-01
   4.0408563e-01
   2.0689330e-01
  -3.3994048e-02
  -2.4953719e-01
  -4.0922072e-01
  -5.2286374e-01
  -5.8993238e-01
  -5.7273279e-01
  -4.3606801e-01
  -2.0195996e-01
   5.5966182e-02
   2.7409352e-01
   4.3798927e-01
   5.5382256e-01
   6.0060115e-01
   5.3654244e-01
   3.5469860e-01
   1.1076532e-01
  -1.1940693e-01
  -3.0068645e-01
  -4.4178049e-01
  -5.4380264e-01
  -5.7105138e-01
  -4.8750278e-01
  -3.0911907e-01
  -9.8153223e-02
   9.5574381e-02
   2.6896795e-01
   4.3229724e-01
   5.5875779e-01
   5.9123988e-01
   5.0133596e-01
   3.2270558e-01
   1.1489453e-01
  -9.2476062e-02
  -3.0100559e-01
  -4.9439079e-01
  -6.1475022e-01
  -6.0567664e-01
  -4.6983106e-01
  -2.6586466e-01
  -4.9258759e-02
   1.6510302e-01
   3.7435502e-01
   5.4186089e-01
   6.0656485e-01
   5.4148952e-01
   3.8410739e-01
   1.9650108e-01
   7.0604663e-03
  -1.9117989e-01
  -3.8962258e-01
  -5.3704073e-01
  -5.7873526e-01
  -5.1135544e-01
  -3.7980283e-01
  -2.2141578e-01
  -3.4183935e-02
   1.8897221e-01
   4.1080971e-01
   5.5873559e-01
   5.8617507e-01
   5.0830858e-01
   3.6866793e-01
   1.8629818e-01
  -4.3476328e-02
  -2.9972511e-01
  -5.1365815e-01
  -6.1369337e-01
  -5.8507888e-01
  -4.6915550e-01
  -3.0710645e-01
  -1.0530876e-01
   1.3464665e-01
   3.7051503e-01
   5.3018188e-01
   5.7180840e-01
   5.1604214e-01
   4.0869436e-01
   2.6547224e-01
   7.2756624e-02
  -1.6064900e-01
  -3.7711709e-01
  -5.1062651e-01
  -5.4301643e-01
  -5.0287509e-01
  -4.1255732e-01
  -2.5937157e-01
  -3.1710756e-02
   2.3136045e-01
   4.4993126e-01
   5.6573482e-01
   5.7931432e-01
   5.1887744e-01
   3.9040226e-01
   1.8092622e-01
  -9.1048900e-02
  -3.5358450e-01
  -5.2717140e-01
  -5.8527965e-01
  -5.5513606e-01
  -4.6394511e-01
  -3.0702891e-01
  -7.9741316e-02
   1.7662063e-01
   3.8598868e-01
   4.9822067e-01
   5.2216974e-01
   4.9015226e-01
   4.0534441e-01
   2.4504034e-01
   1.3673512e-02
  -2.3068502e-01
  -4.1708139e-01
  -5.1838358e-01
  -5.5128231e-01
  -5.2550184e-01
  -4.1764699e-01
  -2.0924792e-01
   6.3035522e-02
   3.1739274e-01
   4.8961666e-01
   5.7081502e-01
   5.7773885e-01
   5.0526182e-01
   3.3192365e-01
   7.1488518e-02
  -2.0496652e-01
  -4.1507352e-01
  -5.2586788e-01
  -5.5527159e-01
  -5.2006627e-01
  -4.0630289e-01
  -2.0287444e-01
   5.2019727e-02
   2.8206160e-01
   4.3346960e-01
   5.0820234e-01
   5.2946658e-01
   4.9111284e-01
   3.6290047e-01
   1.4458504e-01
  -1.0740112e-01
  -3.2067786e-01
  -4.6351708e-01
  -5.4527544e-01
  -5.6709108e-01
  -4.9776625e-01
  -3.1328744e-01
  -4.7461176e-02
   2.1813250e-01
   4.1682334e-01
   5.3457331e-01
   5.8111995e-01
   5.4414351e-01
   3.9646520e-01
   1.4834316e-01
  -1.3049393e-01
  -3.5693394e-01
  -4.9498464e-01
  -5.5742822e-01
  -5.5488925e-01
  -4.6783873e-01
  -2.8124624e-01
  -3.1206951e-02
   2.0640887e-01
   3.7645624e-01
   4.7749635e-01
   5.2778965e-01
   5.1602215e-01
   4.0790805e-01
   2.0078547e-01
  -4.9881457e-02
  -2.7131904e-01
  -4.2978908e-01
  -5.3105499e-01
  -5.7197252e-01
  -5.1771913e-01
  -3.4212080e-01
  -7.8181325e-02
   1.9235846e-01
   4.0170070e-01
   5.3351649e-01
   5.9444398e-01
   5.6930088e-01
   4.2922239e-01
   1.8403096e-01
  -9.6291349e-02
  -3.2802644e-01
  -4.7402482e-01
  -5.4523560e-01
  -5.5032517e-01
  -4.6857414e-01
  -2.8487362e-01
  -3.5870771e-02
   2.0199551e-01
   3.7302750e-01
   4.7491349e-01
   5.2480012e-01
   5.1071432e-01
   3.9875029e-01
   1.8743484e-01
  -6.6550811e-02
  -2.8964557e-01
  -4.4757494e-01
  -5.4561011e-01
  -5.8052709e-01
  -5.1846097e-01
  -3.3525151e-01
  -6.6148098e-02
   2.0555514e-01
   4.1145133e-01
   5.3528118e-01
   5.8439252e-01
   5.4534303e-01
   3.9217848e-01
   1.3807662e-01
  -1.4440434e-01
  -3.7050265e-01
  -5.0345629e-01
  -5.5565997e-01
  -5.3827368e-01
  -4.3423790e-01
  -2.3276801e-01
   2.5748151e-02
   2.6288597e-01
   4.2300412e-01
   5.0545495e-01
   5.3029147e-01
   4.8966772e-01
   3.5475244e-01
   1.2902328e-01
  -1.2746770e-01
  -3.4022379e-01
  -4.7633876e-01
  -5.4422788e-01
  -5.4531419e-01
  -4.5166060e-01
  -2.4543956e-01
   3.2965615e-02
   2.9777818e-01
   4.8119775e-01
   5.7019818e-01
   5.7739314e-01
   4.9620974e-01
   3.0837694e-01
   3.3977122e-02
  -2.5017564e-01
  -4.5877873e-01
  -5.5806422e-01
  -5.6611631e-01
  -5.0169153e-01
  -3.5640471e-01
  -1.2778582e-01
   1.3781900e-01
   3.5998179e-01
   4.8532947e-01
   5.1893919e-01
   4.8894794e-01
   3.9697773e-01
   2.2378153e-01
  -1.9378016e-02
  -2.6845778e-01
  -4.4975482e-01
  -5.3551545e-01
  -5.4245663e-01
  -4.8222719e-01
  -3.3777229e-01
  -1.0099057e-01
   1.8141666e-01
   4.2245626e-01
   5.5843831e-01
   5.8467706e-01
   5.2481152e-01
   3.8445531e-01
   1.5686782e-01
  -1.2934502e-01
  -3.9406581e-01
  -5.5483881e-01
  -5.8611650e-01
  -5.1778038e-01
  -3.8202505e-01
  -1.8359472e-01
   6.9468938e-02
   3.2537189e-01
   5.0484111e-01
   5.6201729e-01
   5.1406951e-01
   4.0350639e-01
   2.4641371e-01
   3.5846570e-02
  -2.0926784e-01
  -4.2387581e-01
  -5.4038474e-01
  -5.4286808e-01
  -4.6311779e-01
  -3.2857023e-01
  -1.3629472e-01
   1.1184377e-01
   3.6570058e-01
   5.4257161e-01
   5.9001858e-01
   5.1914396e-01
   3.7094469e-01
   1.6719311e-01
  -8.6527823e-02
  -3.5569279e-01
  -5.6244717e-01
  -6.3469611e-01
  -5.6316663e-01
  -3.9658621e-01
  -1.8523767e-01
   5.1718989e-02
   2.9814028e-01
   5.0250853e-01
   5.9471017e-01
   5.4518814e-01
   3.9109317e-01
   1.9474224e-01
  -1.1455288e-02
  -2.2431807e-01
  -4.2314868e-01
  -5.5044697e-01
  -5.5437651e-01
  -4.3973428e-01
  -2.5980263e-01
  -6.0440155e-02
   1.4890864e-01
   3.6231010e-01
   5.3517224e-01
   5.9949763e-01
   5.2395018e-01
   3.4277878e-01
   1.1770988e-01
  -1.1470486e-01
  -3.4255066e-01
  -5.3494359e-01
  -6.2765430e-01
  -5.6995327e-01
  -3.7734654e-01
  -1.2169903e-01
   1.2948567e-01
   3.4863073e-01
   5.2159327e-01
   6.0948094e-01
   5.6359449e-01
   3.8046352e-01
   1.2258125e-01
  -1.2813548e-01
  -3.2882826e-01
  -4.7672648e-01
  -5.6261985e-01
  -5.5001576e-01
  -4.1386286e-01
  -1.8607604e-01
   5.8174245e-02
   2.6043971e-01
   4.0999236e-01
   5.1115729e-01
   5.3974861e-01
   4.5497530e-01
   2.5426236e-01
  -3.7799710e-03
  -2.4231588e-01
  -4.2154506e-01
  -5.3856378e-01
  -5.8238731e-01
  -5.1643581e-01
  -3.2035055e-01
  -3.6535734e-02
   2.4534195e-01
   4.5248067e-01
   5.6522364e-01
   5.8908879e-01
   5.1336304e-01
   3.2110889e-01
   3.7932421e-02
  -2.5345814e-01
  -4.6398388e-01
  -5.5783356e-01
  -5.5190591e-01
  -4.6577452e-01
  -2.9585848e-01
  -4.7952342e-02
   2.2365918e-01
   4.3473596e-01
   5.3279701e-01
   5.2662002e-01
   4.4978393e-01
   3.1194094e-01
   1.0461510e-01
  -1.5040352e-01
  -3.8338050e-01
  -5.2203674e-01
  -5.4569359e-01
  -4.8119426e-01
  -3.5243602e-01
  -1.5663761e-01
   1.0028079e-01
   3.6276712e-01
   5.4426550e-01
   5.9079554e-01
   5.1327785e-01
   3.5360104e-01
   1.3657893e-01
  -1.2662041e-01
  -3.9547532e-01
  -5.8914252e-01
  -6.3717992e-01
  -5.3532341e-01
  -3.3847609e-01
  -1.0341204e-01
   1.4391204e-01
   3.8159408e-01
   5.5639112e-01
   6.0261303e-01
   5.0018765e-01
   2.9740116e-01
   6.6555692e-02
  -1.5201665e-01
  -3.4989355e-01
  -5.0578108e-01
  -5.6837820e-01
  -4.9844492e-01
  -3.1616558e-01
  -8.8692967e-02
   1.2811577e-01
   3.1932242e-01
   4.7900849e-01
   5.6990835e-01
   5.3899428e-01
   3.7442687e-01
   1.2914708e-01
  -1.2152454e-01
  -3.3425584e-01
  -4.9772608e-01
  -5.9001963e-01
  -5.6465579e-01
  -3.9479273e-01
  -1.2002041e-01
   1.6979171e-01
   3.9872691e-01
   5.4103484e-01
   5.9439839e-01
   5.4121774e-01
   3.6091349e-01
   7.8883494e-02
  -2.2036261e-01
  -4.4505102e-01
  -5.5579963e-01
  -5.6515626e-01
  -4.8892121e-01
  -3.2216438e-01
  -7.2186317e-02
   2.0386778e-01
   4.1935603e-01
   5.2030342e-01
   5.1432923e-01
   4.3422673e-01
   2.9033013e-01
   7.6987413e-02
  -1.8016567e-01
  -4.0870639e-01
  -5.3603543e-01
  -5.4299476e-01
  -4.5882623e-01
  -3.1069499e-01
  -1.0038530e-01
   1.6109339e-01
   4.1484193e-01
   5.7468681e-01
   5.9073459e-01
   4.8005460e-01
   2.9128424e-01
   5.6035883e-02
  -2.0843946e-01
  -4.5826100e-01
  -6.1421880e-01
  -6.1291801e-01
  -4.6047958e-01
  -2.2256735e-01
   3.4919650e-02
   2.7962192e-01
   4.8735150e-01
   6.0848815e-01
   5.8736303e-01
   4.1811106e-01
   1.6340020e-01
  -9.3354915e-02
  -3.0563849e-01
  -4.6448816e-01
  -5.5450753e-01
  -5.3690596e-01
  -3.8951465e-01
  -1.4979732e-01
   1.0213326e-01
   3.0430743e-01
   4.4297655e-01
   5.2048107e-01
   5.1441931e-01
   3.9133073e-01
   1.5940922e-01
  -1.1316922e-01
  -3.4433758e-01
  -4.9336329e-01
  -5.5988353e-01
  -5.3980463e-01
  -4.0906650e-01
  -1.6367843e-01
   1.3920098e-01
   4.0224578e-01
   5.5384815e-01
   5.8283507e-01
   5.0879924e-01
   3.3998162e-01
   8.1126123e-02
  -2.2336303e-01
  -4.8170949e-01
  -6.0892597e-01
  -5.8462262e-01
  -4.4804962e-01
  -2.4436697e-01
   4.3911803e-03
   2.7184684e-01
   4.9485787e-01
   5.9638065e-01
   5.4564924e-01
   3.8143898e-01
   1.6894988e-01
  -5.3714418e-02
  -2.7414119e-01
  -4.6271314e-01
  -5.5936932e-01
  -5.1832045e-01
  -3.5548680e-01
  -1.3544275e-01
   8.6063802e-02
   2.9043530e-01
   4.6509421e-01
   5.6643378e-01
   5.3854985e-01
   3.7049709e-01
   1.1795445e-01
  -1.4057666e-01
  -3.5795457e-01
  -5.1850796e-01
  -5.9754405e-01
  -5.5018376e-01
  -3.5597721e-01
  -6.2837749e-02
   2.3270354e-01
   4.5129257e-01
   5.6674831e-01
   5.7956334e-01
   4.7939315e-01
   2.5727422e-01
  -4.8691979e-02
  -3.4516389e-01
  -5.3850955e-01
  -5.9416632e-01
  -5.3430991e-01
  -3.8793135e-01
  -1.6572497e-01
   1.1005016e-01
   3.7300966e-01
   5.3691028e-01
   5.5775237e-01
   4.5931526e-01
   2.9301769e-01
   8.7716205e-02
  -1.4659522e-01
  -3.7576043e-01
  -5.2998920e-01
  -5.5098466e-01
  -4.4164107e-01
  -2.5528294e-01
  -4.0700809e-02
   1.8422560e-01
   4.0125613e-01
   5.5665972e-01
   5.8278915e-01
   4.5777404e-01
   2.2892642e-01
  -2.9560253e-02
  -2.6958132e-01
  -4.6921081e-01
  -5.9400609e-01
  -5.8874735e-01
  -4.2455032e-01
  -1.4407014e-01
   1.5778655e-01
   3.9939169e-01
   5.4857423e-01
   5.9747836e-01
   5.2748969e-01
   3.2373111e-01
   2.1698895e-02
  -2.8484550e-01
  -4.9938667e-01
  -5.8240943e-01
  -5.4982903e-01
  -4.2467051e-01
  -2.1378567e-01
   6.1439819e-02
   3.3306066e-01
   5.1190909e-01
   5.5034903e-01
   4.6812536e-01
   3.1294735e-01
   1.1151730e-01
  -1.2595905e-01
  -3.6317719e-01
  -5.2754341e-01
  -5.5828705e-01
  -4.5634209e-01
  -2.7357687e-01
  -5.8286937e-02
   1.7061376e-01
   3.9257581e-01
   5.5152003e-01
   5.7863679e-01
   4.5230145e-01
   2.2086904e-01
  -4.0126779e-02
  -2.8095805e-01
  -4.7794797e-01
  -5.9564397e-01
  -5.7961869e-01
  -4.0371565e-01
  -1.1414084e-01
   1.9126470e-01
   4.2929639e-01
   5.6763384e-01
   5.9982845e-01
   5.1057494e-01
   2.8998191e-01
  -2.1208577e-02
  -3.2573293e-01
  -5.2657883e-01
  -5.8665361e-01
  -5.2640217e-01
  -3.7474921e-01
  -1.4504903e-01
   1.3563828e-01
   3.9650699e-01
   5.4972030e-01
   5.5290801e-01
   4.3339551e-01
   2.4696049e-01
   2.7483962e-02
  -2.0981031e-01
  -4.2727312e-01
  -5.5576063e-01
  -5.4236253e-01
  -3.9818913e-01
  -1.8489748e-01
   4.1877045e-02
   2.5953756e-01
   4.4838520e-01
   5.5827945e-01
   5.3082586e-01
   3.5693392e-01
   9.6247804e-02
  -1.6847030e-01
  -3.8569369e-01
  -5.3560579e-01
  -5.9189954e-01
  -5.1335486e-01
  -2.8840703e-01
   2.4573313e-02
   3.2142632e-01
   5.2002414e-01
   5.9602675e-01
   5.5617527e-01
   4.0122606e-01
   1.3706799e-01
  -1.8397034e-01
  -4.6072419e-01
  -6.0136202e-01
  -5.8170792e-01
  -4.3966249e-01
  -2.2243267e-01
   4.1165192e-02
   3.1496659e-01
   5.2823848e-01
   6.0313164e-01
   5.1494964e-01
   3.1189544e-01
   6.8900342e-02
  -1.6672322e-01
  -3.7482879e-01
  -5.2290287e-01
  -5.5665301e-01
  -4.4472182e-01
  -2.2118852e-01
   3.3623177e-02
   2.5390972e-01
   4.1735160e-01
   5.1499350e-01
   5.1618677e-01
   3.8700096e-01
   1.4210785e-01
  -1.4184045e-01
  -3.7606901e-01
  -5.1521089e-01
  -5.5621687e-01
  -4.9677890e-01
  -3.2216950e-01
  -4.3939784e-02
   2.6571687e-01
   5.0203434e-01
   5.9580706e-01
   5.4593559e-01
   3.8744001e-01
   1.4844076e-01
  -1.4465365e-01
  -4.3100315e-01
  -6.1583118e-01
  -6.2765432e-01
  -4.7171377e-01
  -2.1726427e-01
   6.2303571e-02
   3.2283337e-01
   5.2733652e-01
   6.1976021e-01
   5.4978553e-01
   3.2670336e-01
   3.0724788e-02
  -2.4091226e-01
  -4.3322806e-01
  -5.3464560e-01
  -5.3592293e-01
  -4.1612295e-01
  -1.7985757e-01
   1.0905919e-01
   3.5431991e-01
   4.9165015e-01
   5.1710432e-01
   4.5274310e-01
   3.0500652e-01
   7.5030882e-02
  -1.9786584e-01
  -4.2929833e-01
  -5.4191417e-01
  -5.1809284e-01
  -3.9218276e-01
  -2.0054246e-01
   4.0050659e-02
   3.0102050e-01
   5.1234259e-01
   5.9091492e-01
   5.0378235e-01
   2.9186979e-01
   2.8067487e-02
  -2.3429120e-01
  -4.6194870e-01
  -6.0772492e-01
  -6.0875081e-01
  -4.3666901e-01
  -1.4059853e-01
   1.7641545e-01
   4.2528685e-01
   5.6773243e-01
   5.9302314e-01
   4.8633533e-01
   2.4445479e-01
  -8.1650746e-02
  -3.8611244e-01
  -5.6859084e-01
  -5.9417646e-01
  -4.8963329e-01
  -2.9363541e-01
  -3.2015322e-02
   2.5599290e-01
   4.9298533e-01
   5.9406415e-01
   5.2876729e-01
   3.4099761e-01
   1.0328544e-01
  -1.3637448e-01
  -3.5375555e-01
  -5.1081040e-01
  -5.4933068e-01
  -4.3726427e-01
  -2.1037603e-01
   4.8593924e-02
   2.7128547e-01
   4.3254623e-01
   5.2114968e-01
   5.0678061e-01
   3.5966879e-01
   1.0108299e-01
  -1.8642744e-01
  -4.1120839e-01
  -5.2833111e-01
  -5.3799974e-01
  -4.4406521e-01
  -2.4084908e-01
   5.0106673e-02
   3.4960989e-01
   5.5232279e-01
   5.9540760e-01
   4.8889265e-01
   2.8093659e-01
   1.2601860e-02
  -2.7950925e-01
  -5.3070228e-01
  -6.5171488e-01
  -5.8570882e-01
  -3.5753257e-01
  -5.5241151e-02
   2.3433190e-01
   4.6161570e-01
   5.9395877e-01
   5.9009014e-01
   4.2281389e-01
   1.2697328e-01
  -1.9698707e-01
  -4.4278155e-01
  -5.5944371e-01
  -5.5114682e-01
  -4.3319606e-01
  -2.1350761e-01
   7.6880606e-02
   3.5799274e-01
   5.3314176e-01
   5.5376902e-01
   4.4318363e-01
   2.5556154e-01
   2.7611951e-02
  -2.1764197e-01
  -4.3352541e-01
  -5.4645800e-01
  -5.0641749e-01
  -3.3246467e-01
  -9.5315066e-02
   1.4108761e-01
   3.4692736e-01
   4.9848296e-01
   5.4900639e-01
   4.5309862e-01
   2.2081431e-01
  -7.0211640e-02
  -3.2625171e-01
  -4.9363523e-01
  -5.5909908e-01
  -5.1207967e-01
  -3.3585273e-01
  -4.7083772e-02
   2.7341947e-01
   5.1359713e-01
   6.0065453e-01
   5.3351145e-01
   3.5071884e-01
   8.8054143e-02
  -2.1730312e-01
  -4.9503615e-01
  -6.4777046e-01
  -6.1064465e-01
  -4.0214723e-01
  -1.0655204e-01
   1.8968028e-01
   4.3361762e-01
   5.8660780e-01
   6.0115355e-01
   4.4587401e-01
   1.5421658e-01
  -1.7261484e-01
  -4.2624303e-01
  -5.5268075e-01
  -5.5269728e-01
  -4.3905123e-01
  -2.1926363e-01
   7.3783759e-02
   3.5740336e-01
   5.3295528e-01
   5.5130068e-01
   4.3620976e-01
   2.4307722e-01
   1.0712785e-02
  -2.3511429e-01
  -4.4558206e-01
  -5.4713178e-01
  -4.9240826e-01
  -3.0469825e-01
  -5.8862742e-02
   1.7810155e-01
   3.7480752e-01
   5.0799782e-01
   5.3420935e-01
   4.1411897e-01
   1.6497915e-01
  -1.2987635e-01
  -3.7446579e-01
  -5.1673352e-01
  -5.4836520e-01
  -4.6637507e-01
  -2.6316308e-01
   3.6116039e-02
   3.4580798e-01
   5.5488346e-01
   5.9747113e-01
   4.8326236e-01
   2.6267609e-01
  -1.8074324e-02
  -3.1522077e-01
  -5.5807430e-01
  -6.5640317e-01
  -5.5881638e-01
  -2.9982529e-01
   2.2416165e-02
   3.1335028e-01
   5.1959455e-01
   6.1011499e-01
   5.5212371e-01
   3.3304150e-01
   4.1448535e-03
  -3.2203027e-01
  -5.3582140e-01
  -5.9226099e-01
  -5.0897913e-01
  -3.1954207e-01
  -5.1559059e-02
   2.4788747e-01
   4.9236471e-01
   5.9187997e-01
   5.1627943e-01
   3.1334025e-01
   6.1159808e-02
  -1.8548243e-01
  -3.9543589e-01
  -5.2706021e-01
  -5.2574620e-01
  -3.7047360e-01
  -1.1105382e-01
   1.5836778e-01
   3.6373574e-01
   4.8032678e-01
   5.0374561e-01
   4.1762803e-01
   2.1176357e-01
  -7.3163739e-02
  -3.4297600e-01
  -5.0679971e-01
  -5.3222278e-01
  -4.3991908e-01
  -2.5824997e-01
  -5.9705982e-03
   2.7718006e-01
   5.0743852e-01
   5.9270127e-01
   4.9844055e-01
   2.6966231e-01
  -1.3187907e-02
  -2.8657875e-01
  -5.0650069e-01
  -6.1992024e-01
  -5.6877575e-01
  -3.4057512e-01
  -4.9001652e-03
   3.1871457e-01
   5.3381607e-01
   6.0499749e-01
   5.3471531e-01
   3.3135895e-01
   2.1104167e-02
  -3.1896336e-01
  -5.7128625e-01
  -6.4402954e-01
  -5.2820647e-01
  -2.8596771e-01
   7.4166142e-03
   2.9588053e-01
   5.2477220e-01
   6.2399626e-01
   5.4052727e-01
   2.9222494e-01
  -2.7240579e-02
  -3.0838785e-01
  -4.8759164e-01
  -5.4961140e-01
  -4.8992739e-01
  -3.0349058e-01
  -1.8590463e-02
   2.7948610e-01
   4.8508690e-01
   5.3982330e-01
   4.5743464e-01
   2.8479471e-01
   5.6842383e-02
  -1.9828184e-01
  -4.2501709e-01
  -5.4273236e-01
  -4.9958717e-01
  -3.1724643e-01
  -7.0953787e-02
   1.7001663e-01
   3.6997328e-01
   5.0085958e-01
   5.1713976e-01
   3.8237046e-01
   1.2050333e-01
  -1.7821353e-01
  -4.1369452e-01
  -5.3344456e-01
  -5.3223940e-01
  -4.1401721e-01
  -1.8177789e-01
   1.2773342e-01
   4.2134264e-01
   5.8882754e-01
   5.7385218e-01
   4.0114633e-01
   1.3747453e-01
  -1.5681292e-01
  -4.2947947e-01
  -6.1092201e-01
  -6.2387626e-01
  -4.3960664e-01
  -1.1798619e-01
   2.2310658e-01
   4.8076626e-01
   6.0661339e-01
   5.8733153e-01
   4.1779019e-01
   1.1699028e-01
  -2.3761604e-01
  -5.2210916e-01
  -6.3489199e-01
  -5.5624994e-01
  -3.3902112e-01
  -5.3115169e-02
   2.4507533e-01
   4.9537000e-01
   6.1967632e-01
   5.5770266e-01
   3.2259255e-01
   6.1193767e-03
  -2.8150675e-01
  -4.7344487e-01
  -5.4952331e-01
  -5.0051366e-01
  -3.1903664e-01
  -3.4117929e-02
   2.6639635e-01
   4.7431844e-01
   5.2968707e-01
   4.4562647e-01
   2.6941002e-01
   3.7803664e-02
  -2.1798840e-01
  -4.3964312e-01
  -5.4608751e-01
  -4.8810919e-01
  -2.9192170e-01
  -3.7330457e-02
   2.0308051e-01
   3.9211677e-01
   5.0270033e-01
   4.9357323e-01
   3.3561159e-01
   6.0910749e-02
  -2.3456812e-01
  -4.4972592e-01
  -5.3597110e-01
  -4.9573339e-01
  -3.4285104e-01
  -9.0598856e-02
   2.1646407e-01
   4.8310738e-01
   6.0465242e-01
   5.3673796e-01
   3.1880375e-01
   3.0816144e-02
  -2.5849724e-01
  -4.9561727e-01
  -6.1805936e-01
  -5.6352371e-01
  -3.2255953e-01
   2.7319874e-02
   3.5812911e-01
   5.6759852e-01
   6.1851655e-01
   5.1655604e-01
   2.7908783e-01
  -5.4551234e-02
  -3.9505672e-01
  -6.1988463e-01
  -6.4262276e-01
  -4.6826862e-01
  -1.7665254e-01
   1.4044055e-01
   4.1563928e-01
   5.9216764e-01
   6.1008062e-01
   4.3805095e-01
   1.2088393e-01
  -2.2504926e-01
  -4.7955993e-01
  -5.8322506e-01
  -5.3860403e-01
  -3.6884864e-01
  -1.0050050e-01
   2.1134414e-01
   4.6894558e-01
   5.7434962e-01
   4.9540889e-01
   2.8249694e-01
   1.9073006e-02
  -2.3259781e-01
  -4.3338147e-01
  -5.3757432e-01
  -4.9504841e-01
  -2.9785239e-01
  -1.1789502e-02
   2.5721015e-01
   4.3131748e-01
   4.9017733e-01
   4.4122764e-01
   2.8680073e-01
   3.9064948e-02
  -2.4277321e-01
  -4.5854443e-01
  -5.2780804e-01
  -4.4167942e-01
  -2.5007216e-01
  -9.2396639e-03
   2.4142064e-01
   4.5502265e-01
   5.5970214e-01
   4.9456434e-01
   2.6743074e-01
  -3.6890756e-02
  -3.1302367e-01
  -4.9380544e-01
  -5.5389658e-01
  -4.7862299e-01
  -2.6094058e-01
   6.1077096e-02
   3.8439719e-01
   5.8593742e-01
   5.9790921e-01
   4.3738751e-01
   1.6903464e-01
  -1.4207100e-01
  -4.3339653e-01
  -6.2443466e-01
  -6.3251237e-01
  -4.3179793e-01
  -9.1169312e-02
   2.6113973e-01
   5.1436614e-01
   6.1693419e-01
   5.5870127e-01
   3.4517707e-01
   1.1588774e-02
  -3.4892115e-01
  -6.0489841e-01
  -6.5958373e-01
  -5.0893220e-01
  -2.2695210e-01
   9.5647122e-02
   3.8737884e-01
   5.8393273e-01
   6.1801534e-01
   4.5433851e-01
   1.3791881e-01
  -2.1193516e-01
  -4.7125472e-01
  -5.7717414e-01
  -5.3004910e-01
  -3.5325270e-01
  -7.6655275e-02
   2.3940087e-01
   4.9295740e-01
   5.8552263e-01
   4.8850330e-01
   2.5820993e-01
  -1.5731728e-02
  -2.6620338e-01
  -4.5187181e-01
  -5.2904983e-01
  -4.5462165e-01
  -2.3107284e-01
   6.5817496e-02
   3.2464592e-01
   4.6853555e-01
   4.8397723e-01
   3.8937675e-01
   1.9990878e-01
  -6.0658523e-02
  -3.2680529e-01
  -5.0065124e-01
  -5.1289631e-01
  -3.7121122e-01
  -1.4219946e-01
   1.0574180e-01
   3.2870214e-01
   4.8461684e-01
   5.1580389e-01
   3.8206744e-01
   1.1240484e-01
  -1.9390930e-01
  -4.2873999e-01
  -5.3472151e-01
  -5.0608878e-01
  -3.5267822e-01
  -9.0837843e-02
   2.2588058e-01
   4.9275080e-01
   6.0085019e-01
   5.0882794e-01
   2.6442358e-01
  -4.1947065e-02
  -3.3158547e-01
  -5.4454130e-01
  -6.1956614e-01
  -5.0599638e-01
  -2.1411444e-01
   1.5833512e-01
   4.7123725e-01
   6.2305173e-01
   5.8992158e-01
   4.0025970e-01
   9.8646551e-02
  -2.5113021e-01
  -5.4726988e-01
  -6.7396076e-01
  -5.7098815e-01
  -2.8089858e-01
   7.9982817e-02
   3.9552569e-01
   5.9316124e-01
   6.3285815e-01
   4.9133764e-01
   1.8522027e-01
  -1.9633923e-01
  -5.1212076e-01
  -6.4606421e-01
  -5.7088346e-01
  -3.3963393e-01
  -3.0452077e-02
   2.8551543e-01
   5.3270867e-01
   6.2605693e-01
   5.1256403e-01
   2.2452758e-01
  -1.2424281e-01
  -4.0762700e-01
  -5.5376143e-01
  -5.4978793e-01
  -4.0622159e-01
  -1.4507362e-01
   1.7415104e-01
   4.4474153e-01
   5.6095590e-01
   4.8692867e-01
   2.7305911e-01
   5.6297898e-03
  -2.4783778e-01
  -4.4199124e-01
  -5.2778969e-01
  -4.5854530e-01
  -2.3646718e-01
   6.0636652e-02
   3.1903364e-01
   4.6036323e-01
   4.7064105e-01
   3.6911786e-01
   1.7379561e-01
  -8.7073625e-02
  -3.4407935e-01
  -4.9896137e-01
  -4.8668955e-01
  -3.2225747e-01
  -7.9761921e-02
   1.6697351e-01
   3.7195241e-01
   4.9549151e-01
   4.8759721e-01
   3.2004441e-01
   3.4247329e-02
  -2.6276374e-01
  -4.6314231e-01
  -5.1787160e-01
  -4.3508517e-01
  -2.4064545e-01
   3.4824493e-02
   3.2978858e-01
   5.4193568e-01
   5.7623174e-01
   4.1299845e-01
   1.2226102e-01
  -1.8991486e-01
  -4.4048646e-01
  -5.7803278e-01
  -5.6148126e-01
  -3.6758833e-01
  -3.3459082e-02
   3.2632655e-01
   5.7166646e-01
   6.1874419e-01
   4.7379796e-01
   1.9882168e-01
  -1.3403458e-01
  -4.4772843e-01
  -6.4698233e-01
  -6.4247305e-01
  -4.1356070e-01
  -4.2902857e-02
   3.2592521e-01
   5.7135099e-01
   6.3906355e-01
   5.2622080e-01
   2.5575731e-01
  -1.1379282e-01
  -4.6942472e-01
  -6.7349945e-01
  -6.4137586e-01
  -3.9555118e-01
  -4.1581189e-02
   3.0322967e-01
   5.5375787e-01
   6.5077178e-01
   5.5269135e-01
   2.6530782e-01
  -1.2324502e-01
  -4.6490140e-01
  -6.3263383e-01
  -5.8759565e-01
  -3.7382972e-01
  -6.5886781e-02
   2.6190262e-01
   5.2587697e-01
   6.3251432e-01
   5.2430639e-01
   2.3420516e-01
  -1.1993980e-01
  -4.0714552e-01
  -5.5164350e-01
  -5.3895066e-01
  -3.8162259e-01
  -1.0777742e-01
   2.1509259e-01
   4.7476840e-01
   5.6613215e-01
   4.6035468e-01
   2.1834486e-01
  -6.3448495e-02
  -3.1064534e-01
  -4.7654470e-01
  -5.1796260e-01
  -4.0119907e-01
  -1.4506969e-01
   1.5875913e-01
   3.9136338e-01
   4.8005608e-01
   4.2539165e-01
   2.6571842e-01
   3.7733348e-02
  -2.1733862e-01
  -4.2796826e-01
  -5.0729623e-01
  -4.1281380e-01
  -1.8574236e-01
   7.8928861e-02
   2.9846368e-01
   4.3244972e-01
   4.6016177e-01
   3.5971283e-01
   1.3265963e-01
  -1.5786851e-01
  -3.9968040e-01
  -4.9923082e-01
  -4.3694479e-01
  -2.5624572e-01
  -1.3741683e-02
   2.4256224e-01
   4.5303339e-01
   5.3794600e-01
   4.4041102e-01
   1.8286357e-01
  -1.3278493e-01
  -3.8970729e-01
  -5.1878604e-01
  -5.0321326e-01
  -3.4773140e-01
  -7.3312618e-02
   2.5409527e-01
   5.1727196e-01
   6.0267420e-01
   4.7484512e-01
   1.9476244e-01
  -1.3184730e-01
  -4.1359823e-01
  -5.8508667e-01
  -5.9163462e-01
  -4.0295066e-01
  -5.8143292e-02
   3.1963687e-01
   5.8022242e-01
   6.3252003e-01
   4.8046395e-01
   1.8941582e-01
  -1.6005884e-01
  -4.8039753e-01
  -6.6898275e-01
  -6.3726445e-01
  -3.7438858e-01
   2.2380000e-02
   3.9662194e-01
   6.2092560e-01
   6.4440376e-01
   4.7659718e-01
   1.5914510e-01
  -2.2998006e-01
  -5.6551146e-01
  -7.1148950e-01
  -6.0016443e-01
  -2.8053170e-01
   1.1534527e-01
   4.5277771e-01
   6.4430775e-01
   6.4539054e-01
   4.4353242e-01
   7.9940135e-02
  -3.2786222e-01
  -6.2039804e-01
  -6.8284005e-01
  -5.0862755e-01
  -1.8352676e-01
   1.7997983e-01
   4.8541795e-01
   6.5099504e-01
   6.1090715e-01
   3.5426390e-01
  -3.5608308e-02
  -4.0473942e-01
  -6.1350189e-01
  -6.0822408e-01
  -4.2038787e-01
  -1.1853757e-01
   2.2023523e-01
   5.0279059e-01
   6.2511872e-01
   5.2377142e-01
   2.3211840e-01
  -1.2725203e-01
  -4.1750683e-01
  -5.5829076e-01
  -5.3354720e-01
  -3.5888683e-01
  -7.0307660e-02
   2.5502815e-01
   4.9898669e-01
   5.5865559e-01
   4.1541312e-01
   1.4407749e-01
  -1.4665036e-01
  -3.7576382e-01
  -4.9797855e-01
  -4.8070547e-01
  -3.0858722e-01
  -2.0995103e-02
   2.7602028e-01
   4.6216017e-01
   4.7764097e-01
   3.4567610e-01
   1.2970220e-01
  -1.1338222e-01
  -3.3335060e-01
  -4.6534237e-01
  -4.4510973e-01
  -2.6254438e-01
   1.0312409e-02
   2.6072495e-01
   4.0758189e-01
   4.3080351e-01
   3.4274846e-01
   1.5828821e-01
  -9.1484479e-02
  -3.3176436e-01
  -4.6272110e-01
  -4.2479010e-01
  -2.4284878e-01
  -1.4707547e-04
   2.2432965e-01
   3.8451704e-01
   4.4725715e-01
   3.7749625e-01
   1.6854183e-01
  -1.1805892e-01
  -3.6700882e-01
  -4.7975600e-01
  -4.3149655e-01
  -2.6143840e-01
  -2.4733987e-02
   2.2823398e-01
   4.3330256e-01
   5.0814869e-01
   3.9833032e-01
   1.3294226e-01
  -1.7928259e-01
  -4.1840507e-01
  -5.1736559e-01
  -4.6623980e-01
  -2.8054187e-01
   6.2343955e-03
   3.1848692e-01
   5.3811204e-01
   5.6261856e-01
   3.7677420e-01
   6.3329533e-02
  -2.5686646e-01
  -4.8926342e-01
  -5.7903714e-01
  -4.9447067e-01
  -2.3537974e-01
   1.3153538e-01
   4.6951900e-01
   6.3631326e-01
   5.6914668e-01
   3.1126660e-01
  -3.4807770e-02
  -3.6555338e-01
  -5.9290626e-01
  -6.3892065e-01
  -4.5985401e-01
  -9.6132516e-02
   3.1585650e-01
   6.0842497e-01
   6.7620447e-01
   5.1694834e-01
   2.0003518e-01
  -1.8064508e-01
  -5.1995409e-01
  -7.0208474e-01
  -6.3760226e-01
  -3.2884768e-01
   1.0560628e-01
   4.8984437e-01
   6.8712564e-01
   6.5127532e-01
   4.1002191e-01
   3.1988514e-02
  -3.7807102e-01
  -6.7992107e-01
  -7.4339946e-01
  -5.2769740e-01
  -1.2028983e-01
   3.1164067e-01
   6.1489400e-01
   7.0725940e-01
   5.7311797e-01
   2.4521367e-01
  -1.8795583e-01
  -5.7747784e-01
  -7.6281431e-01
  -6.6154978e-01
  -3.2238293e-01
   1.1044793e-01
   4.8317515e-01
   6.8976104e-01
   6.7570251e-01
   4.3317048e-01
   2.2242398e-02
  -4.1494304e-01
  -7.0096724e-01
  -7.1882285e-01
  -4.7667755e-01
  -8.5994695e-02
   3.1338846e-01
   6.0582842e-01
   7.0708934e-01
   5.6982539e-01
   2.1839948e-01
  -2.2489912e-01
  -5.8013367e-01
  -7.0647787e-01
  -5.7514698e-01
  -2.6008614e-01
   1.2415923e-01
   4.6639426e-01
   6.6460617e-01
   6.3776601e-01
   3.7233344e-01
  -3.8619025e-02
  -4.2591307e-01
  -6.3753260e-01
  -6.1544078e-01
  -3.9628160e-01
  -6.2062923e-02
   2.9261926e-01
   5.6083401e-01
   6.3705009e-01
   4.7224580e-01
   1.2519826e-01
  -2.5642923e-01
  -5.2213021e-01
  -5.9490730e-01
  -4.7851184e-01
  -2.1951551e-01
   1.1320203e-01
   4.1992950e-01
   5.8160148e-01
   5.1977633e-01
   2.5807884e-01
  -8.4737135e-02
  -3.7099339e-01
  -5.1605140e-01
  -4.9821659e-01
  -3.2970150e-01
  -4.8094918e-02
   2.6433564e-01
   4.8629426e-01
   5.1840947e-01
   3.5195538e-01
   7.3006686e-02
  -2.0254056e-01
  -3.9339410e-01
  -4.6162655e-01
  -3.8938363e-01
  -1.8092390e-01
   1.0651226e-01
   3.5983992e-01
   4.6842436e-01
   3.9676503e-01
   1.9788426e-01
  -4.0207450e-02
  -2.4920473e-01
  -3.8474255e-01
  -4.0546185e-01
  -2.8339790e-01
  -4.6111184e-02
   2.1024542e-01
   3.7348928e-01
   3.8868165e-01
   2.7824945e-01
   9.9120520e-02
  -1.0104325e-01
  -2.8083406e-01
  -3.8323932e-01
  -3.5168241e-01
  -1.8223189e-01
   5.2410097e-02
   2.4739837e-01
   3.3648271e-01
   3.1604988e-01
   2.1140118e-01
   4.4181014e-02
  -1.5542040e-01
  -3.2296744e-01
  -3.7861417e-01
  -2.8758589e-01
  -9.4947385e-02
   1.0927102e-01
   2.5561069e-01
   3.2030951e-01
   2.9870401e-01
   1.8334590e-01
  -1.3450153e-02
  -2.2768145e-01
  -3.6252525e-01
  -3.5492589e-01
  -2.2031712e-01
  -2.8145479e-02
   1.5638110e-01
   2.9586365e-01
   3.5898245e-01
   3.0820783e-01
   1.3312429e-01
  -1.0964271e-01
  -3.1285339e-01
  -3.8905434e-01
  -3.2394496e-01
  -1.6241031e-01
   4.0977015e-02
   2.4169122e-01
   3.8611216e-01
   4.0735290e-01
   2.6918629e-01
   1.5138440e-02
  -2.4342989e-01
  -3.9931346e-01
  -4.0987616e-01
  -2.9317123e-01
  -8.8072265e-02
   1.5978686e-01
   3.7932597e-01
   4.7629050e-01
   3.8714719e-01
   1.3794900e-01
  -1.6147301e-01
  -3.8907597e-01
  -4.7635911e-01
  -4.1376461e-01
  -2.2079332e-01
   6.1015984e-02
   3.4798575e-01
   5.2131154e-01
   4.8998379e-01
   2.5955576e-01
  -6.6421535e-02
  -3.5583168e-01
  -5.1741683e-01
  -5.1441467e-01
  -3.4459182e-01
  -4.1170218e-02
   3.0412021e-01
   5.5118477e-01
   5.8239998e-01
   3.8104655e-01
   4.0682939e-02
  -3.0079530e-01
  -5.3272552e-01
  -5.9240175e-01
  -4.5464375e-01
  -1.4116780e-01
   2.5223311e-01
   5.6754330e-01
   6.6211487e-01
   4.9626645e-01
   1.5091064e-01
  -2.3390105e-01
  -5.3139175e-01
  -6.5472520e-01
  -5.5551943e-01
  -2.4181328e-01
   1.8980925e-01
   5.6660968e-01
   7.2293072e-01
   5.9630119e-01
   2.5332254e-01
  -1.6665584e-01
  -5.2375630e-01
  -7.0912572e-01
  -6.5168870e-01
  -3.4458719e-01
   1.1726941e-01
   5.4923447e-01
   7.6481852e-01
   6.7956903e-01
   3.4498342e-01
  -1.0235748e-01
  -5.1206055e-01
  -7.5545462e-01
  -7.3984338e-01
  -4.4309227e-01
   4.3211634e-02
   5.2481734e-01
   7.9654829e-01
   7.5322517e-01
   4.3120278e-01
  -3.6986378e-02
  -4.9248278e-01
  -7.8889790e-01
  -8.1335543e-01
  -5.2876015e-01
  -2.2497231e-02
   5.0331796e-01
   8.2680729e-01
   8.2361648e-01
   5.1556194e-01
   3.0602996e-02
  -4.6538519e-01
  -8.1016401e-01
  -8.7232259e-01
  -6.0067724e-01
  -7.8228084e-02
   4.8620737e-01
   8.5578776e-01
   8.8870771e-01
   5.9337586e-01
   9.3342237e-02
  -4.3935052e-01
  -8.2817769e-01
  -9.2493632e-01
  -6.6567819e-01
  -1.2946805e-01
   4.6875902e-01
   8.7862539e-01
   9.4266279e-01
   6.5741223e-01
   1.4277570e-01
  -4.2332361e-01
  -8.5132074e-01
  -9.7800287e-01
  -7.2835985e-01
  -1.7854536e-01
   4.5041376e-01
   8.9568935e-01
   9.8593161e-01
   7.0767179e-01
   1.7843732e-01
  -4.1774786e-01
  -8.7921623e-01
  -1.0295334e+00
  -7.8464571e-01
  -2.1932558e-01
   4.3882824e-01
   9.1530147e-01
   1.0266196e+00
   7.5143318e-01
   2.0662316e-01
  -4.1700535e-01
  -9.0632933e-01
  -1.0734661e+00
  -8.2759605e-01
  -2.4406693e-01
   4.4204398e-01
   9.4503899e-01
   1.0710768e+00
   7.9331491e-01
   2.3013026e-01
  -4.1980055e-01
  -9.3229326e-01
  -1.1097825e+00
  -8.5718836e-01
  -2.5275293e-01
   4.5971453e-01
   9.8364502e-01
   1.1166291e+00
   8.2897399e-01
   2.4306171e-01
  -4.3313351e-01
  -9.6458359e-01
  -1.1458499e+00
  -8.8033491e-01
  -2.5182166e-01
   4.8561380e-01
   1.0247216e+00
   1.1564066e+00
   8.5101860e-01
   2.3776304e-01
  -4.6442302e-01
  -1.0098155e+00
  -1.1870403e+00
  -9.0099741e-01
  -2.4396272e-01
   5.1797209e-01
   1.0670276e+00
   1.1894511e+00
   8.5878873e-01
   2.1414805e-01
  -5.1276447e-01
  -1.0657205e+00
  -1.2295651e+00
  -9.1401630e-01
  -2.2306227e-01
   5.6332106e-01
   1.1170539e+00
   1.2219950e+00
   8.5834236e-01
   1.7841265e-01
  -5.7145811e-01
  -1.1248811e+00
  -1.2653757e+00
  -9.1112103e-01
  -1.8124452e-01
   6.2852855e-01
   1.1802709e+00
   1.2580827e+00
   8.5261982e-01
   1.3291222e-01
  -6.3825979e-01
  -1.1849642e+00
  -1.2922395e+00
  -8.9071123e-01
  -1.1821277e-01
   7.1205312e-01
   1.2531395e+00
   1.2924901e+00
   8.3540677e-01
   7.1267701e-02
  -7.1906827e-01
  -1.2511707e+00
  -1.3149459e+00
  -8.5781984e-01
  -3.9970310e-02
   8.0646592e-01
   1.3268701e+00
   1.3156956e+00
   7.9745558e-01
  -1.4464600e-02
  -8.1984974e-01
  -1.3274243e+00
  -1.3359348e+00
  -8.1434692e-01
   5.1197169e-02
   9.0859789e-01
   1.3975860e+00
   1.3239383e+00
   7.3629309e-01
  -1.2441044e-01
  -9.3787452e-01
  -1.4084208e+00
  -1.3483256e+00
  -7.5318831e-01
   1.6142758e-01
   1.0230608e+00
   1.4686652e+00
   1.3203859e+00
   6.5620036e-01
  -2.5212144e-01
  -1.0642290e+00
  -1.4834349e+00
  -1.3410007e+00
  -6.6451352e-01
   2.9795697e-01
   1.1540651e+00
   1.5419044e+00
   1.3058240e+00
   5.5856739e-01
  -3.9446134e-01
  -1.1938712e+00
  -1.5464631e+00
  -1.3087127e+00
  -5.4565707e-01
   4.5967143e-01
   1.2966600e+00
   1.6096666e+00
   1.2718708e+00
   4.3624797e-01
  -5.5610553e-01
  -1.3290188e+00
  -1.5985312e+00
  -1.2532999e+00
  -4.0117882e-01
   6.3830294e-01
   1.4392821e+00
   1.6588262e+00
   1.2062701e+00
   2.8005811e-01
  -7.4205693e-01
  -1.4709237e+00
  -1.6389388e+00
  -1.1745450e+00
  -2.3340217e-01
   8.2819357e-01
   1.5737998e+00
   1.6810123e+00
   1.1031611e+00
   8.8809401e-02
  -9.4815684e-01
  -1.6112156e+00
  -1.6576448e+00
  -1.0636926e+00
  -3.7044945e-02
   1.0306325e+00
   1.6988927e+00
   1.6750372e+00
   9.6446600e-01
  -1.3051166e-01
  -1.1622990e+00
  -1.7346348e+00
  -1.6395195e+00
  -9.0907572e-01
   1.9404054e-01
   1.2463069e+00
   1.8119559e+00
   1.6384073e+00
   7.9103486e-01
  -3.7202262e-01
  -1.3741962e+00
  -1.8292672e+00
  -1.5748859e+00
  -7.0665664e-01
   4.5672030e-01
   1.4659312e+00
   1.9007768e+00
   1.5601497e+00
   5.7656025e-01
  -6.3610098e-01
  -1.5797534e+00
  -1.8901709e+00
  -1.4622776e+00
  -4.6165726e-01
   7.3838313e-01
   1.6717189e+00
   1.9467327e+00
   1.4255773e+00
   3.1357512e-01
  -9.2255353e-01
  -1.7737393e+00
  -1.9117152e+00
  -1.3004111e+00
  -1.7998938e-01
   1.0262418e+00
   1.8474826e+00
   1.9355377e+00
   1.2273029e+00
   4.2142730e-03
  -1.2206208e+00
  -1.9409088e+00
  -1.8799213e+00
  -1.0815977e+00
   1.3754659e-01
   1.3126085e+00
   1.9834644e+00
   1.8614513e+00
   9.6842840e-01
  -3.3809699e-01
  -1.5091682e+00
  -2.0581934e+00
  -1.7764481e+00
  -7.9706396e-01
   4.8915964e-01
   1.5884502e+00
   2.0697185e+00
   1.7203487e+00
   6.5494693e-01
  -6.9728778e-01
  -1.7665604e+00
  -2.1056481e+00
  -1.5901071e+00
  -4.4831766e-01
   8.6154988e-01
   1.8341677e+00
   2.0882515e+00
   1.5029214e+00
   2.8951059e-01
  -1.0607333e+00
  -1.9767441e+00
  -2.0722512e+00
  -1.3217633e+00
  -5.0412730e-02
   1.2288505e+00
   2.0209145e+00
   2.0164088e+00
   1.1994509e+00
  -1.2319253e-01
  -1.4138548e+00
  -2.1239716e+00
  -1.9504209e+00
  -9.7800407e-01
   3.7587454e-01
   1.5622657e+00
   2.1218433e+00
   1.8390006e+00
   8.1179538e-01
  -5.6554532e-01
  -1.7308645e+00
  -2.1851394e+00
  -1.7293766e+00
  -5.6470933e-01
   8.1092325e-01
   1.8375596e+00
   2.1197367e+00
   1.5551129e+00
   3.5827835e-01
  -1.0048391e+00
  -1.9755044e+00
  -2.1328891e+00
  -1.3995598e+00
  -9.1672450e-02
   1.2321834e+00
   2.0315497e+00
   2.0034147e+00
   1.1733485e+00
  -1.3324155e-01
  -1.4028258e+00
  -2.1128509e+00
  -1.9485491e+00
  -9.6524020e-01
   4.1640536e-01
   1.6053842e+00
   2.1152156e+00
   1.7617086e+00
   7.0538467e-01
  -6.3315681e-01
  -1.7249549e+00
  -2.1191606e+00
  -1.6310773e+00
  -4.5095683e-01
   9.1701389e-01
   1.8852162e+00
   2.0569792e+00
   1.3877296e+00
   1.6966602e-01
  -1.1078416e+00
  -1.9392818e+00
  -1.9807068e+00
  -1.1941037e+00
   1.0466957e-01
   1.3597334e+00
   2.0281818e+00
   1.8367362e+00
   8.9196868e-01
  -3.9804335e-01
  -1.5121220e+00
  -2.0111164e+00
  -1.6888297e+00
  -6.5947088e-01
   6.5806785e-01
   1.6978636e+00
   2.0051844e+00
   1.4570675e+00
   3.0992656e-01
  -9.4177271e-01
  -1.7907473e+00
  -1.9070677e+00
  -1.2441114e+00
  -5.9485282e-02
   1.1611521e+00
   1.8906515e+00
   1.8033403e+00
   9.4204510e-01
  -3.0392555e-01
  -1.3964585e+00
  -1.8930073e+00
  -1.6103638e+00
  -6.6948597e-01
   5.5401206e-01
   1.5562705e+00
   1.9004039e+00
   1.4223736e+00
   3.3028298e-01
  -8.8759832e-01
  -1.7029802e+00
  -1.7886225e+00
  -1.1341230e+00
  -1.8101618e-02
   1.1081131e+00
   1.7796402e+00
   1.6977979e+00
   8.7829269e-01
  -3.2541650e-01
  -1.3761643e+00
  -1.8148058e+00
  -1.4728034e+00
  -5.2123905e-01
   6.3391054e-01
   1.5225658e+00
   1.7785217e+00
   1.2782531e+00
   2.1525863e-01
  -9.5227852e-01
  -1.7008214e+00
  -1.6983609e+00
  -9.6361546e-01
   1.6441912e-01
   1.2029365e+00
   1.7294978e+00
   1.5306046e+00
   6.7619173e-01
  -4.8827249e-01
  -1.4594204e+00
  -1.7955532e+00
  -1.3395210e+00
  -3.0373146e-01
   8.4313878e-01
   1.6085798e+00
   1.6853735e+00
   1.0516965e+00
  -3.5891755e-02
  -1.1303300e+00
  -1.7559369e+00
  -1.6171669e+00
  -7.5966028e-01
   4.3150047e-01
   1.4195649e+00
   1.7785366e+00
   1.3745775e+00
   3.9228701e-01
  -7.6080116e-01
  -1.6074032e+00
  -1.7762957e+00
  -1.1671632e+00
  -2.8215738e-02
   1.1329083e+00
   1.7904292e+00
   1.6590471e+00
   8.1545878e-01
  -3.6578042e-01
  -1.3898564e+00
  -1.8332400e+00
  -1.4973102e+00
  -4.9953469e-01
   7.4275371e-01
   1.6750670e+00
   1.8682930e+00
   1.2364592e+00
   7.2545282e-02
  -1.1092779e+00
  -1.8122235e+00
  -1.7501828e+00
  -9.4276349e-01
   2.8754684e-01
   1.4206672e+00
   1.9470707e+00
   1.6119268e+00
   5.5802066e-01
  -7.3759318e-01
  -1.7017485e+00
  -1.9302104e+00
  -1.3416860e+00
  -1.8453318e-01
   1.0654156e+00
   1.8774453e+00
   1.8798384e+00
   1.0450788e+00
  -2.6575940e-01
  -1.4617571e+00
  -2.0107734e+00
  -1.6875941e+00
  -6.5066085e-01
   6.5547831e-01
   1.6882768e+00
   2.0098226e+00
   1.4613444e+00
   2.5619171e-01
  -1.0810159e+00
  -1.9453773e+00
  -1.9475419e+00
  -1.1003289e+00
   2.0825845e-01
   1.4132276e+00
   2.0141699e+00
   1.7605120e+00
   7.4492112e-01
  -6.1354301e-01
  -1.7209473e+00
  -2.0709664e+00
  -1.4985970e+00
  -2.6895948e-01
   1.0605033e+00
   1.9132752e+00
   1.9413888e+00
   1.1446844e+00
  -1.4526330e-01
  -1.3871878e+00
  -2.0363035e+00
  -1.7863909e+00
  -7.3635030e-01
   6.3702336e-01
   1.7106483e+00
   2.0183143e+00
   1.4506892e+00
   2.7003906e-01
  -1.0215039e+00
  -1.8798570e+00
  -1.9275386e+00
  -1.1230046e+00
   1.8918495e-01
   1.4144831e+00
   1.9929889e+00
   1.6757712e+00
   6.2954006e-01
  -6.7057510e-01
  -1.6674045e+00
  -1.9449728e+00
  -1.3814383e+00
  -2.0594364e-01
   1.0712027e+00
   1.8689554e+00
   1.8153687e+00
   9.4147700e-01
  -3.3797577e-01
  -1.4422398e+00
  -1.8986947e+00
  -1.5295568e+00
  -4.9980604e-01
   7.5322611e-01
   1.6828120e+00
   1.8605924e+00
   1.1895929e+00
  -2.3764456e-02
  -1.2118270e+00
  -1.8323760e+00
  -1.6266121e+00
  -7.1136702e-01
   5.0401325e-01
   1.4974190e+00
   1.8357081e+00
   1.3529330e+00
   2.4696552e-01
  -9.8022234e-01
  -1.7528960e+00
  -1.7129379e+00
  -8.9639822e-01
   3.0583158e-01
   1.3540325e+00
   1.7985598e+00
   1.4501910e+00
   4.4998271e-01
  -7.7143359e-01
  -1.6585037e+00
  -1.7862491e+00
  -1.0850827e+00
   1.1163457e-01
   1.2406218e+00
   1.7928807e+00
   1.5397926e+00
   6.0500655e-01
  -6.0597611e-01
  -1.5657904e+00
  -1.8343954e+00
  -1.2637754e+00
  -9.8793157e-02
   1.1169645e+00
   1.8097216e+00
   1.6655062e+00
   7.6919682e-01
  -4.6458692e-01
  -1.4934206e+00
  -1.8697145e+00
  -1.4150428e+00
  -3.0760036e-01
   9.6417310e-01
   1.8065387e+00
   1.8128359e+00
   9.7891466e-01
  -2.9755172e-01
  -1.4279932e+00
  -1.9144362e+00
  -1.5530834e+00
  -4.9912722e-01
   7.9664998e-01
   1.7583394e+00
   1.9306777e+00
   1.2098070e+00
  -7.8086616e-02
  -1.3276392e+00
  -1.9604147e+00
  -1.7028839e+00
  -6.8890822e-01
   6.2856668e-01
   1.6766666e+00
   1.9896155e+00
   1.4056529e+00
   1.6503812e-01
  -1.1680406e+00
  -1.9656124e+00
  -1.8535443e+00
  -8.9736954e-01
   4.4946554e-01
   1.5800143e+00
   2.0041713e+00
   1.5391043e+00
   3.7792240e-01
  -9.7421452e-01
  -1.8999448e+00
  -1.9554366e+00
  -1.1049745e+00
   2.4751997e-01
   1.4654115e+00
   1.9985428e+00
   1.6287041e+00
   5.3643856e-01
  -7.9647907e-01
  -1.7837623e+00
  -1.9728468e+00
  -1.2563207e+00
   4.7145577e-02
   1.3241669e+00
   1.9707196e+00
   1.6975548e+00
   6.5669103e-01
  -6.6166147e-01
  -1.6694358e+00
  -1.9273512e+00
  -1.3167496e+00
  -9.8190954e-02
   1.1770614e+00
   1.9064510e+00
   1.7365193e+00
   7.5385074e-01
  -5.6142476e-01
  -1.5905113e+00
  -1.8765980e+00
  -1.3120495e+00
  -1.5794646e-01
   1.0725914e+00
   1.8203545e+00
   1.7244154e+00
   8.1196657e-01
  -4.8636598e-01
  -1.5426783e+00
  -1.8561258e+00
  -1.3000873e+00
  -1.5716549e-01
   1.0419882e+00
   1.7609250e+00
   1.6753242e+00
   8.0960204e-01
  -4.5146099e-01
  -1.5137420e+00
  -1.8569534e+00
  -1.3102379e+00
  -1.4677637e-01
   1.0670274e+00
   1.7653538e+00
   1.6426561e+00
   7.6522675e-01
  -4.7340291e-01
  -1.5129305e+00
  -1.8600934e+00
  -1.3261790e+00
  -1.4897837e-01
   1.1031130e+00
   1.8203890e+00
   1.6669994e+00
   7.3431661e-01
  -5.3233047e-01
  -1.5555282e+00
  -1.8730974e+00
  -1.3273191e+00
  -1.4655477e-01
   1.1277231e+00
   1.8797100e+00
   1.7320456e+00
   7.5330202e-01
  -5.7763740e-01
  -1.6267638e+00
  -1.9162050e+00
  -1.3260614e+00
  -1.2403766e-01
   1.1523173e+00
   1.9143940e+00
   1.7847582e+00
   7.9922658e-01
  -5.7925078e-01
  -1.6820028e+00
  -1.9801480e+00
  -1.3476270e+00
  -9.8356595e-02
   1.1881674e+00
   1.9320764e+00
   1.7930877e+00
   8.1703009e-01
  -5.6091638e-01
  -1.6909925e+00
  -2.0195638e+00
  -1.3817120e+00
  -9.3347197e-02
   1.2202721e+00
   1.9467187e+00
   1.7683575e+00
   7.7955638e-01
  -5.7162804e-01
  -1.6707063e+00
  -1.9974968e+00
  -1.3769494e+00
  -9.3480271e-02
   1.2296963e+00
   1.9485067e+00
   1.7303929e+00
   7.0470314e-01
  -6.3155996e-01
  -1.6633629e+00
  -1.9251841e+00
  -1.2924126e+00
  -4.5350341e-02
   1.2326643e+00
   1.9188748e+00
   1.6702244e+00
   6.1374235e-01
  -7.2129617e-01
  -1.6883935e+00
  -1.8456866e+00
  -1.1422776e+00
   8.6960629e-02
   1.2762161e+00
   1.8675358e+00
   1.5637415e+00
   4.9347877e-01
  -8.2307747e-01
  -1.7303174e+00
  -1.7837565e+00
  -9.7662290e-01
   2.8098146e-01
   1.3876678e+00
   1.8338449e+00
   1.4149230e+00
   3.1633880e-01
  -9.5196425e-01
  -1.7730016e+00
  -1.7265312e+00
  -8.2414928e-01
   4.8208280e-01
   1.5407359e+00
   1.8433168e+00
   1.2640222e+00
   8.9752373e-02
  -1.1305139e+00
  -1.8264346e+00
  -1.6540892e+00
  -6.6987546e-01
   6.6289410e-01
   1.6830011e+00
   1.8742197e+00
   1.1438749e+00
  -1.3672471e-01
  -1.3415993e+00
  -1.9047939e+00
  -1.5705227e+00
  -4.9056290e-01
   8.4027394e-01
   1.7894453e+00
   1.8786196e+00
   1.0397339e+00
  -3.2201508e-01
  -1.5283745e+00
  -1.9866344e+00
  -1.4895489e+00
  -2.9312297e-01
   1.0331219e+00
   1.8732847e+00
   1.8302424e+00
   9.0504278e-01
  -4.7836630e-01
  -1.6487460e+00
  -2.0178756e+00
  -1.3969604e+00
  -1.0167853e-01
   1.2235649e+00
   1.9445655e+00
   1.7371118e+00
   7.1178054e-01
  -6.5257489e-01
  -1.7165448e+00
  -1.9617127e+00
  -1.2481836e+00
   8.6062476e-02
   1.3764551e+00
   1.9783689e+00
   1.6075385e+00
   4.7055789e-01
  -8.6848900e-01
  -1.7760029e+00
  -1.8332141e+00
  -1.0115491e+00
   3.0787256e-01
   1.4892415e+00
   1.9398486e+00
   1.4230415e+00
   2.0044854e-01
  -1.1040919e+00
  -1.8425868e+00
  -1.6731464e+00
  -7.0287834e-01
   5.9337128e-01
   1.6001555e+00
   1.8322846e+00
   1.1603373e+00
  -1.0231276e-01
  -1.3268191e+00
  -1.8859563e+00
  -1.4952587e+00
  -3.6606372e-01
   9.2273838e-01
   1.7380887e+00
   1.6987552e+00
   8.3245774e-01
  -4.4981053e-01
  -1.5325175e+00
  -1.8725936e+00
  -1.2758518e+00
  -2.6147044e-02
   1.2412102e+00
   1.8773218e+00
   1.5688992e+00
   4.8787427e-01
  -8.2359802e-01
  -1.7328209e+00
  -1.8057826e+00
  -9.9604023e-01
   3.2297096e-01
   1.5090526e+00
   1.9558847e+00
   1.4180907e+00
   1.6214739e-01
  -1.1704063e+00
  -1.9109270e+00
  -1.7072003e+00
  -6.7514432e-01
   6.8382333e-01
   1.7220086e+00
   1.9335782e+00
   1.1931813e+00
  -1.5629693e-01
  -1.4444887e+00
  -2.0117030e+00
  -1.5673791e+00
  -3.4714013e-01
   1.0270140e+00
   1.8812723e+00
   1.8161425e+00
   8.7263862e-01
  -5.0007936e-01
  -1.6428137e+00
  -1.9856224e+00
  -1.3376021e+00
  -1.3107898e-02
   1.3123497e+00
   1.9619851e+00
   1.6210305e+00
   4.8512049e-01
  -8.6976460e-01
  -1.7869375e+00
  -1.8319001e+00
  -9.8098164e-01
   3.6064356e-01
   1.5305597e+00
   1.9282836e+00
   1.3392218e+00
   6.8005457e-02
  -1.2227718e+00
  -1.8770590e+00
  -1.5864132e+00
  -5.1982986e-01
   7.8921158e-01
   1.7041888e+00
   1.7743199e+00
   9.4918868e-01
  -3.7214370e-01
  -1.5157606e+00
  -1.8806172e+00
  -1.2736671e+00
  -1.9524131e-02
   1.2275092e+00
   1.8409874e+00
   1.5318105e+00
   4.6364714e-01
  -8.4079795e-01
  -1.7393944e+00
  -1.7688538e+00
  -8.8797669e-01
   4.6824064e-01
   1.5955478e+00
   1.9008964e+00
   1.2305773e+00
  -5.7623602e-02
  -1.3051172e+00
  -1.8967159e+00
  -1.5482939e+00
  -4.2566576e-01
   9.2926258e-01
   1.8394960e+00
   1.8236273e+00
   8.6519469e-01
  -5.4994587e-01
  -1.6853111e+00
  -1.9573113e+00
  -1.2429394e+00
   8.0750311e-02
   1.3524939e+00
   1.9525182e+00
   1.5844877e+00
   4.1460316e-01
  -9.8692587e-01
  -1.9068022e+00
  -1.8572748e+00
  -8.5491017e-01
   5.7576400e-01
   1.6920834e+00
   1.9360800e+00
   1.2091241e+00
  -1.1006805e-01
  -1.3695524e+00
  -1.9507453e+00
  -1.5555449e+00
  -3.6499036e-01
   1.0221346e+00
   1.8830544e+00
   1.7633881e+00
   7.3444547e-01
  -6.5241117e-01
  -1.6797436e+00
  -1.8422051e+00
  -1.0797546e+00
   2.1938749e-01
   1.4105825e+00
   1.8920821e+00
   1.4019253e+00
   1.7603445e-01
  -1.1472837e+00
  -1.8639613e+00
  -1.5978036e+00
  -5.0526625e-01
   8.2974086e-01
   1.7232648e+00
   1.7359559e+00
   8.6861641e-01
  -4.4891689e-01
  -1.5546467e+00
  -1.8697427e+00
  -1.2062789e+00
   1.0300057e-01
   1.3640014e+00
   1.9037436e+00
   1.4450489e+00
   2.4327113e-01
  -1.0750397e+00
  -1.8457812e+00
  -1.6860996e+00
  -6.6751415e-01
   7.1042399e-01
   1.7448686e+00
   1.8811067e+00
   1.0248148e+00
  -3.8066676e-01
  -1.5894371e+00
  -1.9686374e+00
  -1.3368613e+00
  -3.4893259e-02
   1.2746299e+00
   1.9397297e+00
   1.6241136e+00
   4.7060449e-01
  -9.4669446e-01
  -1.8915455e+00
  -1.8538035e+00
  -8.4456730e-01
   5.9808665e-01
   1.7114140e+00
   1.9282285e+00
   1.1614498e+00
  -1.8268040e-01
  -1.4261714e+00
  -1.9457551e+00
  -1.4691897e+00
  -2.2402368e-01
   1.1499742e+00
   1.9225606e+00
   1.6768144e+00
   5.5104354e-01
  -8.4297292e-01
  -1.7708357e+00
  -1.7691749e+00
  -8.6189511e-01
   4.7954483e-01
   1.5748383e+00
   1.8595026e+00
   1.1690831e+00
  -1.5079332e-01
  -1.4001410e+00
  -1.9005141e+00
  -1.3822666e+00
  -1.3682846e-01
   1.1609190e+00
   1.8331641e+00
   1.5471212e+00
   4.5948802e-01
  -8.7571233e-01
  -1.7733128e+00
  -1.7518229e+00
  -7.9663817e-01
   5.9932974e-01
   1.6830748e+00
   1.8622798e+00
   1.0441493e+00
  -3.2230570e-01
  -1.5117887e+00
  -1.9141434e+00
  -1.3315343e+00
  -5.8814796e-02
   1.2604819e+00
   1.9400160e+00
   1.6013500e+00
   3.9941814e-01
  -1.0309549e+00
  -1.9161527e+00
  -1.7815847e+00
  -7.1268813e-01
   7.1329529e-01
   1.7554042e+00
   1.8892074e+00
   1.0515453e+00
  -3.3606391e-01
  -1.5637141e+00
  -1.9805054e+00
  -1.3459002e+00
   1.2477327e-02
   1.3612122e+00
   1.9725636e+00
   1.5336644e+00
   3.0190759e-01
  -1.0631141e+00
  -1.8590014e+00
  -1.6868754e+00
  -6.3580144e-01
   7.5664930e-01
   1.7589989e+00
   1.8236370e+00
   9.0157804e-01
  -5.0709226e-01
  -1.6290885e+00
  -1.8608550e+00
  -1.0998147e+00
   2.2649604e-01
   1.4145703e+00
   1.8516017e+00
   1.3116665e+00
   6.6317435e-02
  -1.2356289e+00
  -1.8895434e+00
  -1.5213450e+00
  -3.1956602e-01
   1.0544407e+00
   1.8447699e+00
   1.6314549e+00
   5.4757518e-01
  -8.2125275e-01
  -1.7591950e+00
  -1.7786369e+00
  -8.5734229e-01
   5.3815356e-01
   1.6692646e+00
   1.9101602e+00
   1.1088302e+00
  -3.0387105e-01
  -1.5518256e+00
  -1.9590459e+00
  -1.3219324e+00
   4.9895857e-03
   1.3221636e+00
   1.9487505e+00
   1.5557167e+00
   3.3289221e-01
  -1.0863088e+00
  -1.9374958e+00
  -1.7433950e+00
  -6.0064262e-01
   8.6170495e-01
   1.8437861e+00
   1.8285188e+00
   8.4897271e-01
  -5.6100671e-01
  -1.6634796e+00
  -1.8875179e+00
  -1.1099767e+00
   2.6997347e-01
   1.5154964e+00
   1.9393437e+00
   1.2986063e+00
  -5.0275097e-02
  -1.3544945e+00
  -1.9030652e+00
  -1.4205756e+00
  -1.9031796e-01
   1.1251345e+00
   1.8339666e+00
   1.5592898e+00
   4.3374324e-01
  -9.4773246e-01
  -1.8260869e+00
  -1.7003280e+00
  -6.3127974e-01
   7.8117890e-01
   1.7488540e+00
   1.7492173e+00
   8.0124504e-01
  -5.7420582e-01
  -1.6460616e+00
  -1.8456678e+00
  -1.0525003e+00
   3.2846610e-01
   1.5541725e+00
   1.9375262e+00
   1.2472733e+00
  -1.3897233e-01
  -1.4474547e+00
  -1.9588569e+00
  -1.4094194e+00
  -1.1103751e-01
   1.2412076e+00
   1.9359173e+00
   1.6011115e+00
   3.9805764e-01
  -1.0398642e+00
  -1.9255670e+00
  -1.7556998e+00
  -6.1563424e-01
   8.5717753e-01
   1.8449274e+00
   1.8192825e+00
   8.1894745e-01
  -6.0288679e-01
  -1.6898506e+00
  -1.8697561e+00
  -1.0413860e+00
   3.6148657e-01
   1.5772723e+00
   1.9242233e+00
   1.1982474e+00
  -1.9167080e-01
  -1.4587446e+00
  -1.9015420e+00
  -1.2981322e+00
  -2.0901582e-03
   1.2775501e+00
   1.8571847e+00
   1.4244644e+00
   2.0121479e-01
  -1.1538219e+00
  -1.8838629e+00
  -1.5620388e+00
  -3.5857913e-01
   1.0432056e+00
   1.8489984e+00
   1.6173211e+00
   4.9490684e-01
  -8.9331353e-01
  -1.7973029e+00
  -1.7312960e+00
  -7.1923585e-01
   7.0607087e-01
   1.7646376e+00
   1.8508009e+00
   8.9435938e-01
  -5.7370454e-01
  -1.7224085e+00
  -1.9096437e+00
  -1.0464752e+00
   3.7722308e-01
   1.5859999e+00
   1.9359000e+00
   1.2393465e+00
  -1.3929922e-01
  -1.4586098e+00
  -1.9843723e+00
  -1.4051092e+00
  -3.5003650e-02
   1.3508740e+00
   1.9704106e+00
   1.4913017e+00
   2.0409141e-01
  -1.1703761e+00
  -1.8897747e+00
  -1.5764219e+00
  -4.0146528e-01
   1.0012247e+00
   1.8575462e+00
   1.6750725e+00
   5.4171441e-01
  -9.0003281e-01
  -1.8224666e+00
  -1.7054858e+00
  -6.3544500e-01
   7.6886012e-01
   1.7268925e+00
   1.7231158e+00
   7.6535432e-01
  -6.2768786e-01
  -1.6913167e+00
  -1.8192753e+00
  -9.1483338e-01
   5.2285632e-01
   1.6687190e+00
   1.8594438e+00
   9.9082659e-01
  -4.3197507e-01
  -1.6062326e+00
  -1.8894625e+00
  -1.1352604e+00
   2.4653163e-01
   1.5067460e+00
   1.9448973e+00
   1.2937302e+00
  -1.0379608e-01
  -1.4603852e+00
  -1.9946856e+00
  -1.3997035e+00
  -2.4258454e-02
   1.3466164e+00
   1.9548106e+00
   1.4831437e+00
   2.0256561e-01
  -1.1879683e+00
  -1.9278231e+00
  -1.5969734e+00
  -3.6173679e-01
   1.0887316e+00
   1.9218464e+00
   1.6550702e+00
   4.5060594e-01
  -9.8779010e-01
  -1.8429398e+00
  -1.6535246e+00
  -5.4826253e-01
   8.5196592e-01
   1.7754466e+00
   1.7060339e+00
   6.6689213e-01
  -7.6769887e-01
  -1.7744363e+00
  -1.7590097e+00
  -7.2429594e-01
   7.2255803e-01
   1.7400217e+00
   1.7543879e+00
   7.7618418e-01
  -6.3467695e-01
  -1.6939983e+00
  -1.8135038e+00
  -9.1275651e-01
   5.2211438e-01
   1.6822493e+00
   1.8870935e+00
   9.9785449e-01
  -4.7741096e-01
  -1.6809682e+00
  -1.9222210e+00
  -1.0787923e+00
   3.5761887e-01
   1.5823994e+00
   1.9231404e+00
   1.1911792e+00
  -2.1829270e-01
  -1.5240634e+00
  -1.9782299e+00
  -1.3018195e+00
   1.2615313e-01
   1.4762163e+00
   1.9657442e+00
   1.3276778e+00
  -4.9127649e-02
  -1.3728249e+00
  -1.9083925e+00
  -1.3710486e+00
  -6.4070358e-02
   1.2848231e+00
   1.9099506e+00
   1.4379033e+00
   1.2613715e-01
  -1.2619975e+00
  -1.9067640e+00
  -1.4331288e+00
  -1.3384569e-01
   1.2245092e+00
   1.8661003e+00
   1.4416277e+00
   1.9985227e-01
  -1.1624003e+00
  -1.8754678e+00
  -1.5171589e+00
  -2.6855193e-01
   1.1580505e+00
   1.9205453e+00
   1.5580486e+00
   2.8176837e-01
  -1.1552054e+00
  -1.9201906e+00
  -1.5880302e+00
  -3.6194721e-01
   1.0645172e+00
   1.8937810e+00
   1.6525757e+00
   4.5777477e-01
  -1.0235305e+00
  -1.9331557e+00
  -1.7264482e+00
  -5.1642348e-01
   9.8318491e-01
   1.8941400e+00
   1.7026315e+00
   5.4368457e-01
  -9.0757571e-01
  -1.8332435e+00
  -1.7188523e+00
  -6.2631342e-01
   8.3179197e-01
   1.8171357e+00
   1.7435453e+00
   6.4146487e-01
  -8.3760344e-01
  -1.8113389e+00
  -1.7094514e+00
  -6.1214979e-01
   8.2267429e-01
   1.7658954e+00
   1.6888922e+00
   6.4170109e-01
  -7.8291099e-01
  -1.7689381e+00
  -1.7300263e+00
  -6.6393327e-01
   8.1431332e-01
   1.8225947e+00
   1.7519581e+00
   6.4654328e-01
  -8.3113613e-01
  -1.8148307e+00
  -1.7466288e+00
  -6.7803694e-01
   7.8071098e-01
   1.8028621e+00
   1.7962127e+00
   7.4204943e-01
  -7.6631512e-01
  -1.8445486e+00
  -1.8434858e+00
  -7.5799511e-01
   7.6209237e-01
   1.8159165e+00
   1.7995479e+00
   7.4639989e-01
  -7.2283660e-01
  -1.7699529e+00
  -1.8029251e+00
  -7.9819454e-01
   6.7509272e-01
   1.7589793e+00
   1.8023702e+00
   7.6777018e-01
  -7.2497548e-01
  -1.7752364e+00
  -1.7612507e+00
  -7.1241546e-01
   7.3437678e-01
   1.7331704e+00
   1.7161168e+00
   6.9854741e-01
  -7.3652554e-01
  -1.7562760e+00
  -1.7469779e+00
  -6.8904523e-01
   7.9972590e-01
   1.8207374e+00
   1.7509359e+00
   6.3505589e-01
  -8.5006752e-01
  -1.8231645e+00
  -1.7252618e+00
  -6.2529765e-01
   8.4086120e-01
   1.8317919e+00
   1.7663006e+00
   6.6051281e-01
  -8.5390702e-01
  -1.8779831e+00
  -1.7869070e+00
  -6.2902774e-01
   8.9517719e-01
   1.8717304e+00
   1.7349937e+00
   5.8944895e-01
  -8.8252169e-01
  -1.8309732e+00
  -1.7149561e+00
  -5.9910414e-01
   8.7393957e-01
   1.8352393e+00
   1.6983154e+00
   5.3231707e-01
  -9.5761218e-01
  -1.8623122e+00
  -1.6396685e+00
  -4.4365523e-01
   9.9370559e-01
   1.8216269e+00
   1.5664316e+00
   3.8486086e-01
  -1.0353085e+00
  -1.8596490e+00
  -1.5833495e+00
  -3.4614891e-01
   1.1193661e+00
   1.9176681e+00
   1.5514677e+00
   2.4317831e-01
  -1.2073882e+00
  -1.9288736e+00
  -1.5052573e+00
  -2.0014007e-01
   1.2206452e+00
   1.9323958e+00
   1.5136528e+00
   1.9247499e-01
  -1.2620770e+00
  -1.9753118e+00
  -1.5007591e+00
  -1.1687946e-01
   1.3324497e+00
   1.9676530e+00
   1.4210526e+00
   4.3883884e-02
  -1.3344389e+00
  -1.9094343e+00
  -1.3570005e+00
  -4.2181653e-03
   1.3559075e+00
   1.9113173e+00
   1.3122861e+00
  -9.3217733e-02
  -1.4475675e+00
  -1.9126267e+00
  -1.2046745e+00
   2.2835633e-01
   1.5030268e+00
   1.8559124e+00
   1.0929186e+00
  -3.2209320e-01
  -1.5524681e+00
  -1.8678971e+00
  -1.0644979e+00
   3.9761999e-01
   1.6404810e+00
   1.8917466e+00
   9.7836307e-01
  -5.4428825e-01
  -1.7376920e+00
  -1.8756608e+00
  -8.8966578e-01
   6.1382661e-01
   1.7396327e+00
   1.8308818e+00
   8.3597548e-01
  -6.6534496e-01
  -1.7849746e+00
  -1.8399995e+00
  -7.7728256e-01
   7.6488539e-01
   1.8368114e+00
   1.7776736e+00
   6.3674896e-01
  -8.6998892e-01
  -1.8243750e+00
  -1.6688825e+00
  -5.1813221e-01
   9.3393529e-01
   1.8243407e+00
   1.6166038e+00
   4.2115274e-01
  -1.0463803e+00
  -1.8798011e+00
  -1.5478600e+00
  -2.4862296e-01
   1.2048188e+00
   1.9063507e+00
   1.4325651e+00
   9.0443116e-02
  -1.2977690e+00
  -1.9013742e+00
  -1.3630653e+00
   2.5846475e-03
   1.3860587e+00
   1.9459881e+00
   1.3174460e+00
  -1.3719876e-01
  -1.5252227e+00
  -1.9795363e+00
  -1.2175294e+00
   2.7962440e-01
   1.5853797e+00
   1.9142336e+00
   1.0882320e+00
  -3.8401507e-01
  -1.6235010e+00
  -1.8914769e+00
  -1.0186626e+00
   4.7943258e-01
   1.6892463e+00
   1.8533107e+00
   8.5999303e-01
  -6.6753934e-01
  -1.7676661e+00
  -1.7610132e+00
  -6.7331545e-01
   8.0719618e-01
   1.7757047e+00
   1.6558272e+00
   5.2577306e-01
  -9.3482183e-01
  -1.8376545e+00
  -1.6126170e+00
  -3.7373691e-01
   1.1198873e+00
   1.9259513e+00
   1.5270090e+00
   1.7336624e-01
  -1.2816212e+00
  -1.9359090e+00
  -1.4008860e+00
  -1.6854023e-02
   1.3759595e+00
   1.9411107e+00
   1.3321995e+00
  -9.7644327e-02
  -1.4857508e+00
  -1.9693402e+00
  -1.2302990e+00
   2.7891160e-01
   1.6089497e+00
   1.9256240e+00
   1.0460675e+00
  -4.6207905e-01
  -1.6619725e+00
  -1.8327153e+00
  -8.8885356e-01
   5.8933650e-01
   1.7038384e+00
   1.7672130e+00
   7.2402124e-01
  -7.8921682e-01
  -1.8191405e+00
  -1.7022372e+00
  -5.0775192e-01
   9.9977663e-01
   1.8627749e+00
   1.5492099e+00
   2.7263703e-01
  -1.1684494e+00
  -1.8924009e+00
  -1.4583527e+00
  -1.2187054e-01
   1.3086895e+00
   1.9450713e+00
   1.3679968e+00
  -8.3282943e-02
  -1.4986628e+00
  -1.9758582e+00
  -1.2119940e+00
   3.0146123e-01
   1.6097346e+00
   1.9099536e+00
   1.0379929e+00
  -4.5857526e-01
  -1.6667473e+00
  -1.8510111e+00
  -8.9053192e-01
   6.3313256e-01
   1.7709001e+00
   1.7948479e+00
   6.7926613e-01
  -8.6333787e-01
  -1.8430143e+00
  -1.6428370e+00
  -4.1062622e-01
   1.0607103e+00
   1.8530026e+00
   1.4873393e+00
   1.9673778e-01
  -1.2245371e+00
  -1.8943285e+00
  -1.3776315e+00
   2.4487615e-02
   1.4332603e+00
   1.9398181e+00
   1.2045959e+00
  -3.0551018e-01
  -1.6218330e+00
  -1.9116436e+00
  -1.0076827e+00
   5.1080097e-01
   1.7013362e+00
   1.8367513e+00
   8.3373053e-01
  -6.9833333e-01
  -1.8133326e+00
  -1.8022863e+00
  -6.5280631e-01
   9.1405793e-01
   1.8935978e+00
   1.6568992e+00
   3.6759425e-01
  -1.1360303e+00
  -1.9005201e+00
  -1.4644347e+00
  -1.2300263e-01
   1.2807394e+00
   1.8773052e+00
   1.2930195e+00
  -1.1761319e-01
  -1.4708023e+00
  -1.8942343e+00
  -1.0954133e+00
   4.2223319e-01
   1.6737801e+00
   1.8450900e+00
   8.3240652e-01
  -7.0292574e-01
  -1.7819726e+00
  -1.7344911e+00
  -6.0011075e-01
   9.1492276e-01
   1.8707533e+00
   1.6614265e+00
   3.9668753e-01
  -1.1393143e+00
  -1.9638902e+00
  -1.5332392e+00
  -1.1745555e-01
   1.3661197e+00
   1.9619022e+00
   1.3038597e+00
  -1.6594780e-01
  -1.5084817e+00
  -1.8902732e+00
  -1.0875803e+00
   3.9271744e-01
   1.6240862e+00
   1.8235609e+00
   8.4761065e-01
  -6.9044867e-01
  -1.7932090e+00
  -1.7321334e+00
  -5.4375159e-01
   9.8914179e-01
   1.8656589e+00
   1.5298480e+00
   2.1509791e-01
  -1.2327535e+00
  -1.9012679e+00
  -1.3711204e+00
   3.3072848e-02
   1.4346241e+00
   1.9367703e+00
   1.1943796e+00
  -3.3607036e-01
  -1.6664306e+00
  -1.9231439e+00
  -9.3668892e-01
   6.4442179e-01
   1.7947771e+00
   1.7894432e+00
   6.5485885e-01
  -8.7726500e-01
  -1.8437673e+00
  -1.6418954e+00
  -3.9548897e-01
   1.1118638e+00
   1.9129463e+00
   1.4757958e+00
   7.2145375e-02
  -1.3786809e+00
  -1.9178412e+00
  -1.1953638e+00
   2.9987409e-01
   1.5828962e+00
   1.8304187e+00
   9.0052968e-01
  -6.0299790e-01
  -1.7243925e+00
  -1.7483455e+00
  -6.4457343e-01
   8.9613948e-01
   1.8784893e+00
   1.6431470e+00
   3.2194059e-01
  -1.2246112e+00
  -1.9763764e+00
  -1.4424925e+00
   1.5859951e-02
   1.4439147e+00
   1.9301084e+00
   1.1816184e+00
  -3.1470521e-01
  -1.6109077e+00
  -1.8849630e+00
  -9.5272228e-01
   5.9941253e-01
   1.7668245e+00
   1.7752820e+00
   6.0969195e-01
  -9.5727552e-01
  -1.8830361e+00
  -1.5629507e+00
  -2.2755918e-01
   1.2347457e+00
   1.8776733e+00
   1.3009970e+00
  -1.1604086e-01
  -1.4651232e+00
  -1.8754964e+00
  -1.0639710e+00
   4.6374486e-01
   1.7127157e+00
   1.8446850e+00
   7.5365063e-01
  -8.4230009e-01
  -1.8819259e+00
  -1.6819802e+00
  -3.8807777e-01
   1.1448682e+00
   1.9290650e+00
   1.4739536e+00
   7.8200526e-02
  -1.3680759e+00
  -1.9375479e+00
  -1.2512607e+00
   2.5991231e-01
   1.6090185e+00
   1.8957832e+00
   9.2223664e-01
  -6.5892584e-01
  -1.7879160e+00
  -1.7225385e+00
  -5.2867433e-01
   9.9030894e-01
   1.8423105e+00
   1.4855125e+00
   1.5710482e-01
  -1.2855644e+00
  -1.9030480e+00
  -1.2739844e+00
   2.1094399e-01
   1.5759180e+00
   1.8990729e+00
   9.4778896e-01
  -6.4575413e-01
  -1.8130868e+00
  -1.7810925e+00
  -5.8560139e-01
   9.7663576e-01
   1.8904636e+00
   1.5757211e+00
   2.4118622e-01
  -1.2552283e+00
  -1.9443099e+00
  -1.3641607e+00
   1.2124277e-01
   1.5340776e+00
   1.9251115e+00
   1.0267091e+00
  -5.5190650e-01
  -1.7433009e+00
  -1.7573297e+00
  -6.0719030e-01
   9.2671111e-01
   1.8345236e+00
   1.5330297e+00
   2.2492455e-01
  -1.2382316e+00
  -1.8949816e+00
  -1.2942535e+00
   1.8841238e-01
   1.5700361e+00
   1.9097938e+00
   9.6212329e-01
  -6.3805455e-01
  -1.8093999e+00
  -1.7702153e+00
  -5.6181283e-01
   1.0033894e+00
   1.8990170e+00
   1.5511100e+00
   1.9135639e-01
  -1.2988152e+00
  -1.9464691e+00
  -1.3139440e+00
   1.9592906e-01
   1.5799077e+00
   1.8994972e+00
   9.3219522e-01
  -6.6207813e-01
  -1.7970716e+00
  -1.7141445e+00
  -4.9145994e-01
   1.0356565e+00
   1.8533296e+00
   1.4334189e+00
   5.9419165e-02
  -1.3654744e+00
  -1.8966595e+00
  -1.1628640e+00
   3.6823578e-01
   1.6731010e+00
   1.8549532e+00
   7.7280411e-01
  -8.4220156e-01
  -1.8891339e+00
  -1.6625267e+00
  -3.2886398e-01
   1.2094877e+00
   1.9361149e+00
   1.3859033e+00
  -7.1345639e-02
  -1.4805540e+00
  -1.9140378e+00
  -1.0737237e+00
   4.9468055e-01
   1.7401887e+00
   1.8097944e+00
   6.4765031e-01
  -9.4956309e-01
  -1.8847150e+00
  -1.5275889e+00
  -1.4170253e-01
   1.3206378e+00
   1.8803030e+00
   1.1778689e+00
  -3.1099860e-01
  -1.5983741e+00
  -1.8246754e+00
  -8.2177524e-01
   7.5608757e-01
   1.8441433e+00
   1.6837776e+00
   3.6354158e-01
  -1.2189396e+00
  -1.9762055e+00
  -1.3933650e+00
   1.2040383e-01
   1.5330051e+00
   1.9039829e+00
   1.0042063e+00
  -5.5734076e-01
  -1.7469411e+00
  -1.7775602e+00
  -6.2145607e-01
   9.5684865e-01
   1.8906474e+00
   1.5313550e+00
   1.1408442e-01
  -1.3842572e+00
  -1.9241677e+00
  -1.1380849e+00
   4.1767597e-01
   1.6682580e+00
   1.7707849e+00
   6.7386088e-01
  -8.7413966e-01
  -1.8358152e+00
  -1.5647765e+00
  -2.2909481e-01
   1.2853105e+00
   1.9481512e+00
   1.2845437e+00
  -2.7264985e-01
  -1.6561840e+00
  -1.9047187e+00
  -8.4558005e-01
   7.8421619e-01
   1.8650716e+00
   1.6748711e+00
   3.6508655e-01
  -1.1706449e+00
  -1.9075076e+00
  -1.3609128e+00
   1.0254324e-01
   1.5011486e+00
   1.8812401e+00
   9.6683809e-01
  -6.2566110e-01
  -1.7918117e+00
  -1.7115571e+00
  -4.3962152e-01
   1.1297245e+00
   1.9027672e+00
   1.3559594e+00
  -1.1849445e-01
  -1.5078835e+00
  -1.8751243e+00
  -9.7619685e-01
   5.8823771e-01
   1.7670370e+00
   1.7508979e+00
   5.2691860e-01
  -1.0833535e+00
  -1.9670663e+00
  -1.4982751e+00
   4.1249572e-03
   1.4924739e+00
   1.9354711e+00
   1.0439724e+00
  -5.4660828e-01
  -1.7414921e+00
  -1.7410635e+00
  -5.6336142e-01
   9.8793883e-01
   1.8627030e+00
   1.4606944e+00
   4.3608124e-02
  -1.4192765e+00
  -1.9027976e+00
  -1.0505345e+00
   5.4990698e-01
   1.7705553e+00
   1.7499841e+00
   5.0887840e-01
  -1.0773544e+00
  -1.9099739e+00
  -1.4284040e+00
   2.6944934e-02
   1.4654713e+00
   1.9137955e+00
   1.0608321e+00
  -5.2725469e-01
  -1.7697808e+00
  -1.7993996e+00
  -5.7722025e-01
   1.0523501e+00
   1.9441239e+00
   1.4712884e+00
  -2.3256670e-02
  -1.4813325e+00
  -1.8917344e+00
  -9.9315372e-01
   5.7220256e-01
   1.7239495e+00
   1.6796700e+00
   4.7184810e-01
  -1.0758961e+00
  -1.8954062e+00
  -1.4006770e+00
   8.6510382e-02
   1.5311594e+00
   1.9040133e+00
   9.2674364e-01
  -7.1346516e-01
  -1.8558667e+00
  -1.7016226e+00
  -3.7282437e-01
   1.1971210e+00
   1.9296219e+00
   1.3356338e+00
  -1.7100643e-01
  -1.5623309e+00
  -1.8848307e+00
  -9.0547478e-01
   7.1064700e-01
   1.8372136e+00
   1.6716980e+00
   3.2209272e-01
  -1.2519478e+00
  -1.9272460e+00
  -1.2312662e+00
   3.2591955e-01
   1.6363876e+00
   1.7895459e+00
   6.9591348e-01
  -8.7639105e-01
  -1.8408900e+00
  -1.5287621e+00
  -1.4249151e-01
   1.3676660e+00
   1.9413467e+00
   1.1516221e+00
  -4.6611508e-01
  -1.7694060e+00
  -1.8249166e+00
  -5.9129180e-01
   1.0493532e+00
   1.9360424e+00
   1.4606804e+00
  -2.1483674e-02
  -1.4692056e+00
  -1.8877897e+00
  -1.0006985e+00
   5.7479733e-01
   1.7471652e+00
   1.6922622e+00
   4.3281823e-01
  -1.1514285e+00
  -1.9276432e+00
  -1.3264111e+00
   2.2778620e-01
   1.6148483e+00
   1.8376426e+00
   7.4575299e-01
  -8.7195701e-01
  -1.8705879e+00
  -1.5593041e+00
  -1.6465301e-01
   1.3442313e+00
   1.9224080e+00
   1.1599920e+00
  -4.2749102e-01
  -1.7344760e+00
  -1.8279375e+00
  -6.2276427e-01
   1.0303585e+00
   1.9454471e+00
   1.4668037e+00
  -5.0284550e-02
  -1.5084895e+00
  -1.8742472e+00
  -9.1125073e-01
   6.7977704e-01
   1.7771113e+00
   1.6195485e+00
   3.2060520e-01
  -1.2126010e+00
  -1.8978569e+00
  -1.2316420e+00
   3.3433456e-01
   1.6854013e+00
   1.8362469e+00
   6.6085779e-01
  -9.9759956e-01
  -1.9408303e+00
  -1.4951948e+00
   6.7531675e-03
   1.4877043e+00
   1.9079829e+00
   9.8874791e-01
  -6.1652145e-01
  -1.7872529e+00
  -1.7061926e+00
  -4.2363852e-01
   1.1629803e+00
   1.9224864e+00
   1.2966143e+00
  -2.7519802e-01
  -1.6538107e+00
  -1.8321847e+00
  -6.8360182e-01
   9.4704595e-01
   1.8755479e+00
   1.4447542e+00
  -1.9304108e-02
  -1.4666139e+00
  -1.8755746e+00
  -9.5950026e-01
   6.4231660e-01
   1.8038094e+00
   1.6910876e+00
   3.6098573e-01
  -1.2501717e+00
  -1.9784866e+00
  -1.2824983e+00
   3.4089351e-01
   1.7113749e+00
   1.8378485e+00
   6.4568746e-01
  -9.8704135e-01
  -1.8878775e+00
  -1.4324763e+00
   3.4547234e-02
   1.4657526e+00
   1.8491647e+00
   9.1022649e-01
  -6.9069100e-01
  -1.8076651e+00
  -1.6194845e+00
  -2.4004671e-01
   1.3350325e+00
   1.9459304e+00
   1.1337270e+00
  -5.0888810e-01
  -1.7792981e+00
  -1.7589847e+00
  -4.7772515e-01
   1.1324720e+00
   1.9246122e+00
   1.3469569e+00
  -1.8546201e-01
  -1.5894754e+00
  -1.8676893e+00
  -8.1111212e-01
   8.3390621e-01
   1.8784833e+00
   1.5507829e+00
   8.0720745e-02
  -1.4509534e+00
  -1.9133211e+00
  -9.7259405e-01
   6.6583418e-01
   1.7967161e+00
   1.6074777e+00
   2.5300107e-01
  -1.2823470e+00
  -1.8991001e+00
  -1.1554507e+00
   4.2590136e-01
   1.7181055e+00
   1.7807154e+00
   5.4413231e-01
  -1.1102040e+00
  -1.9712167e+00
  -1.3940008e+00
   2.0400820e-01
   1.6453504e+00
   1.8744648e+00
   7.4097842e-01
  -9.0849240e-01
  -1.8739353e+00
  -1.4753412e+00
  -2.0059651e-02
   1.4390851e+00
   1.8558025e+00
   9.2729466e-01
  -6.8455487e-01
  -1.8100186e+00
  -1.6106801e+00
  -2.1065026e-01
   1.3656260e+00
   1.9420637e+00
   1.0792589e+00
  -5.8500356e-01
  -1.8164521e+00
  -1.7129770e+00
  -3.6535257e-01
   1.2337422e+00
   1.9299944e+00
   1.2339309e+00
  -3.4751118e-01
  -1.6804757e+00
  -1.8057156e+00
  -6.2341270e-01
   1.0175362e+00
   1.9149968e+00
   1.3949256e+00
  -1.6808672e-01
  -1.6105563e+00
  -1.8523617e+00
  -7.1757556e-01
   9.3660079e-01
   1.8776501e+00
   1.4217218e+00
  -7.8507357e-02
  -1.5185055e+00
  -1.8538875e+00
  -8.4346856e-01
   7.8669158e-01
   1.8581389e+00
   1.5799253e+00
   1.3273610e-01
  -1.4344818e+00
  -1.9584164e+00
  -1.0342671e+00
   6.5889033e-01
   1.8578434e+00
   1.6720519e+00
   2.5522070e-01
  -1.3260561e+00
  -1.9063573e+00
  -1.0807102e+00
   5.2447065e-01
   1.7315759e+00
   1.6661496e+00
   3.7746457e-01
  -1.1971267e+00
  -1.8992914e+00
  -1.1925180e+00
   4.2138614e-01
   1.7454884e+00
   1.7747887e+00
   4.6965942e-01
  -1.1957459e+00
  -1.9700424e+00
  -1.2780538e+00
   3.5217962e-01
   1.7054731e+00
   1.7942665e+00
   5.7267014e-01
  -1.0559248e+00
  -1.9071791e+00
  -1.3661162e+00
   1.7367563e-01
   1.5859468e+00
   1.8220719e+00
   6.9077848e-01
  -9.7341581e-01
  -1.9161395e+00
  -1.4150144e+00
   1.5505843e-01
   1.6015776e+00
   1.8305381e+00
   6.7930342e-01
  -9.7710896e-01
  -1.9031626e+00
  -1.4231753e+00
   9.9878039e-02
   1.5478730e+00
   1.8618341e+00
   8.0491695e-01
  -8.5841704e-01
  -1.9032460e+00
  -1.5405072e+00
  -2.2504869e-02
   1.5186561e+00
   1.9165884e+00
   8.6790047e-01
  -8.2653233e-01
  -1.8786779e+00
  -1.5036121e+00
  -5.5270607e-03
   1.4779459e+00
   1.8445642e+00
   8.3711849e-01
  -7.8911154e-01
  -1.8309924e+00
  -1.5133857e+00
  -5.7028059e-02
   1.4669297e+00
   1.9124959e+00
   9.2042355e-01
  -7.8251717e-01
  -1.9103307e+00
  -1.5987361e+00
  -8.0546084e-02
   1.4887089e+00
   1.9237051e+00
   9.1370642e-01
  -7.6227589e-01
  -1.8473660e+00
  -1.5498454e+00
  -1.1025345e-01
   1.3964314e+00
   1.8533560e+00
   9.1686299e-01
  -7.2345586e-01
  -1.8379203e+00
  -1.5695328e+00
  -9.9579934e-02
   1.4611572e+00
   1.9113678e+00
   8.9436182e-01
  -8.1442578e-01
  -1.9077032e+00
  -1.5586335e+00
  -4.5040796e-02
   1.4849147e+00
   1.8927729e+00
   8.9081011e-01
  -7.6664156e-01
  -1.8504943e+00
  -1.5570734e+00
  -9.8966602e-02
   1.4388853e+00
   1.8938387e+00
   9.0642106e-01
  -7.8128456e-01
  -1.8735761e+00
  -1.5218209e+00
   5.0898852e-03
   1.5258606e+00
   1.8707925e+00
   7.8645953e-01
  -8.8733437e-01
  -1.8796631e+00
  -1.4520768e+00
   6.5686078e-02
   1.5383433e+00
   1.8673553e+00
   7.9889812e-01
  -8.8011159e-01
  -1.9103266e+00
  -1.4998709e+00
   5.6723023e-02
   1.5759606e+00
   1.8861718e+00
   7.4492199e-01
  -9.6249897e-01
  -1.9158794e+00
  -1.3922661e+00
   1.8504277e-01
   1.5972095e+00
   1.7757514e+00
   6.0130662e-01
  -1.0301390e+00
  -1.8890979e+00
  -1.3252204e+00
   2.4868183e-01
   1.6513710e+00
   1.8080590e+00
   5.7420688e-01
  -1.1241372e+00
  -1.9800797e+00
  -1.3211201e+00
   3.5033291e-01
   1.7412869e+00
   1.7823270e+00
   4.5923503e-01
  -1.1948349e+00
  -1.9162946e+00
  -1.1761973e+00
   4.4291293e-01
   1.7096123e+00
   1.6706668e+00
   3.5662129e-01
  -1.2396875e+00
  -1.8985399e+00
  -1.0963294e+00
   5.7223261e-01
   1.8231419e+00
   1.6713152e+00
   2.1665354e-01
  -1.4147273e+00
  -1.9515213e+00
  -9.7998409e-01
   7.3833117e-01
   1.8767590e+00
   1.5764398e+00
   8.7940803e-02
  -1.4471993e+00
  -1.8718018e+00
  -8.7513958e-01
   7.8392822e-01
   1.8442981e+00
   1.4886964e+00
  -2.4603159e-02
  -1.5345583e+00
  -1.8594986e+00
  -7.2860255e-01
   9.8181936e-01
   1.9267149e+00
   1.3595682e+00
  -2.7362566e-01
  -1.6944002e+00
  -1.8044554e+00
  -5.3339672e-01
   1.1313962e+00
   1.9199717e+00
   1.2420628e+00
  -3.8205514e-01
  -1.7202410e+00
  -1.7525809e+00
  -4.4451316e-01
   1.2089541e+00
   1.9277925e+00
   1.1400271e+00
  -5.4886391e-01
  -1.8119100e+00
  -1.6490139e+00
  -1.8941430e-01
   1.4107146e+00
   1.8938190e+00
   8.9384544e-01
  -7.9540042e-01
  -1.8611756e+00
  -1.4897515e+00
   2.6236463e-02
   1.5266673e+00
   1.8652238e+00
   7.7456476e-01
  -9.2175218e-01
  -1.9199987e+00
  -1.4339118e+00
   1.7604441e-01
   1.6570588e+00
   1.8405757e+00
   5.7822488e-01
  -1.1293827e+00
  -1.9316355e+00
  -1.2069511e+00
   4.5512730e-01
   1.7419398e+00
   1.6579076e+00
   2.8508439e-01
  -1.3052423e+00
  -1.8866039e+00
  -1.0097509e+00
   6.5789470e-01
   1.8328042e+00
   1.5919143e+00
   9.8062610e-02
  -1.4972610e+00
  -1.9373675e+00
  -8.6043349e-01
   8.9130629e-01
   1.9316169e+00
   1.4407667e+00
  -1.7978689e-01
  -1.6409910e+00
  -1.8017992e+00
  -5.6025793e-01
   1.0948309e+00
   1.8748626e+00
   1.1851680e+00
  -4.3296081e-01
  -1.7243461e+00
  -1.6792925e+00
  -3.1466230e-01
   1.3183149e+00
   1.9329643e+00
   1.0216972e+00
  -7.1514276e-01
  -1.9025950e+00
  -1.5888195e+00
  -1.9401093e-02
   1.5567383e+00
   1.8948948e+00
   7.4644653e-01
  -9.6473338e-01
  -1.8950374e+00
  -1.3356898e+00
   2.5732989e-01
   1.6379573e+00
   1.7348555e+00
   4.7139467e-01
  -1.1710878e+00
  -1.9012988e+00
  -1.1250458e+00
   5.6479903e-01
   1.8294651e+00
   1.6448696e+00
   1.4019256e-01
  -1.4870645e+00
  -1.9338039e+00
  -8.4661839e-01
   8.9993763e-01
   1.9195659e+00
   1.4225079e+00
  -1.7918901e-01
  -1.6227838e+00
  -1.7901853e+00
  -5.6447166e-01
   1.0926981e+00
   1.8851492e+00
   1.1843412e+00
  -4.6959077e-01
  -1.7697825e+00
  -1.6670030e+00
  -2.2279022e-01
   1.4125592e+00
   1.9162048e+00
   8.7227131e-01
  -8.8106788e-01
  -1.9336032e+00
  -1.4482422e+00
   1.7529854e-01
   1.6426587e+00
   1.8050477e+00
   5.5277702e-01
  -1.1224112e+00
  -1.9116838e+00
  -1.2015696e+00
   4.5285290e-01
   1.7518414e+00
   1.6609097e+00
   2.3768366e-01
  -1.3876953e+00
  -1.9011994e+00
  -8.7316723e-01
   8.7243072e-01
   1.9184957e+00
   1.4145038e+00
  -2.2821879e-01
  -1.6811469e+00
  -1.7837471e+00
  -4.6842037e-01
   1.2099625e+00
   1.9276939e+00
   1.1297761e+00
  -5.5130507e-01
  -1.7962670e+00
  -1.6247600e+00
  -1.6447939e-01
   1.4327849e+00
   1.8876928e+00
   8.2030770e-01
  -9.1935682e-01
  -1.9200687e+00
  -1.3605939e+00
   3.0576017e-01
   1.7179036e+00
   1.7272016e+00
   3.3489313e-01
  -1.3253169e+00
  -1.9211325e+00
  -9.8872036e-01
   7.1944581e-01
   1.8492926e+00
   1.5120346e+00
  -2.6694005e-02
  -1.5550013e+00
  -1.8591954e+00
  -6.8440927e-01
   1.0420890e+00
   1.9313450e+00
   1.2529163e+00
  -4.5107437e-01
  -1.7902915e+00
  -1.6661294e+00
  -1.8269994e-01
   1.4405563e+00
   1.8802307e+00
   7.9147658e-01
  -9.3054162e-01
  -1.8964860e+00
  -1.3409060e+00
   2.8478657e-01
   1.6868175e+00
   1.7523921e+00
   4.2322318e-01
  -1.2518938e+00
  -1.9344715e+00
  -1.0626503e+00
   6.7628636e-01
   1.8760503e+00
   1.5511163e+00
  -4.0077565e-02
  -1.5922539e+00
  -1.8299157e+00
  -5.6566252e-01
   1.1517965e+00
   1.9155315e+00
   1.1155855e+00
  -5.8354295e-01
  -1.8052013e+00
  -1.5736166e+00
  -8.0379219e-02
   1.4809503e+00
   1.8618560e+00
   7.4699621e-01
  -9.8416831e-01
  -1.9413737e+00
  -1.3373144e+00
   3.5441754e-01
   1.7586464e+00
   1.7187758e+00
   2.6291043e-01
  -1.4071822e+00
  -1.9137493e+00
  -8.4946010e-01
   8.9507580e-01
   1.8846686e+00
   1.3231202e+00
  -3.1536327e-01
  -1.6960340e+00
  -1.7077874e+00
  -3.4379562e-01
   1.3027339e+00
   1.9083573e+00
   9.7365991e-01
  -7.6355192e-01
  -1.9001535e+00
  -1.4976402e+00
   1.3326234e-01
   1.6608835e+00
   1.8228366e+00
   4.8313656e-01
  -1.2450470e+00
  -1.9295381e+00
  -1.0154243e+00
   7.2530361e-01
   1.8536476e+00
   1.4558430e+00
  -1.2595789e-01
  -1.5972547e+00
  -1.7675954e+00
  -5.0062447e-01
   1.1838647e+00
   1.9238517e+00
   1.1063836e+00
  -6.2396465e-01
  -1.8634669e+00
  -1.5854413e+00
  -1.0549945e-03
   1.5886107e+00
   1.8631868e+00
   5.9280631e-01
  -1.1616561e+00
  -1.9403315e+00
  -1.1090061e+00
   6.2403033e-01
   1.8186439e+00
   1.5016655e+00
  -4.9994087e-02
  -1.5605239e+00
  -1.8012900e+00
  -5.7711819e-01
   1.1225084e+00
   1.9164231e+00
   1.1444510e+00
  -5.8257045e-01
  -1.8559626e+00
  -1.6153302e+00
  -4.1438003e-02
   1.5675810e+00
   1.8698264e+00
   6.1251204e-01
  -1.1481284e+00
  -1.9391702e+00
  -1.1122504e+00
   6.2548587e-01
   1.8239692e+00
   1.5028996e+00
  -5.5404966e-02
  -1.5627010e+00
  -1.7862271e+00
  -5.4342951e-01
   1.1562994e+00
   1.9249961e+00
   1.1201727e+00
  -6.1692617e-01
  -1.8621553e+00
  -1.5733207e+00
   2.7580719e-02
   1.6131515e+00
   1.8539184e+00
   5.4639903e-01
  -1.2070033e+00
  -1.9330371e+00
  -1.0350365e+00
   7.1656922e-01
   1.8522939e+00
   1.4382149e+00
  -1.6575812e-01
  -1.6280823e+00
  -1.7480987e+00
  -4.2915013e-01
   1.2501770e+00
   1.9110386e+00
   9.9664608e-01
  -7.5793205e-01
  -1.9073019e+00
  -1.4843151e+00
   1.7576875e-01
   1.6894097e+00
   1.7805154e+00
   3.6951423e-01
  -1.3493459e+00
  -1.9242549e+00
  -8.8138109e-01
   8.8476507e-01
   1.8860719e+00
   1.2969078e+00
  -3.7423078e-01
  -1.7323736e+00
  -1.6569504e+00
  -2.1303698e-01
   1.4119307e+00
   1.8784802e+00
   7.9035039e-01
  -9.6743231e-01
  -1.9385605e+00
  -1.2993481e+00
   4.3298922e-01
   1.8082184e+00
   1.6605576e+00
   1.1068642e-01
  -1.5245148e+00
  -1.8560431e+00
  -6.1164035e-01
   1.1409794e+00
   1.9178198e+00
   1.0773001e+00
  -6.5910627e-01
  -1.8352315e+00
  -1.4781358e+00
   1.0984460e-01
   1.6136862e+00
   1.7880517e+00
   4.7923181e-01
  -1.2387046e+00
  -1.9364893e+00
  -1.0171078e+00
   7.6294980e-01
   1.9050940e+00
   1.4330581e+00
  -2.5964289e-01
  -1.7302651e+00
  -1.7225033e+00
  -2.4935273e-01
   1.4229558e+00
   1.8704091e+00
   7.2548422e-01
  -1.0305827e+00
  -1.9181017e+00
  -1.2027027e+00
   5.0969792e-01
   1.7927156e+00
   1.5813320e+00
   4.7036502e-02
  -1.5397613e+00
  -1.8526890e+00
  -6.1619698e-01
   1.1421521e+00
   1.9354821e+00
   1.0786356e+00
  -7.0639191e-01
  -1.8906800e+00
  -1.4532040e+00
   2.3014048e-01
   1.7099650e+00
   1.7192856e+00
   2.6072807e-01
  -1.4132527e+00
  -1.8845553e+00
  -7.6720829e-01
   9.8978701e-01
   1.9155516e+00
   1.2429094e+00
  -4.6441975e-01
  -1.7827436e+00
  -1.6068845e+00
  -7.5064100e-02
   1.5288388e+00
   1.8412820e+00
   5.8186744e-01
  -1.1822058e+00
  -1.9330187e+00
  -1.0140541e+00
   7.8645755e-01
   1.9114618e+00
   1.3888269e+00
  -3.2703072e-01
  -1.7595405e+00
  -1.6902397e+00
  -1.9251462e-01
   1.4551232e+00
   1.8667916e+00
   7.0867716e-01
  -1.0396864e+00
  -1.9130954e+00
  -1.1807198e+00
   5.4337203e-01
   1.8044460e+00
   1.5245759e+00
  -7.2284128e-02
  -1.6252720e+00
  -1.7890954e+00
  -4.0537575e-01
   1.3368953e+00
   1.9233778e+00
   8.3837698e-01
  -9.7974768e-01
  -1.9589496e+00
  -1.2617735e+00
   5.0173547e-01
   1.8203367e+00
   1.5839662e+00
   1.2949317e-02
  -1.5537590e+00
  -1.7982827e+00
  -5.2404894e-01
   1.1882244e+00
   1.8874069e+00
   9.7279896e-01
  -7.8527269e-01
  -1.8802039e+00
  -1.3528102e+00
   3.6275686e-01
   1.7867073e+00
   1.6707556e+00
   1.0022383e-01
  -1.5648314e+00
  -1.8766007e+00
  -5.6780924e-01
   1.2220824e+00
   1.9511449e+00
   1.0102394e+00
  -7.7395542e-01
  -1.8733743e+00
  -1.3667819e+00
   2.9572004e-01
   1.6926357e+00
   1.6362187e+00
   1.7290123e-01
  -1.4510428e+00
  -1.8379809e+00
  -6.3548399e-01
   1.1367702e+00
   1.9419033e+00
   1.0589863e+00
  -7.6449515e-01
  -1.9437184e+00
  -1.4437178e+00
   3.0260523e-01
   1.7721583e+00
   1.6924721e+00
   1.5072148e-01
  -1.5026357e+00
  -1.8447941e+00
  -6.0440284e-01
   1.1320839e+00
   1.8728804e+00
   9.9309424e-01
  -7.4678188e-01
  -1.8536854e+00
  -1.3698628e+00
   3.0526173e-01
   1.7381120e+00
   1.6793389e+00
   1.5469683e-01
  -1.5268752e+00
  -1.8949158e+00
  -6.1260474e-01
   1.2066083e+00
   1.9695433e+00
   1.0117442e+00
  -8.1605275e-01
  -1.9080880e+00
  -1.3222898e+00
   4.0753216e-01
   1.7640767e+00
   1.5783951e+00
   2.7951240e-02
  -1.5399935e+00
  -1.7750757e+00
  -4.7426415e-01
   1.2488516e+00
   1.9107342e+00
   9.2641807e-01
  -8.7261786e-01
  -1.9326277e+00
  -1.3187173e+00
   4.5021394e-01
   1.8296958e+00
   1.6013917e+00
  -3.8304580e-02
  -1.6402150e+00
  -1.7888428e+00
  -3.6209177e-01
   1.3685525e+00
   1.8772103e+00
   7.2967492e-01
  -1.0554176e+00
  -1.9192064e+00
  -1.1202997e+00
   6.4119231e-01
   1.8433120e+00
   1.4512395e+00
  -2.0000974e-01
  -1.6902360e+00
  -1.7275442e+00
  -2.6739750e-01
   1.4280604e+00
   1.8719592e+00
   6.6110431e-01
  -1.1445203e+00
  -1.9420478e+00
  -1.0137091e+00
   8.1920076e-01
   1.9235593e+00
   1.3168054e+00
  -4.5717126e-01
  -1.8238511e+00
  -1.5835230e+00
   3.9520209e-02
   1.6180803e+00
   1.7838139e+00
   4.0808454e-01
  -1.3073164e+00
  -1.8785943e+00
  -8.1594844e-01
   9.5710056e-01
   1.8962020e+00
   1.1725308e+00
  -5.9130166e-01
  -1.8434931e+00
  -1.4617259e+00
   2.3488018e-01
   1.7426277e+00
   1.7061193e+00
   1.4327239e-01
  -1.5569164e+00
  -1.8784138e+00
  -5.3913070e-01
   1.2644823e+00
   1.9378883e+00
   9.0445996e-01
  -9.0673546e-01
  -1.9040040e+00
  -1.2314321e+00
   5.0324249e-01
   1.7772937e+00
   1.4796588e+00
  -1.2868598e-01
  -1.6390924e+00
  -1.7161004e+00
  -2.7201644e-01
   1.4319353e+00
   1.8784815e+00
   6.4638445e-01
  -1.1859845e+00
  -1.9830113e+00
  -1.0210867e+00
   8.4607566e-01
   1.9490047e+00
   1.3080819e+00
  -4.8883413e-01
  -1.8295352e+00
  -1.5312136e+00
   1.1689740e-01
   1.6386839e+00
   1.6939288e+00
   2.4984754e-01
  -1.4115848e+00
  -1.8267830e+00
  -6.2695185e-01
   1.1406443e+00
   1.9207527e+00
   1.0107264e+00
  -8.0514261e-01
  -1.9233409e+00
  -1.3363846e+00
   4.4961820e-01
   1.8419193e+00
   1.5854325e+00
  -9.3166348e-02
  -1.6788074e+00
  -1.7408165e+00
  -2.3220854e-01
   1.4755977e+00
   1.8450097e+00
   5.5675055e-01
  -1.2237958e+00
  -1.9089313e+00
  -9.0079989e-01
   8.9868565e-01
   1.9002023e+00
   1.2245330e+00
  -5.3369407e-01
  -1.8282584e+00
  -1.5143424e+00
   1.3880810e-01
   1.6679993e+00
   1.7022755e+00
   1.9637460e-01
  -1.5026771e+00
  -1.8537420e+00
  -5.2501393e-01
   1.2847634e+00
   1.9281508e+00
   8.1523288e-01
  -1.0445912e+00
  -1.9666428e+00
  -1.1246963e+00
   7.1273910e-01
   1.8960455e+00
   1.3822990e+00
  -3.5036193e-01
  -1.7539068e+00
  -1.5919788e+00
  -2.1897203e-02
   1.5574795e+00
   1.7427253e+00
   3.6543436e-01
  -1.3493348e+00
  -1.8592792e+00
  -6.8545168e-01
   1.1329496e+00
   1.9503305e+00
   1.0049302e+00
  -8.6485606e-01
  -1.9629272e+00
  -1.2833174e+00
   5.5987269e-01
   1.8909932e+00
   1.5082402e+00
  -2.2468540e-01
  -1.7283599e+00
  -1.6548438e+00
  -9.5948617e-02
   1.5279559e+00
   1.7613670e+00
   4.0853244e-01
  -1.3111795e+00
  -1.8580718e+00
  -7.3876562e-01
   1.0539350e+00
   1.9149118e+00
   1.0556412e+00
  -7.7286459e-01
  -1.9291373e+00
  -1.3549219e+00
   4.4618134e-01
   1.8411514e+00
   1.5521964e+00
  -1.6022214e-01
  -1.7252765e+00
  -1.7076482e+00
  -1.3164841e-01
   1.5485956e+00
   1.7965334e+00
   3.9880467e-01
  -1.3601304e+00
  -1.8852322e+00
  -7.1264566e-01
   1.0930750e+00
   1.9117023e+00
   1.0160986e+00
  -7.8876924e-01
  -1.8874033e+00
  -1.2926391e+00
   4.6747426e-01
   1.8087580e+00
   1.5091394e+00
  -1.7253110e-01
  -1.7060489e+00
  -1.6753474e+00
  -9.1241341e-02
   1.5948620e+00
   1.8213632e+00
   3.6895937e-01
  -1.4270844e+00
  -1.9133231e+00
  -6.4810888e-01
   1.2010158e+00
   1.9462585e+00
   9.2620789e-01
  -9.1264947e-01
  -1.9012467e+00
  -1.1624877e+00
   6.1635038e-01
   1.8216021e+00
   1.3670396e+00
  -3.3504139e-01
  -1.7431312e+00
  -1.5704745e+00
   4.4334533e-02
   1.6399808e+00
   1.7464215e+00
   2.3976596e-01
  -1.5138456e+00
  -1.8970213e+00
  -5.4266891e-01
   1.3065072e+00
   1.9421627e+00
   7.8075788e-01
  -1.0940135e+00
  -1.9468650e+00
  -1.0043924e+00
   8.4393888e-01
   1.8901551e+00
   1.1859622e+00
  -6.0630195e-01
  -1.8428223e+00
  -1.4008313e+00
   3.1430538e-01
   1.7468732e+00
   1.5967156e+00
  -7.4311936e-03
  -1.6158053e+00
  -1.7607130e+00
  -2.9583292e-01
   1.4477920e+00
   1.8636480e+00
   5.5526360e-01
  -1.2729227e+00
  -1.9173391e+00
  -7.6757658e-01
   1.1081474e+00
   1.9557902e+00
   9.8142938e-01
  -9.0498928e-01
  -1.9479852e+00
  -1.1874700e+00
   6.6147208e-01
   1.8921390e+00
   1.3873505e+00
  -3.7172627e-01
  -1.7708165e+00
  -1.5433681e+00
   8.8234267e-02
   1.6278997e+00
   1.6675307e+00
   1.6712772e-01
  -1.5003189e+00
  -1.7930659e+00
  -4.2086413e-01
   1.3621800e+00
   1.8953982e+00
   6.5862867e-01
  -1.2157664e+00
  -1.9798669e+00
  -9.0976088e-01
   1.0008069e+00
   1.9672336e+00
   1.0929705e+00
  -7.9219252e-01
  -1.9238680e+00
  -1.2613806e+00
   5.5563312e-01
   1.8290742e+00
   1.3888957e+00
  -3.4037458e-01
  -1.7546712e+00
  -1.5529000e+00
   7.8450734e-02
   1.6435455e+00
   1.7036083e+00
   1.9311733e-01
  -1.5083487e+00
  -1.8291996e+00
  -4.5765893e-01
   1.3465070e+00
   1.9018178e+00
   6.7767187e-01
  -1.1857754e+00
  -1.9326496e+00
  -8.5056282e-01
   1.0427665e+00
   1.9569651e+00
   1.0273520e+00
  -8.6733844e-01
  -1.9440339e+00
  -1.2003299e+00
   6.5641153e-01
   1.8929005e+00
   1.3735494e+00
  -4.0184260e-01
  -1.7854965e+00
  -1.5104880e+00
   1.5420651e-01
   1.6644187e+00
   1.6231030e+00
   6.5350049e-02
  -1.5661570e+00
  -1.7452615e+00
  -2.8485626e-01
   1.4634793e+00
   1.8522023e+00
   4.9073904e-01
  -1.3583061e+00
  -1.9506039e+00
  -7.1520551e-01
   1.1876524e+00
   1.9603601e+00
   8.7805111e-01
  -1.0249243e+00
  -1.9476670e+00
  -1.0338634e+00
   8.3387848e-01
   1.8907519e+00
   1.1566929e+00
  -6.6315044e-01
  -1.8613148e+00
  -1.3245535e+00
   4.4398659e-01
   1.8021870e+00
   1.4887889e+00
  -2.1150896e-01
  -1.7244509e+00
  -1.6373383e+00
  -1.8701997e-02
   1.6243103e+00
   1.7424851e+00
   2.1108594e-01
  -1.5268710e+00
  -1.8136962e+00
  -3.6287606e-01
   1.4483022e+00
   1.8865860e+00
   5.2659184e-01
  -1.3368213e+00
  -1.9298963e+00
  -6.9525576e-01
   1.1884594e+00
   1.9428717e+00
   8.7444778e-01
  -9.9313433e-01
  -1.9063371e+00
  -1.0280012e+00
   7.9994249e-01
   1.8612769e+00
   1.1670681e+00
  -6.2979198e-01
  -1.8435487e+00
  -1.3254952e+00
   4.5362998e-01
   1.8244715e+00
   1.4777285e+00
  -2.8481222e-01
  -1.8056382e+00
  -1.6313158e+00
   8.8785689e-02
   1.7214582e+00
   1.7049025e+00
   5.4807127e-02
  -1.6440793e+00
  -1.7642856e+00
  -2.0157938e-01
   1.5355576e+00
   1.7864695e+00
   3.2532533e-01
  -1.4442187e+00
  -1.8429789e+00
  -5.0433849e-01
   1.3008505e+00
   1.8766143e+00
   6.9080477e-01
  -1.1390112e+00
  -1.8969769e+00
  -8.7219302e-01
   9.7353968e-01
   1.8992321e+00
   1.0208209e+00
  -8.3832508e-01
  -1.9060249e+00
  -1.1443800e+00
   7.3656032e-01
   1.9333274e+00
   1.2788815e+00
  -6.1439437e-01
  -1.9279484e+00
  -1.3926216e+00
   4.7823111e-01
   1.8853151e+00
   1.4852248e+00
  -3.2104783e-01
  -1.7936885e+00
  -1.5366444e+00
   1.7867806e-01
   1.7009544e+00
   1.5865318e+00
  -4.0733578e-02
  -1.6280190e+00
  -1.6704230e+00
  -1.2672988e-01
   1.5449736e+00
   1.7584772e+00
   2.9750086e-01
  -1.4651176e+00
  -1.8522969e+00
  -4.8022643e-01
   1.3516293e+00
   1.8840026e+00
   5.9256778e-01
  -1.2836392e+00
  -1.9248360e+00
  -7.0028500e-01
   1.2044553e+00
   1.9354560e+00
   7.7953711e-01
  -1.1404463e+00
  -1.9641664e+00
  -9.0207898e-01
   1.0128980e+00
   1.9415591e+00
   1.0111048e+00
  -8.6859345e-01
  -1.8998508e+00
  -1.1151586e+00
   7.2031177e-01
   1.8533431e+00
   1.2088326e+00
  -5.9537975e-01
  -1.8343529e+00
  -1.3127258e+00
   4.8754457e-01
   1.8465679e+00
   1.4430449e+00
  -3.5998385e-01
  -1.8347788e+00
  -1.5455646e+00
   2.4443703e-01
   1.8047802e+00
   1.6155066e+00
  -1.4042664e-01
  -1.7480016e+00
  -1.6398421e+00
   6.8374569e-02
   1.6997880e+00
   1.6655803e+00
   1.0546284e-02
  -1.6503099e+00
  -1.7139164e+00
  -1.3206515e-01
   1.5652594e+00
   1.7542975e+00
   2.6565020e-01
  -1.4712393e+00
  -1.8001696e+00
  -4.1341322e-01
   1.3581568e+00
   1.8125597e+00
   5.0564666e-01
  -1.3089732e+00
  -1.8701821e+00
  -6.1317527e-01
   1.2575191e+00
   1.9152650e+00
   6.9569374e-01
  -1.2280330e+00
  -1.9743096e+00
  -8.0190235e-01
   1.1480635e+00
   1.9681132e+00
   8.6259031e-01
  -1.0735460e+00
  -1.9423206e+00
  -9.0899004e-01
   9.9652368e-01
   1.9098316e+00
   9.5521113e-01
  -9.2246826e-01
  -1.8973986e+00
  -1.0322464e+00
   8.3236870e-01
   1.8999832e+00
   1.1445079e+00
  -7.0930187e-01
  -1.8796518e+00
  -1.2355710e+00
   6.0809656e-01
   1.8678890e+00
   1.3107684e+00
  -5.3327115e-01
  -1.8630089e+00
  -1.3600685e+00
   4.9869914e-01
   1.8854310e+00
   1.4183769e+00
  -4.5782174e-01
  -1.8967578e+00
  -1.4764340e+00
   3.8875530e-01
   1.8606583e+00
   1.4995237e+00
  -3.2236115e-01
  -1.8079850e+00
  -1.5146031e+00
   2.4470321e-01
   1.7357013e+00
   1.5100170e+00
  -1.9663456e-01
  -1.7149540e+00
  -1.5692208e+00
   9.9588652e-02
   1.6748996e+00
   1.6254185e+00
  -1.2230494e-02
  -1.6564088e+00
  -1.7030246e+00
  -9.2246671e-02
   1.6099791e+00
   1.7286419e+00
   1.3430075e-01
  -1.6042204e+00
  -1.7570666e+00
  -1.5855954e-01
   1.6084971e+00
   1.7806562e+00
   1.7815581e-01
  -1.6084908e+00
  -1.8046195e+00
  -2.1929499e-01
   1.5742087e+00
   1.8112424e+00
   2.7818253e-01
  -1.5001823e+00
  -1.7825476e+00
  -3.1572615e-01
   1.4437865e+00
   1.7736612e+00
   3.6311953e-01
  -1.3998582e+00
  -1.7884750e+00
  -4.1736308e-01
   1.3796368e+00
   1.8413372e+00
   4.9874304e-01
  -1.3484182e+00
  -1.8857610e+00
  -5.6913793e-01
   1.3146731e+00
   1.8987937e+00
   5.9143667e-01
  -1.3133445e+00
  -1.9112627e+00
  -5.9666218e-01
   1.3169152e+00
   1.9083615e+00
   5.8064262e-01
  -1.3384662e+00
  -1.9324905e+00
  -6.1576730e-01
   1.2939083e+00
   1.9048697e+00
   6.3091039e-01
  -1.2506039e+00
  -1.8847510e+00
  -6.6726271e-01
   1.1838992e+00
   1.8446986e+00
   6.7424394e-01
  -1.1680937e+00
  -1.8642677e+00
  -7.1956817e-01
   1.1495031e+00
   1.8995222e+00
   7.7289685e-01
  -1.1354253e+00
  -1.9367516e+00
  -8.1936455e-01
   1.1209381e+00
   1.9500145e+00
   8.2969650e-01
  -1.1224427e+00
  -1.9415499e+00
  -7.9705043e-01
   1.1590058e+00
   1.9513552e+00
   7.7948135e-01
  -1.1752078e+00
  -1.9482403e+00
  -7.7167142e-01
   1.1678534e+00
   1.9362819e+00
   7.8576101e-01
  -1.1221956e+00
  -1.8950952e+00
  -7.8693183e-01
   1.0847401e+00
   1.8622989e+00
   7.8254328e-01
  -1.0796072e+00
  -1.8755659e+00
  -8.0746087e-01
   1.0760682e+00
   1.9034394e+00
   8.3325765e-01
  -1.0899088e+00
  -1.9510110e+00
  -8.7414193e-01
   1.0772444e+00
   1.9444037e+00
   8.4507072e-01
  -1.1171678e+00
  -1.9548384e+00
  -8.1371872e-01
   1.1498878e+00
   1.9405880e+00
   7.5491790e-01
  -1.2035401e+00
  -1.9531167e+00
  -7.4360585e-01
   1.1986344e+00
   1.9254242e+00
   7.2695004e-01
  -1.1784935e+00
  -1.8873656e+00
  -7.1162839e-01
   1.1575078e+00
   1.8541994e+00
   6.9277792e-01
  -1.1613935e+00
  -1.8542639e+00
  -6.8521130e-01
   1.1895369e+00
   1.8955890e+00
   7.0886115e-01
  -1.2010396e+00
  -1.9191990e+00
  -7.0775647e-01
   1.2271244e+00
   1.9303774e+00
   6.7921037e-01
  -1.2626145e+00
  -1.9158722e+00
  -6.0789856e-01
   1.3279603e+00
   1.9104147e+00
   5.4018851e-01
  -1.3859996e+00
  -1.9075614e+00
  -5.0122942e-01
   1.3984316e+00
   1.8723091e+00
   4.6022803e-01
  -1.3971163e+00
  -1.8338275e+00
  -4.3384501e-01
   1.3759468e+00
   1.7765581e+00
   3.7657416e-01
  -1.4102100e+00
  -1.7863024e+00
  -3.6774081e-01
   1.4284327e+00
   1.7948113e+00
   3.4690378e-01
  -1.4727319e+00
  -1.8275297e+00
  -3.4283841e-01
   1.4905661e+00
   1.8086391e+00
   2.7609330e-01
  -1.5479939e+00
  -1.7898791e+00
  -1.8938380e-01
   1.6153975e+00
   1.7649767e+00
   9.7845629e-02
  -1.6768190e+00
  -1.7384813e+00
  -2.7007332e-02
   1.7045917e+00
   1.6969779e+00
  -2.2009419e-02
  -1.6891698e+00
  -1.6194347e+00
   9.0919518e-02
   1.6901513e+00
   1.5621942e+00
  -1.4830464e-01
  -1.7019051e+00
  -1.5272000e+00
   2.0029030e-01
   1.7384065e+00
   1.5301330e+00
  -2.2616513e-01
  -1.7645816e+00
  -1.5245449e+00
   2.6239627e-01
   1.7854908e+00
   1.4840469e+00
  -3.4763565e-01
  -1.8357988e+00
  -1.4393452e+00
   4.4924410e-01
   1.8850404e+00
   1.3727281e+00
  -5.7396885e-01
  -1.9496025e+00
  -1.3312250e+00
   6.4465036e-01
   1.9423500e+00
   1.2351647e+00
  -7.3256333e-01
  -1.9315766e+00
  -1.1456072e+00
   7.9466665e-01
   1.8909859e+00
   1.0331089e+00
  -8.8401953e-01
  -1.8966924e+00
  -9.7707846e-01
   9.3490408e-01
   1.8974494e+00
   9.3543970e-01
  -9.7603825e-01
  -1.8984877e+00
  -8.9235154e-01
   1.0233985e+00
   1.8949701e+00
   8.2262248e-01
  -1.1031743e+00
  -1.8982474e+00
  -7.2355202e-01
   1.2256076e+00
   1.9298382e+00
   6.3795119e-01
  -1.3295433e+00
  -1.9323760e+00
  -5.3450114e-01
   1.4200327e+00
   1.9040877e+00
   4.2069020e-01
  -1.4813763e+00
  -1.8283793e+00
  -2.7602391e-01
   1.5479585e+00
   1.7512630e+00
   1.3682456e-01
  -1.6150370e+00
  -1.6998924e+00
  -4.2730222e-02
   1.6471596e+00
   1.6431720e+00
  -3.9016370e-02
  -1.6749771e+00
  -1.5994839e+00
   1.0022935e-01
   1.6800715e+00
   1.5198948e+00
  -2.1909545e-01
  -1.7497154e+00
  -1.4841527e+00
   3.2353473e-01
   1.8142818e+00
   1.4303326e+00
  -4.5644517e-01
  -1.8996447e+00
  -1.3884198e+00
   5.6305626e-01
   1.9281065e+00
   1.2790303e+00
  -7.0743979e-01
  -1.9491382e+00
  -1.1436943e+00
   8.6038413e-01
   1.9573144e+00
   9.9920650e-01
  -1.0043640e+00
  -1.9565023e+00
  -8.7073223e-01
   1.1131170e+00
   1.9362622e+00
   7.6304540e-01
  -1.1740178e+00
  -1.8734270e+00
  -6.3280647e-01
   1.2480693e+00
   1.8253400e+00
   5.1200270e-01
  -1.3289458e+00
  -1.7925615e+00
  -3.9265518e-01
   1.4321653e+00
   1.7916530e+00
   2.9608972e-01
  -1.5220397e+00
  -1.7761850e+00
  -1.8735346e-01
   1.6009289e+00
   1.7174983e+00
   2.7218826e-02
  -1.7029823e+00
  -1.6465217e+00
   1.4980069e-01
   1.7951852e+00
   1.5437543e+00
  -3.5156071e-01
  -1.8958564e+00
  -1.4598209e+00
   4.9684818e-01
   1.9154195e+00
   1.3148255e+00
  -6.5643667e-01
  -1.9227621e+00
  -1.1717475e+00
   7.8524919e-01
   1.8903711e+00
   1.0004338e+00
  -9.3730626e-01
  -1.8955364e+00
  -8.8083875e-01
   1.0475723e+00
   1.8886555e+00
   7.7281673e-01
  -1.1429787e+00
  -1.8735162e+00
  -6.5967527e-01
   1.2397286e+00
   1.8455710e+00
   5.1766903e-01
  -1.3610856e+00
  -1.8127890e+00
  -3.4157181e-01
   1.5189314e+00
   1.7986787e+00
   1.7723640e-01
  -1.6491387e+00
  -1.7447774e+00
   5.7677927e-03
   1.7560422e+00
   1.6509181e+00
  -1.9639517e-01
  -1.8209895e+00
  -1.5000226e+00
   4.1394875e-01
   1.8776859e+00
   1.3387085e+00
  -6.2171174e-01
  -1.9229247e+00
  -1.1972524e+00
   7.7745411e-01
   1.9206876e+00
   1.0453123e+00
  -9.1383654e-01
  -1.9033563e+00
  -9.0435432e-01
   1.0194286e+00
   1.8498045e+00
   7.2324058e-01
  -1.1743969e+00
  -1.8492446e+00
  -5.8365869e-01
   1.3049372e+00
   1.8310281e+00
   4.2359192e-01
  -1.4538427e+00
  -1.8221258e+00
  -2.7585760e-01
   1.5632231e+00
   1.7438009e+00
   6.2887223e-02
  -1.6943626e+00
  -1.6443133e+00
   1.7315230e-01
   1.8178757e+00
   1.5205026e+00
  -4.1177860e-01
  -1.9141220e+00
  -1.3770051e+00
   6.2641730e-01
   1.9582355e+00
   1.2083140e+00
  -8.0667736e-01
  -1.9345569e+00
  -9.9104591e-01
   9.9591545e-01
   1.9060878e+00
   7.8587959e-01
  -1.1598489e+00
  -1.8664226e+00
  -5.9420453e-01
   1.3069395e+00
   1.8336379e+00
   4.3585804e-01
  -1.4139866e+00
  -1.7726659e+00
  -2.6688998e-01
   1.5133453e+00
   1.6846521e+00
   5.8886892e-02
  -1.6439925e+00
  -1.6051201e+00
   1.5423006e-01
   1.7687313e+00
   1.5004831e+00
  -3.9115589e-01
  -1.8962462e+00
  -1.3935551e+00
   5.9483027e-01
   1.9411360e+00
   1.1950271e+00
  -8.4281133e-01
  -1.9742137e+00
  -9.7768069e-01
   1.0675433e+00
   1.9491882e+00
   7.1621798e-01
  -1.2975828e+00
  -1.9224448e+00
  -4.9278706e-01
   1.4504401e+00
   1.8315569e+00
   2.6327752e-01
  -1.5626806e+00
  -1.7040120e+00
  -3.3838153e-02
   1.6507735e+00
   1.5592341e+00
  -1.9573829e-01
  -1.7361112e+00
  -1.4206886e+00
   4.1713864e-01
   1.8262725e+00
   1.3056906e+00
  -6.0095766e-01
  -1.8724163e+00
  -1.1510618e+00
   8.0324656e-01
   1.9049607e+00
   9.6501904e-01
  -1.0189897e+00
  -1.9105778e+00
  -7.3079683e-01
   1.2625435e+00
   1.9093960e+00
   4.8665959e-01
  -1.4838359e+00
  -1.8670504e+00
  -2.3647178e-01
   1.6470927e+00
   1.7421623e+00
  -5.0763982e-02
  -1.7803453e+00
  -1.5717255e+00
   3.3506577e-01
   1.8579852e+00
   1.3459650e+00
  -6.3475596e-01
  -1.9333720e+00
  -1.1528083e+00
   8.5318962e-01
   1.9235356e+00
   9.2280717e-01
  -1.0571813e+00
  -1.8923906e+00
  -7.0540051e-01
   1.2141202e+00
   1.8068819e+00
   4.4662026e-01
  -1.3998486e+00
  -1.7462766e+00
  -2.1227419e-01
   1.5640787e+00
   1.6722619e+00
  -1.9604129e-02
  -1.7051135e+00
  -1.5659354e+00
   2.6329074e-01
   1.8161049e+00
   1.4058288e+00
  -5.3449486e-01
  -1.8969089e+00
  -1.1831011e+00
   8.4462560e-01
   1.9718617e+00
   9.4947316e-01
  -1.1214984e+00
  -1.9786817e+00
  -6.7719916e-01
   1.3653283e+00
   1.9185330e+00
   3.8490345e-01
  -1.5498967e+00
  -1.7729936e+00
  -5.7537815e-02
   1.7051859e+00
   1.5896622e+00
  -2.6490490e-01
  -1.8280597e+00
  -1.4042173e+00
   5.3341684e-01
   1.8796719e+00
   1.1883138e+00
  -7.7808135e-01
  -1.8939797e+00
  -9.6979607e-01
   9.7979094e-01
   1.8447831e+00
   6.9585847e-01
  -1.2194655e+00
  -1.8241264e+00
  -4.5352392e-01
   1.4181976e+00
   1.7597755e+00
   1.8290575e-01
  -1.6167669e+00
  -1.6811955e+00
   7.6152791e-02
   1.7509701e+00
   1.5095202e+00
  -3.9552631e-01
  -1.8767661e+00
  -1.2932546e+00
   7.2915862e-01
   1.9642134e+00
   1.0356147e+00
  -1.0479133e+00
  -1.9906318e+00
  -7.4546360e-01
   1.3209114e+00
   1.9349136e+00
   4.2877650e-01
  -1.5271933e+00
  -1.7789280e+00
  -6.5579915e-02
   1.7093708e+00
   1.5922267e+00
  -2.7418142e-01
  -1.8293233e+00
  -1.3720499e+00
   5.8440649e-01
   1.8972860e+00
   1.1450024e+00
  -8.3713826e-01
  -1.8891710e+00
  -8.8196211e-01
   1.0701042e+00
   1.8363859e+00
   5.8751157e-01
  -1.3096917e+00
  -1.7816114e+00
  -3.0487349e-01
   1.5163610e+00
   1.6882336e+00
   4.7524239e-03
  -1.7079820e+00
  -1.5722489e+00
   2.7780339e-01
   1.8188965e+00
   1.3484910e+00
  -6.2706085e-01
  -1.9260516e+00
  -1.0957215e+00
   9.5988816e-01
   1.9589591e+00
   7.7400392e-01
  -1.2950674e+00
  -1.9496074e+00
  -4.5205667e-01
   1.5412367e+00
   1.8192104e+00
   8.0291555e-02
  -1.7339533e+00
  -1.6079648e+00
   3.0454778e-01
   1.8654390e+00
   1.3427744e+00
  -6.7010885e-01
  -1.9329137e+00
  -1.0527868e+00
   9.8636314e-01
   1.9339101e+00
   7.6174323e-01
  -1.2225801e+00
  -1.8381181e+00
  -4.2868287e-01
   1.4377718e+00
   1.7085986e+00
   9.6922345e-02
  -1.6167177e+00
  -1.5445529e+00
   2.3828184e-01
   1.7748878e+00
   1.3702149e+00
  -5.4421818e-01
  -1.8711410e+00
  -1.1457168e+00
   8.4165073e-01
   1.8976577e+00
   8.4356272e-01
  -1.1624723e+00
  -1.8876802e+00
  -5.0608210e-01
   1.4567246e+00
   1.8020443e+00
   1.1909929e-01
  -1.7284883e+00
  -1.6705442e+00
   2.4269777e-01
   1.8776939e+00
   1.4033018e+00
  -6.4760425e-01
  -1.9709540e+00
  -1.0822317e+00
   1.0133946e+00
   1.9560818e+00
   6.8862784e-01
  -1.3606874e+00
  -1.8926321e+00
  -3.1761444e-01
   1.5979985e+00
   1.7235407e+00
  -6.0030047e-02
  -1.7517945e+00
  -1.4787288e+00
   4.2990827e-01
   1.8371491e+00
   1.1873499e+00
  -7.7949438e-01
  -1.8703244e+00
  -8.7646404e-01
   1.0974494e+00
   1.8657038e+00
   5.7907126e-01
  -1.3402098e+00
  -1.7710659e+00
  -2.3805416e-01
   1.5588773e+00
   1.6218880e+00
  -1.2539637e-01
  -1.7385395e+00
  -1.4060445e+00
   5.1991202e-01
   1.8907809e+00
   1.1527204e+00
  -8.9424389e-01
  -1.9632535e+00
  -8.4075163e-01
   1.2277110e+00
   1.9160171e+00
   4.3944592e-01
  -1.5408764e+00
  -1.7823700e+00
  -4.3655894e-03
   1.7798342e+00
   1.5398436e+00
  -4.6248126e-01
  -1.9624927e+00
  -1.2605976e+00
   8.4974358e-01
   1.9851229e+00
   8.7409915e-01
  -1.2134242e+00
  -1.9190925e+00
  -4.6459910e-01
   1.4884322e+00
   1.7356019e+00
   1.4503117e-02
  -1.7225116e+00
  -1.5229852e+00
   3.7870673e-01
   1.8466437e+00
   1.2478247e+00
  -7.3261622e-01
  -1.8778041e+00
  -9.2094070e-01
   1.0534549e+00
   1.8345904e+00
   5.5525726e-01
  -1.3455192e+00
  -1.7326531e+00
  -1.6261061e-01
   1.6129523e+00
   1.5983287e+00
  -2.0708302e-01
  -1.7894955e+00
  -1.3671386e+00
   5.9840782e-01
   1.8985459e+00
   1.0572684e+00
  -9.8598905e-01
  -1.9149766e+00
  -6.5841774e-01
   1.3707339e+00
   1.8578919e+00
   2.2430955e-01
  -1.6880907e+00
  -1.6985362e+00
   2.1805877e-01
   1.8843885e+00
   1.3999156e+00
  -6.8190451e-01
  -1.9813069e+00
  -1.0157972e+00
   1.1024958e+00
   1.9442849e+00
   5.4710830e-01
  -1.4884961e+00
  -1.8383642e+00
  -1.0994549e-01
   1.7235593e+00
   1.5854753e+00
  -3.4697408e-01
  -1.8685851e+00
  -1.2662971e+00
   7.5061315e-01
   1.8835877e+00
   8.6048221e-01
  -1.1409309e+00
  -1.8480577e+00
  -4.6580648e-01
   1.4399911e+00
   1.7215505e+00
   6.8162677e-02
  -1.6538093e+00
  -1.5078033e+00
   3.3487936e-01
   1.7915386e+00
   1.2163147e+00
  -7.4002400e-01
  -1.8575293e+00
  -8.5524332e-01
   1.1450307e+00
   1.8709203e+00
   4.7675072e-01
  -1.4726662e+00
  -1.7585881e+00
  -3.8627510e-02
   1.7367751e+00
   1.5340598e+00
  -4.2714451e-01
  -1.9010679e+00
  -1.1832874e+00
   9.1447617e-01
   1.9759319e+00
   7.6017127e-01
  -1.3500297e+00
  -1.9259317e+00
  -2.9553690e-01
   1.6695942e+00
   1.7082772e+00
  -2.1919104e-01
  -1.8862977e+00
  -1.3751656e+00
   7.1126808e-01
   1.9563152e+00
   9.2621959e-01
  -1.1832399e+00
  -1.9403375e+00
  -4.8174285e-01
   1.5094343e+00
   1.7552473e+00
  -5.9284481e-03
  -1.7439243e+00
  -1.4804562e+00
   4.5739312e-01
   1.8393670e+00
   1.0947588e+00
  -9.0704872e-01
  -1.8704282e+00
  -6.9761608e-01
   1.2709417e+00
   1.7937598e+00
   2.7919382e-01
  -1.5476467e+00
  -1.6100107e+00
   1.5920077e-01
   1.7411340e+00
   1.3291302e+00
  -6.0751380e-01
  -1.8491582e+00
  -9.5891465e-01
   1.0590879e+00
   1.8889569e+00
   5.5657862e-01
  -1.4286135e+00
  -1.7842080e+00
  -8.4086685e-02
   1.7245065e+00
   1.5494104e+00
  -4.1916696e-01
  -1.9043974e+00
  -1.1720889e+00
   9.4068506e-01
   1.9760368e+00
   7.1111771e-01
  -1.4004057e+00
  -1.9041076e+00
  -2.0500556e-01
   1.7272324e+00
   1.6472159e+00
  -3.4769059e-01
  -1.9310528e+00
  -1.2632581e+00
   8.6531675e-01
   1.9654646e+00
   7.5724399e-01
  -1.3454501e+00
  -1.8947700e+00
  -2.5945364e-01
   1.6562552e+00
   1.6394296e+00
  -2.7002110e-01
  -1.8503385e+00
  -1.2865041e+00
   7.4321303e-01
   1.8802385e+00
   8.2239192e-01
  -1.1891308e+00
  -1.8246221e+00
  -3.5561812e-01
   1.5205437e+00
   1.6471643e+00
  -1.1366153e-01
  -1.7338176e+00
  -1.3556966e+00
   5.7704396e-01
   1.8354477e+00
   9.7070647e-01
  -1.0169121e+00
  -1.8261335e+00
  -5.0849095e-01
   1.4244851e+00
   1.7323113e+00
   3.8506183e-02
  -1.7115216e+00
  -1.4860920e+00
   4.6857359e-01
   1.8891322e+00
   1.1145559e+00
  -9.6433002e-01
  -1.9193096e+00
  -6.1724313e-01
   1.4317368e+00
   1.8194691e+00
   6.6504943e-02
  -1.7893870e+00
  -1.5676404e+00
   4.8580719e-01
   1.9680466e+00
   1.1369658e+00
  -1.0319161e+00
  -1.9860814e+00
  -6.0307302e-01
   1.4830796e+00
   1.8082857e+00
  -1.4005673e-02
  -1.8379655e+00
  -1.5175532e+00
   5.6760839e-01
   1.9684652e+00
   1.0526770e+00
  -1.0877164e+00
  -1.9390245e+00
  -5.2173369e-01
   1.4801973e+00
   1.7176832e+00
  -7.0727511e-02
  -1.7758344e+00
  -1.4038320e+00
   6.0052587e-01
   1.8957210e+00
   9.8456957e-01
  -1.0556800e+00
  -1.8491712e+00
  -4.8931363e-01
   1.4242611e+00
   1.6629432e+00
  -3.9740160e-02
  -1.6898212e+00
  -1.3592235e+00
   5.7142251e-01
   1.8551938e+00
   9.9164440e-01
  -1.0230333e+00
  -1.8466448e+00
  -5.1612808e-01
   1.4203506e+00
   1.6980590e+00
  -1.6210229e-02
  -1.7168773e+00
  -1.3964914e+00
   5.8792015e-01
   1.9073892e+00
   9.8861044e-01
  -1.1136300e+00
  -1.9295292e+00
  -4.8218874e-01
   1.5354581e+00
   1.7387515e+00
  -1.2372360e-01
  -1.8504060e+00
  -1.3851549e+00
   7.3084381e-01
   1.9823479e+00
   8.6599334e-01
  -1.3068114e+00
  -1.9551179e+00
  -2.9991855e-01
   1.6990401e+00
   1.6704990e+00
  -3.4514746e-01
  -1.9455674e+00
  -1.2307192e+00
   9.3713359e-01
   1.9702081e+00
   6.4220537e-01
  -1.4592380e+00
  -1.8338470e+00
  -4.2324927e-02
   1.7864954e+00
   1.4958529e+00
  -5.4897899e-01
  -1.9180187e+00
  -1.0069318e+00
   1.0808944e+00
   1.8677550e+00
   4.3815868e-01
  -1.4997982e+00
  -1.6534236e+00
   1.5034116e-01
   1.7800814e+00
   1.3232333e+00
  -6.7084654e-01
  -1.8546326e+00
  -8.4857848e-01
   1.1481584e+00
   1.7809078e+00
   3.1049433e-01
  -1.5231265e+00
  -1.5523588e+00
   2.6417846e-01
   1.7873641e+00
   1.2128541e+00
  -7.9652269e-01
  -1.8782161e+00
  -7.5145088e-01
   1.2591338e+00
   1.7732616e+00
   1.7195771e-01
  -1.6502026e+00
  -1.5175629e+00
   4.3200302e-01
   1.8834710e+00
   1.0880882e+00
  -1.0331600e+00
  -1.9578305e+00
  -5.6711086e-01
   1.4944825e+00
   1.7630850e+00
  -9.1999340e-02
  -1.8507718e+00
  -1.3937241e+00
   7.4223437e-01
   1.9898404e+00
   8.3457039e-01
  -1.3485783e+00
  -1.9348327e+00
  -2.0925056e-01
   1.7625547e+00
   1.6154723e+00
  -4.6676889e-01
  -1.9736601e+00
  -1.0947297e+00
   1.1017273e+00
   1.9641511e+00
   4.5664143e-01
  -1.5998780e+00
  -1.7302175e+00
   2.1720952e-01
   1.9018363e+00
   1.3139175e+00
  -8.2211217e-01
  -1.9402287e+00
  -7.1935021e-01
   1.3521355e+00
   1.7863159e+00
   7.8460093e-02
  -1.7114395e+00
  -1.4429606e+00
   5.5157992e-01
   1.8858722e+00
   9.7794646e-01
  -1.0768727e+00
  -1.8321314e+00
  -4.0741139e-01
   1.4808575e+00
   1.5800207e+00
  -2.1761985e-01
  -1.7591230e+00
  -1.2026208e+00
   7.8979930e-01
   1.8423694e+00
   6.9528113e-01
  -1.2920277e+00
  -1.7550385e+00
  -1.4125042e-01
   1.6240348e+00
   1.4287630e+00
  -4.9810802e-01
  -1.8462657e+00
  -9.8394957e-01
   1.0715006e+00
   1.8513307e+00
   3.9698070e-01
  -1.5637700e+00
  -1.6706795e+00
   2.2345988e-01
   1.8488131e+00
   1.2401094e+00
  -8.7735623e-01
  -1.9398711e+00
  -6.4300375e-01
   1.4563525e+00
   1.8054293e+00
  -4.2245910e-02
  -1.8587687e+00
  -1.4317194e+00
   7.3726078e-01
   2.0221183e+00
   8.6024837e-01
  -1.3361169e+00
  -1.8903804e+00
  -1.2474269e-01
   1.8060070e+00
   1.5399387e+00
  -6.0620677e-01
  -2.0186822e+00
  -9.7485990e-01
   1.2553682e+00
   1.9605196e+00
   2.9267376e-01
  -1.7085648e+00
  -1.6124431e+00
   4.4445689e-01
   1.9421981e+00
   1.0589747e+00
  -1.1190130e+00
  -1.9384280e+00
  -4.1174156e-01
   1.5982070e+00
   1.6587138e+00
  -2.8464983e-01
  -1.8669592e+00
  -1.1867497e+00
   9.0419593e-01
   1.8613207e+00
   5.3799336e-01
  -1.4452539e+00
  -1.6835852e+00
   1.0372408e-01
   1.7518912e+00
   1.2772576e+00
  -7.3605246e-01
  -1.8575503e+00
  -7.4686516e-01
   1.2414646e+00
   1.7051140e+00
   9.3258838e-02
  -1.6361496e+00
  -1.3849052e+00
   5.5048003e-01
   1.8337570e+00
   9.0851207e-01
  -1.1162863e+00
  -1.7965522e+00
  -3.0545567e-01
   1.5567747e+00
   1.5321653e+00
  -3.5480266e-01
  -1.8107035e+00
  -1.0499908e+00
   1.0198519e+00
   1.8782213e+00
   4.5675219e-01
  -1.5344208e+00
  -1.6670640e+00
   2.3786930e-01
   1.8647634e+00
   1.2180528e+00
  -9.2253144e-01
  -1.9326156e+00
  -5.5710680e-01
   1.5269199e+00
   1.7485185e+00
  -1.9077739e-01
  -1.9228873e+00
  -1.3113059e+00
   9.0718998e-01
   2.0086796e+00
   6.3285819e-01
  -1.5282111e+00
  -1.8068827e+00
   1.4430498e-01
   1.9132572e+00
   1.3047552e+00
  -9.3986578e-01
  -2.0507922e+00
  -6.5203320e-01
   1.5347553e+00
   1.8165507e+00
  -1.4460940e-01
  -1.9203656e+00
  -1.3230554e+00
   8.9516678e-01
   1.9850277e+00
   6.0427267e-01
  -1.5324952e+00
  -1.7848737e+00
   1.5327592e-01
   1.8910781e+00
   1.3005777e+00
  -8.7066450e-01
  -1.9441720e+00
  -6.1732700e-01
   1.4530193e+00
   1.7155899e+00
  -1.3520491e-01
  -1.8068989e+00
  -1.2454841e+00
   8.4911640e-01
   1.9048309e+00
   6.4094179e-01
  -1.3789788e+00
  -1.6848018e+00
   7.5305035e-02
   1.7267935e+00
   1.2489612e+00
  -7.5706686e-01
  -1.8228172e+00
  -6.4291407e-01
   1.3336556e+00
   1.6856527e+00
  -1.7328186e-02
  -1.6935919e+00
  -1.2989494e+00
   6.7439173e-01
   1.8037534e+00
   7.0427589e-01
  -1.2723779e+00
  -1.6925182e+00
  -2.8956643e-02
   1.6801787e+00
   1.3251251e+00
  -6.7612111e-01
  -1.8728480e+00
  -7.8732306e-01
   1.2538312e+00
   1.7355144e+00
   5.4804854e-02
  -1.7154978e+00
  -1.3729266e+00
   6.7937412e-01
   1.9041862e+00
   7.6330488e-01
  -1.3534367e+00
  -1.8231959e+00
  -4.4296523e-02
   1.7904898e+00
   1.3994733e+00
  -7.4037497e-01
  -1.9630514e+00
  -7.2834983e-01
   1.4378896e+00
   1.8259197e+00
  -7.1003510e-02
  -1.8985173e+00
  -1.3668170e+00
   8.7724776e-01
   2.0386153e+00
   6.6413181e-01
  -1.5283058e+00
  -1.7907280e+00
   2.0957285e-01
   1.9631915e+00
   1.2615223e+00
  -1.0262963e+00
  -2.0349904e+00
  -4.9604503e-01
   1.6671674e+00
   1.7493785e+00
  -3.4501460e-01
  -1.9869696e+00
  -1.1252187e+00
   1.1445143e+00
   1.9651664e+00
   3.0799424e-01
  -1.7441522e+00
  -1.6194151e+00
   5.1971717e-01
   1.9931620e+00
   9.6856227e-01
  -1.2559248e+00
  -1.8977018e+00
  -1.7596521e-01
   1.7326667e+00
   1.4393664e+00
  -6.7261139e-01
  -1.9508994e+00
  -8.0290297e-01
   1.3274785e+00
   1.7847788e+00
   1.7423040e-02
  -1.7574677e+00
  -1.3382428e+00
   7.2652281e-01
   1.8500809e+00
   6.4398792e-01
  -1.3677814e+00
  -1.6699389e+00
   1.0889372e-01
   1.7501271e+00
   1.2183380e+00
  -8.1363674e-01
  -1.8176801e+00
  -5.5849919e-01
   1.3830057e+00
   1.5897957e+00
  -1.8453913e-01
  -1.7189420e+00
  -1.0956839e+00
   9.1237147e-01
   1.8045138e+00
   4.6525967e-01
  -1.4444199e+00
  -1.5509422e+00
   2.7640658e-01
   1.7581874e+00
   1.0432811e+00
  -9.7697216e-01
  -1.7722634e+00
  -3.3440897e-01
   1.5471898e+00
   1.5087893e+00
  -4.2397832e-01
  -1.8454680e+00
  -9.7040925e-01
   1.1159580e+00
   1.7973406e+00
   2.0762043e-01
  -1.6609923e+00
  -1.4461686e+00
   6.0103540e-01
   1.9044199e+00
   7.9877404e-01
  -1.3480687e+00
  -1.8318630e+00
  -2.4516667e-02
   1.8064649e+00
   1.3443511e+00
  -8.3664710e-01
  -1.9740677e+00
  -6.1048646e-01
   1.5383211e+00
   1.7381904e+00
  -2.8806163e-01
  -1.9821224e+00
  -1.1838276e+00
   1.1121515e+00
   1.9985335e+00
   3.4671951e-01
  -1.7442020e+00
  -1.6074570e+00
   5.9076784e-01
   2.0493697e+00
   8.9790774e-01
  -1.4081242e+00
  -1.9302823e+00
   6.5389561e-03
   1.9441536e+00
   1.4195223e+00
  -8.9374439e-01
  -2.0437575e+00
  -5.6760878e-01
   1.6424968e+00
   1.7584515e+00
  -3.7059211e-01
  -2.0272964e+00
  -1.0979197e+00
   1.2315529e+00
   1.9948009e+00
   2.3027048e-01
  -1.8032696e+00
  -1.5200586e+00
   6.9804360e-01
   2.0067093e+00
   7.3860183e-01
  -1.4789919e+00
  -1.8164392e+00
   1.4814775e-01
   1.9070762e+00
   1.2310805e+00
  -1.0013545e+00
  -1.9465291e+00
  -4.2337119e-01
   1.6041762e+00
   1.5520690e+00
  -4.9628300e-01
  -1.9204144e+00
  -9.1225767e-01
   1.2360829e+00
   1.7971486e+00
   7.6442645e-02
  -1.7278262e+00
  -1.3356993e+00
   7.2924623e-01
   1.8325687e+00
   5.8584972e-01
  -1.4069983e+00
  -1.6078253e+00
   2.3301766e-01
   1.7768492e+00
   1.0741976e+00
  -9.7222650e-01
  -1.7689272e+00
  -3.2175762e-01
   1.5194616e+00
   1.4207823e+00
  -4.7881321e-01
  -1.7567274e+00
  -7.8681584e-01
   1.2006957e+00
   1.6841727e+00
   4.9118142e-02
  -1.6344079e+00
  -1.2374116e+00
   7.2941233e-01
   1.7654625e+00
   5.5526907e-01
  -1.3590328e+00
  -1.5351703e+00
   2.6089589e-01
   1.7467617e+00
   1.0207100e+00
  -1.0101099e+00
  -1.7689574e+00
  -2.8635504e-01
   1.5529276e+00
   1.4002248e+00
  -5.5668731e-01
  -1.8167195e+00
  -7.5426203e-01
   1.2862694e+00
   1.6882287e+00
  -8.7364567e-02
  -1.7860444e+00
  -1.2281385e+00
   8.8771252e-01
   1.8548465e+00
   4.2373271e-01
  -1.5743026e+00
  -1.5600950e+00
   4.6944134e-01
   1.9090615e+00
   8.8582090e-01
  -1.3080236e+00
  -1.8499396e+00
  -2.2482624e-02
   1.8357559e+00
   1.3270722e+00
  -9.0068824e-01
  -1.9669001e+00
  -4.7577721e-01
   1.6571825e+00
   1.6625453e+00
  -4.9088220e-01
  -2.0277983e+00
  -9.4681302e-01
   1.3715229e+00
   1.9310049e+00
   1.4969860e-03
  -1.9174121e+00
  -1.3284050e+00
   1.0125717e+00
   2.0609555e+00
   4.3683960e-01
  -1.7650915e+00
  -1.6827781e+00
   5.8919816e-01
   2.1073875e+00
   8.9938612e-01
  -1.4653678e+00
  -1.9104651e+00
   1.4251432e-01
   2.0147603e+00
   1.2569328e+00
  -1.1545285e+00
  -2.0822180e+00
  -3.1415783e-01
   1.8530911e+00
   1.6031576e+00
  -7.3242803e-01
  -2.1093408e+00
  -7.4037778e-01
   1.5781474e+00
   1.8153303e+00
  -3.3917788e-01
  -2.0741926e+00
  -1.1271514e+00
   1.2679622e+00
   1.9961578e+00
   1.2240716e-01
  -1.9010580e+00
  -1.4428434e+00
   8.8183849e-01
   2.0307724e+00
   5.1094255e-01
  -1.6841896e+00
  -1.6888128e+00
   4.9890956e-01
   2.0293822e+00
   9.2422389e-01
  -1.3584782e+00
  -1.8451511e+00
   7.7085534e-02
   1.8843566e+00
   1.2244802e+00
  -1.0249887e+00
  -1.9232078e+00
  -3.0602878e-01
   1.7137515e+00
   1.5158837e+00
  -6.2218880e-01
  -1.9118474e+00
  -6.9477034e-01
   1.4178425e+00
   1.6698614e+00
  -2.5035604e-01
  -1.8281925e+00
  -1.0132304e+00
   1.1224735e+00
   1.8010512e+00
   1.5507532e-01
  -1.6658807e+00
  -1.3086416e+00
   7.3406287e-01
   1.7916027e+00
   4.9901085e-01
  -1.4451459e+00
  -1.5086769e+00
   3.8233419e-01
   1.7651814e+00
   8.5074837e-01
  -1.1634591e+00
  -1.6666115e+00
  -2.5864856e-02
   1.6107141e+00
   1.1197731e+00
  -8.4450555e-01
  -1.7173814e+00
  -3.6338983e-01
   1.4556255e+00
   1.3783041e+00
  -4.9016789e-01
  -1.7233248e+00
  -7.2873234e-01
   1.1905363e+00
   1.5387419e+00
  -1.2721924e-01
  -1.6278175e+00
  -1.0011044e+00
   9.4303514e-01
   1.6758003e+00
   2.4016747e-01
  -1.5009078e+00
  -1.2854264e+00
   6.0397783e-01
   1.7060159e+00
   5.8609609e-01
  -1.2906492e+00
  -1.4658328e+00
   3.0158313e-01
   1.7090499e+00
   9.0919737e-01
  -1.0695496e+00
  -1.6506758e+00
  -7.1622774e-02
   1.6081961e+00
   1.1894016e+00
  -7.8502056e-01
  -1.7258498e+00
  -3.8568396e-01
   1.4895752e+00
   1.4315883e+00
  -5.0805177e-01
  -1.8011217e+00
  -7.4673894e-01
   1.2826719e+00
   1.6225231e+00
  -1.8367054e-01
  -1.7640106e+00
  -1.0253500e+00
   1.0771686e+00
   1.7717692e+00
   1.1809866e-01
  -1.7273416e+00
  -1.3301361e+00
   8.0410684e-01
   1.8695074e+00
   4.5254146e-01
  -1.5827956e+00
  -1.5364795e+00
   5.5161219e-01
   1.9260312e+00
   7.4831502e-01
  -1.4483783e+00
  -1.7588886e+00
   2.4813201e-01
   1.9318832e+00
   1.0598416e+00
  -1.2204362e+00
  -1.8789304e+00
  -2.1828538e-02
   1.8969482e+00
   1.3152111e+00
  -1.0204256e+00
  -2.0158512e+00
  -3.3202752e-01
   1.8131237e+00
   1.5706580e+00
  -7.4563150e-01
  -2.0541436e+00
  -5.9925976e-01
   1.6923643e+00
   1.7574775e+00
  -5.1625679e-01
  -2.1135753e+00
  -8.9644383e-01
   1.5306330e+00
   1.9372484e+00
  -2.2627463e-01
  -2.0778584e+00
  -1.1393345e+00
   1.3435336e+00
   2.0464382e+00
   7.8587984e-03
  -2.0653256e+00
  -1.3994793e+00
   1.1306048e+00
   2.1515760e+00
   2.9553759e-01
  -1.9592450e+00
  -1.5932219e+00
   9.0840765e-01
   2.1916025e+00
   5.2187479e-01
  -1.8787918e+00
  -1.7939928e+00
   6.7589726e-01
   2.2338954e+00
   7.9623785e-01
  -1.7098980e+00
  -1.9223845e+00
   4.4630103e-01
   2.2157835e+00
   1.0021431e+00
  -1.5750850e+00
  -2.0563481e+00
   2.1499884e-01
   2.2028274e+00
   1.2473143e+00
  -1.3636476e+00
  -2.1212558e+00
  -8.8300391e-03
   2.1303541e+00
   1.4142946e+00
  -1.1998486e+00
  -2.1976933e+00
  -2.3167428e-01
   2.0639743e+00
   1.6118244e+00
  -9.7284354e-01
  -2.2121056e+00
  -4.4502455e-01
   1.9402536e+00
   1.7251489e+00
  -8.0440438e-01
  -2.2434733e+00
  -6.5355533e-01
   1.8280540e+00
   1.8672656e+00
  -5.8006794e-01
  -2.2160356e+00
  -8.4690273e-01
   1.6669473e+00
   1.9276136e+00
  -4.1762020e-01
  -2.2059847e+00
  -1.0275627e+00
   1.5285427e+00
   2.0225235e+00
  -1.9997195e-01
  -2.1366036e+00
  -1.1852652e+00
   1.3526901e+00
   2.0425353e+00
  -4.3977459e-02
  -2.0843879e+00
  -1.3238336e+00
   1.2097176e+00
   2.1031291e+00
   1.6616438e-01
  -1.9753009e+00
  -1.4367761e+00
   1.0358770e+00
   2.0921756e+00
   3.1127914e-01
  -1.8888168e+00
  -1.5316365e+00
   8.9791395e-01
   2.1223053e+00
   5.0455262e-01
  -1.7541576e+00
  -1.6058096e+00
   7.2860196e-01
   2.0791828e+00
   6.2560403e-01
  -1.6519335e+00
  -1.6682560e+00
   5.9358119e-01
   2.0752670e+00
   7.8812724e-01
  -1.5109798e+00
  -1.7163408e+00
   4.2602365e-01
   1.9978141e+00
   8.7444922e-01
  -1.4089269e+00
  -1.7563384e+00
   2.9424808e-01
   1.9625016e+00
   1.0019364e+00
  -1.2711729e+00
  -1.7828055e+00
   1.3405875e-01
   1.8597851e+00
   1.0567694e+00
  -1.1715346e+00
  -1.7988949e+00
   1.6272137e-02
   1.8076956e+00
   1.1586094e+00
  -1.0336720e+00
  -1.7983888e+00
  -1.2320408e-01
   1.6968166e+00
   1.1940513e+00
  -9.3117299e-01
  -1.7850046e+00
  -2.1495555e-01
   1.6433809e+00
   1.2808115e+00
  -7.9005868e-01
  -1.7556326e+00
  -3.2672407e-01
   1.5344280e+00
   1.3024399e+00
  -6.8672717e-01
  -1.7170957e+00
  -3.9262673e-01
   1.4825976e+00
   1.3733260e+00
  -5.5036662e-01
  -1.6695640e+00
  -4.8369480e-01
   1.3721594e+00
   1.3751803e+00
  -4.5843924e-01
  -1.6206502e+00
  -5.3481352e-01
   1.3152170e+00
   1.4223797e+00
  -3.3966674e-01
  -1.5698449e+00
  -6.1614968e-01
   1.1974474e+00
   1.3989262e+00
  -2.6845621e-01
  -1.5214394e+00
  -6.5937085e-01
   1.1341151e+00
   1.4225178e+00
  -1.7005948e-01
  -1.4715489e+00
  -7.3147056e-01
   1.0140959e+00
   1.3806674e+00
  -1.1512823e-01
  -1.4209023e+00
  -7.6114507e-01
   9.5499941e-01
   1.3929885e+00
  -2.7357593e-02
  -1.3645598e+00
  -8.1491930e-01
   8.4577715e-01
   1.3469749e+00
   2.2523451e-02
  -1.3036946e+00
  -8.2263891e-01
   8.0214704e-01
   1.3598281e+00
   1.0806496e-01
  -1.2364742e+00
  -8.5430149e-01
   7.0941933e-01
   1.3155460e+00
   1.5530901e-01
  -1.1672317e+00
  -8.4312619e-01
   6.7967251e-01
   1.3276313e+00
   2.3426700e-01
  -1.0974538e+00
  -8.6220235e-01
   5.9550117e-01
   1.2779990e+00
   2.6964334e-01
  -1.0322413e+00
  -8.4524714e-01
   5.6862285e-01
   1.2800403e+00
   3.3175791e-01
  -9.7230821e-01
  -8.6414647e-01
   4.8331790e-01
   1.2179840e+00
   3.4830200e-01
  -9.1929958e-01
  -8.4903462e-01
   4.5479252e-01
   1.2086284e+00
   3.9303149e-01
  -8.7043409e-01
  -8.6829558e-01
   3.7083262e-01
   1.1397911e+00
   3.9732760e-01
  -8.2375147e-01
  -8.4886211e-01
   3.4921284e-01
   1.1301984e+00
   4.3635799e-01
  -7.7548739e-01
  -8.5855163e-01
   2.7790285e-01
   1.0675702e+00
   4.4118891e-01
  -7.2431414e-01
  -8.2547479e-01
   2.7278888e-01
   1.0680693e+00
   4.8393258e-01
  -6.6983831e-01
  -8.2102981e-01
   2.1814747e-01
   1.0157492e+00
   4.9212267e-01
  -6.1416437e-01
  -7.7681894e-01
   2.2618642e-01
   1.0229505e+00
   5.3409545e-01
  -5.6042797e-01
  -7.6739210e-01
   1.7850208e-01
   9.7162273e-01
   5.3592632e-01
  -5.1160272e-01
  -7.2481137e-01
   1.8708114e-01
   9.7409688e-01
   5.6626866e-01
  -4.7003718e-01
  -7.2228901e-01
   1.3543655e-01
   9.1483583e-01
   5.5429041e-01
  -4.3515770e-01
  -6.8811868e-01
   1.3931268e-01
   9.0981463e-01
   5.7221848e-01
  -4.0571622e-01
  -6.9184295e-01
   8.5962636e-02
   8.4728467e-01
   5.5300562e-01
  -3.7749313e-01
  -6.5847135e-01
   9.3834896e-02
   8.4524959e-01
   5.7028716e-01
  -3.4832528e-01
  -6.5702124e-01
   5.0371693e-02
   7.9184053e-01
   5.5658391e-01
  -3.1480650e-01
  -6.1383941e-01
   7.2022802e-02
   8.0237455e-01
   5.8227624e-01
  -2.7839787e-01
  -6.0175192e-01
   4.2367712e-02
   7.6115357e-01
   5.7613653e-01
  -2.3937974e-01
  -5.5081809e-01
   7.4026052e-02
   7.7954756e-01
   6.0461277e-01
  -2.0292271e-01
  -5.3715654e-01
   4.7832328e-02
   7.3973000e-01
   5.9497869e-01
  -1.7023266e-01
  -4.9130391e-01
   7.6241844e-02
   7.5316171e-01
   6.1408924e-01
  -1.4562075e-01
  -4.8793979e-01
   4.2170041e-02
   7.0473097e-01
   5.9249671e-01
  -1.2658678e-01
  -4.5366191e-01
   6.2044400e-02
   7.0977993e-01
   6.0084068e-01
  -1.1367565e-01
  -4.5931864e-01
   2.2705490e-02
   6.5717793e-01
   5.7361377e-01
  -1.0063933e-01
  -4.2814627e-01
   4.3369411e-02
   6.6437699e-01
   5.8290312e-01
  -8.7126879e-02
  -4.3051919e-01
   1.1014965e-02
   6.2007114e-01
   5.6267692e-01
  -6.7848972e-02
  -3.9118480e-01
   4.2689620e-02
   6.3886008e-01
   5.8157793e-01
  -4.6306229e-02
  -3.8456947e-01
   2.1282291e-02
   6.0540134e-01
   5.6961462e-01
  -2.1125254e-02
  -3.3936214e-01
   5.9811610e-02
   6.3018459e-01
   5.9134881e-01
   3.3469504e-04
  -3.3341666e-01
   3.8327518e-02
   5.9569134e-01
   5.7526899e-01
   1.8509670e-02
  -2.9589182e-01
   6.9733688e-02
   6.1259787e-01
   5.8646625e-01
   2.7030539e-02
  -3.0305788e-01
   3.6338163e-02
   5.6631388e-01
   5.5693797e-01
   3.0267107e-02
  -2.7990776e-01
   5.5258446e-02
   5.7165650e-01
   5.5581962e-01
   2.5857277e-02
  -2.9865846e-01
   1.2945120e-02
   5.1823339e-01
   5.1925011e-01
   2.2086637e-02
  -2.8080700e-01
   2.9418731e-02
   5.2307207e-01
   5.1788764e-01
   1.7524205e-02
  -2.9810001e-01
  -8.7598911e-03
   4.7556113e-01
   4.8727964e-01
   1.9394953e-02
  -2.7368039e-01
   1.6108605e-02
   4.8971606e-01
   4.9446901e-01
   2.2225542e-02
  -2.8355436e-01
  -1.3714048e-02
   4.5068992e-01
   4.7085258e-01
   2.9134671e-02
  -2.5499384e-01
   1.5271668e-02
   4.6824478e-01
   4.7927486e-01
   3.0691510e-02
  -2.6751200e-01
  -1.7560326e-02
   4.2534873e-01
   4.4964091e-01
   2.9133759e-02
  -2.4876833e-01
   1.2901916e-03
   4.3210586e-01
   4.4551550e-01
   1.6236783e-02
  -2.7645588e-01
  -4.6283308e-02
   3.7470278e-01
   4.0062605e-01
  -1.5032730e-03
  -2.7373926e-01
  -4.2231583e-02
   3.6772816e-01
   3.8292801e-01
  -2.7966473e-02
  -3.1393642e-01
  -1.0021106e-01
   3.0186234e-01
   3.3056968e-01
  -5.2488092e-02
  -3.1649595e-01
  -9.9079953e-02
   2.9406708e-01
   3.1316305e-01
  -7.7919095e-02
  -3.5420657e-01
  -1.5236049e-01
   2.3479895e-01
   2.6823229e-01
  -9.4719935e-02
  -3.4826045e-01
  -1.4135714e-01
   2.3786330e-01
   2.6161382e-01
  -1.0996123e-01
  -3.7589918e-01
  -1.8409340e-01
   1.8927925e-01
   2.2648389e-01
  -1.1840288e-01
  -3.6263212e-01
  -1.6625050e-01
   1.9844112e-01
   2.2434627e-01
  -1.3118462e-01
  -3.8929683e-01
  -2.0880164e-01
   1.4915427e-01
   1.8689158e-01
  -1.4390943e-01
  -3.8172344e-01
  -1.9733065e-01
   1.5128445e-01
   1.7650518e-01
  -1.6632265e-01
  -4.1871948e-01
  -2.5006095e-01
   9.2106081e-02
   1.2896787e-01
  -1.8949101e-01
  -4.2133981e-01
  -2.4774818e-01
   8.6245882e-02
   1.1132545e-01
  -2.1855943e-01
  -4.6378179e-01
  -3.0395483e-01
   2.5657333e-02
   6.3936238e-02
  -2.4030418e-01
  -4.6330310e-01
  -2.9630582e-01
   2.7335827e-02
   5.5455025e-02
  -2.5893462e-01
  -4.9371388e-01
  -3.3841903e-01
  -1.7222749e-02
   2.5340253e-02
  -2.6267001e-01
  -4.7437517e-01
  -3.1076429e-01
   5.3887423e-03
   3.8011105e-02
  -2.6042468e-01
  -4.8405776e-01
  -3.3198564e-01
  -1.8306241e-02
   2.8039014e-02
  -2.4525716e-01
  -4.4697774e-01
  -2.8746092e-01
   2.0170133e-02
   5.5010546e-02
  -2.3062970e-01
  -4.4595748e-01
  -2.9921311e-01
   4.7290288e-03
   5.1646395e-02
  -2.1077561e-01
  -4.0583351e-01
  -2.5279047e-01
   4.4084540e-02
   7.8212137e-02
  -1.9793523e-01
  -4.0754409e-01
  -2.6758823e-01
   2.5517000e-02
   7.1437957e-02
  -1.8187228e-01
  -3.7120921e-01
  -2.2438224e-01
   6.2445107e-02
   9.6189232e-02
  -1.7029662e-01
  -3.7324189e-01
  -2.3801094e-01
   4.6702188e-02
   9.3622742e-02
  -1.4886155e-01
  -3.3017835e-01
  -1.8636899e-01
   9.3789264e-02
   1.2988967e-01
  -1.2470192e-01
  -3.1844273e-01
  -1.8478516e-01
   9.4613368e-02
   1.4474765e-01
  -8.5441418e-02
  -2.5722786e-01
  -1.1457428e-01
   1.6049570e-01
   1.9951060e-01
  -4.3525918e-02
  -2.2852346e-01
  -9.6688718e-02
   1.7678835e-01
   2.2848879e-01
   8.0493259e-03
  -1.5687648e-01
  -1.7811543e-02
   2.4946840e-01
   2.8780051e-01
   5.1984508e-02
  -1.2857310e-01
  -2.4536747e-03
   2.6116538e-01
   3.0986763e-01
   9.4145978e-02
  -6.8670306e-02
   6.2715718e-02
   3.1835104e-01
   3.5181959e-01
   1.1886000e-01
  -6.1096737e-02
   5.6352927e-02
   3.0762650e-01
   3.5074925e-01
   1.3717782e-01
  -2.5430101e-02
   9.7365250e-02
   3.4100800e-01
   3.6925636e-01
   1.3885154e-01
  -4.0159691e-02
   6.9892905e-02
   3.1058479e-01
   3.4979860e-01
   1.3997887e-01
  -2.0351042e-02
   9.6640630e-02
   3.3135649e-01
   3.5714537e-01
   1.3175173e-01
  -4.3660226e-02
   6.2081599e-02
   2.9528882e-01
   3.3313847e-01
   1.2906215e-01
  -2.7062150e-02
   8.6232074e-02
   3.1392094e-01
   3.3842111e-01
   1.1849806e-01
  -5.3071380e-02
   4.8653213e-02
   2.7438454e-01
   3.1012268e-01
   1.1033282e-01
  -4.3242902e-02
   6.4791443e-02
   2.8370091e-01
   3.0454830e-01
   8.7191910e-02
  -8.3460530e-02
   1.1613402e-02
   2.2728062e-01
   2.5797734e-01
   5.9283774e-02
  -9.4683875e-02
   5.7128313e-03
   2.1379698e-01
   2.2890285e-01
   1.2050783e-02
  -1.5924088e-01
  -7.1577650e-02
   1.3382368e-01
   1.5945116e-01
  -3.7962762e-02
  -1.9149605e-01
  -9.7017418e-02
   1.0259372e-01
   1.1453621e-01
  -9.9012072e-02
  -2.6754473e-01
  -1.8308909e-01
   1.6768848e-02
   4.2140022e-02
  -1.4913253e-01
  -2.9699011e-01
  -2.0263676e-01
  -5.4531609e-03
   9.1873259e-03
  -1.9544127e-01
  -3.5554068e-01
  -2.6840184e-01
  -6.8270805e-02
  -3.7836016e-02
  -2.1820128e-01
  -3.5586996e-01
  -2.5721306e-01
  -5.8372887e-02
  -3.7680923e-02
  -2.3079907e-01
  -3.8031823e-01
  -2.8859652e-01
  -8.6754930e-02
  -5.0618115e-02
  -2.2023259e-01
  -3.4831860e-01
  -2.4618454e-01
  -4.6902165e-02
  -2.2050246e-02
  -2.0618997e-01
  -3.4793634e-01
  -2.5446151e-01
  -5.3895124e-02
  -1.5454946e-02
  -1.7807801e-01
  -3.0033511e-01
  -1.9821595e-01
  -1.8439655e-03
   2.3706601e-02
  -1.5498059e-01
  -2.9220047e-01
  -1.9970409e-01
  -2.7642802e-03
   3.5745663e-02
  -1.2198680e-01
  -2.4008014e-01
  -1.3900871e-01
   5.3889698e-02
   7.9755376e-02
  -9.3707375e-02
  -2.2621888e-01
  -1.3395506e-01
   6.0475324e-02
   1.0022731e-01
  -5.1445649e-02
  -1.6399513e-01
  -6.2257880e-02
   1.2900446e-01
   1.5682016e-01
  -1.0060073e-02
  -1.3658642e-01
  -4.3247086e-02
   1.4981021e-01
   1.9145585e-01
   4.5944476e-02
  -6.1306564e-02
   4.0631820e-02
   2.2940150e-01
   2.5764247e-01
   9.5118627e-02
  -2.8120946e-02
   6.3285397e-02
   2.5152419e-01
   2.9095443e-01
   1.4684054e-01
   3.9732596e-02
   1.3652557e-01
   3.1718444e-01
   3.3978083e-01
   1.7513637e-01
   4.8589150e-02
   1.3157654e-01
   3.0856976e-01
   3.3926472e-01
   1.8999597e-01
   7.6739756e-02
   1.6258449e-01
   3.2977360e-01
   3.4166000e-01
   1.7017192e-01
   3.6206235e-02
   1.0747794e-01
   2.7067616e-01
   2.9065869e-01
   1.3484319e-01
   1.4856036e-02
   9.0135165e-02
   2.4509546e-01
   2.4815620e-01
   7.2317364e-02
  -6.5795682e-02
  -2.0854770e-03
   1.5220559e-01
   1.6684356e-01
   1.0251583e-02
  -1.1016982e-01
  -3.8567818e-02
   1.1146672e-01
   1.1314447e-01
  -5.9562813e-02
  -1.9420024e-01
  -1.3023730e-01
   2.2972888e-02
   3.9835392e-02
  -1.1031559e-01
  -2.2419872e-01
  -1.4948226e-01
   2.0834618e-03
   8.2634864e-03
  -1.5606234e-01
  -2.8247362e-01
  -2.1390807e-01
  -5.7939241e-02
  -3.5712278e-02
  -1.7700191e-01
  -2.8247091e-01
  -2.0316881e-01
  -4.9068551e-02
  -3.7993043e-02
  -1.9413484e-01
  -3.1290140e-01
  -2.4052870e-01
  -8.2841555e-02
  -5.6648025e-02
  -1.9079241e-01
  -2.8966506e-01
  -2.0752045e-01
  -5.2578056e-02
  -3.8358417e-02
  -1.8809434e-01
  -3.0082185e-01
  -2.2591949e-01
  -6.7507010e-02
  -3.8187511e-02
  -1.6587366e-01
  -2.5852302e-01
  -1.7347921e-01
  -1.7288581e-02
   6.6218755e-04
  -1.4194028e-01
  -2.4764611e-01
  -1.6890420e-01
  -8.2464426e-03
   2.5727552e-02
  -9.4037908e-02
  -1.7898818e-01
  -8.9513181e-02
   6.9376980e-02
   9.2215105e-02
  -4.2478926e-02
  -1.4069980e-01
  -5.7926382e-02
   1.0476888e-01
   1.4259157e-01
   2.9275011e-02
  -5.0024360e-02
   4.1324425e-02
   1.9975588e-01
   2.2356686e-01
   9.2085764e-02
  -3.9941884e-03
   7.6932213e-02
   2.3521385e-01
   2.6976232e-01
   1.5512829e-01
   7.3251467e-02
   1.5794683e-01
   3.0710676e-01
   3.2274303e-01
   1.8506395e-01
   8.1667101e-02
   1.5143615e-01
   2.9618439e-01
   3.1850552e-01
   1.9385429e-01
   1.0117518e-01
   1.7166060e-01
   3.0469988e-01
   3.0598589e-01
   1.5667334e-01
   4.1455169e-02
   9.6650695e-02
   2.2553822e-01
   2.3431683e-01
   9.9360781e-02
  -3.2485518e-03
   5.5154280e-02
   1.7539540e-01
   1.6671070e-01
   1.1151052e-02
  -1.0943225e-01
  -6.1256157e-02
   6.0300157e-02
   6.4844450e-02
  -7.0437914e-02
  -1.7232277e-01
  -1.1469485e-01
   4.5440894e-03
  -2.0584929e-03
  -1.5169473e-01
  -2.6537570e-01
  -2.1189623e-01
  -8.5464921e-02
  -7.3295049e-02
  -1.9752248e-01
  -2.8778943e-01
  -2.2055264e-01
  -9.2583495e-02
  -8.8214742e-02
  -2.2397236e-01
  -3.2369494e-01
  -2.5872744e-01
  -1.2219297e-01
  -9.8256642e-02
  -2.0840565e-01
  -2.8505429e-01
  -2.0714301e-01
  -7.0334686e-02
  -5.5909984e-02
  -1.7970042e-01
  -2.6822508e-01
  -1.9524113e-01
  -5.2760081e-02
  -2.1922532e-02
  -1.2350266e-01
  -1.9251249e-01
  -1.1021666e-01
   2.8874371e-02
   4.6520403e-02
  -7.2348259e-02
  -1.5676302e-01
  -8.2745987e-02
   5.8831422e-02
   8.9821169e-02
  -9.7982098e-03
  -7.7503070e-02
   3.2268718e-03
   1.3902335e-01
   1.5461452e-01
   3.5688287e-02
  -4.9212829e-02
   2.1686739e-02
   1.5860227e-01
   1.8626583e-01
   8.5364523e-02
   1.6004945e-02
   9.2520410e-02
   2.2260400e-01
   2.3381839e-01
   1.1254705e-01
   2.4939437e-02
   9.0589137e-02
   2.2071815e-01
   2.4281278e-01
   1.3821878e-01
   6.4674588e-02
   1.3436870e-01
   2.5600485e-01
   2.5988912e-01
   1.3308745e-01
   3.9442990e-02
   9.6450227e-02
   2.1633180e-01
   2.2928334e-01
   1.1734047e-01
   3.6001288e-02
   9.5431996e-02
   2.0537985e-01
   1.9888547e-01
   6.3758324e-02
  -3.8314357e-02
   8.2023196e-03
   1.1657711e-01
   1.1971267e-01
   3.9305322e-04
  -8.7985453e-02
  -3.7158667e-02
   6.3684971e-02
   5.0287000e-02
  -8.8781161e-02
  -1.9389853e-01
  -1.5142420e-01
  -4.7080774e-02
  -4.5354482e-02
  -1.6276211e-01
  -2.4799207e-01
  -1.9469066e-01
  -9.1092461e-02
  -9.8922790e-02
  -2.2896952e-01
  -3.2373188e-01
  -2.7153850e-01
  -1.5727401e-01
  -1.4303480e-01
  -2.4480771e-01
  -3.1346157e-01
  -2.4466134e-01
  -1.2587973e-01
  -1.1654061e-01
  -2.2696166e-01
  -3.0185022e-01
  -2.3159343e-01
  -1.0039797e-01
  -6.8158508e-02
  -1.5044969e-01
  -2.0034740e-01
  -1.1555329e-01
   1.7143174e-02
   4.0521318e-02
  -5.5288889e-02
  -1.1713043e-01
  -3.7363351e-02
   1.0051320e-01
   1.3881848e-01
   6.2476717e-02
   1.6383672e-02
   1.0099026e-01
   2.3032084e-01
   2.4946602e-01
   1.4917763e-01
   8.0733382e-02
   1.5005787e-01
   2.7454934e-01
   2.9889746e-01
   2.0873442e-01
   1.4720451e-01
   2.1317623e-01
   3.2167302e-01
   3.2023571e-01
   2.0041475e-01
   1.1183841e-01
   1.5892136e-01
   2.6007432e-01
   2.6241548e-01
   1.5236955e-01
   7.1456479e-02
   1.1705742e-01
   2.0519468e-01
   1.8579767e-01
   5.1175803e-02
  -5.0692438e-02
  -1.6934668e-02
   7.1747426e-02
   6.4718092e-02
  -5.0962461e-02
  -1.3551138e-01
  -9.3171742e-02
  -7.1414287e-03
  -2.5368206e-02
  -1.5501381e-01
  -2.4992447e-01
  -2.0895598e-01
  -1.1217554e-01
  -1.0825824e-01
  -2.0974483e-01
  -2.7875794e-01
  -2.2133004e-01
  -1.2009657e-01
  -1.2111852e-01
  -2.3120451e-01
  -3.0612291e-01
  -2.4654142e-01
  -1.3201812e-01
  -1.0940301e-01
  -1.9090754e-01
  -2.4054730e-01
  -1.6611421e-01
  -4.9689795e-02
  -3.5465937e-02
  -1.2985217e-01
  -1.9041460e-01
  -1.1949493e-01
   3.9528714e-03
   3.4983484e-02
  -3.8150833e-02
  -8.1156077e-02
  -3.3772386e-03
   1.1381208e-01
   1.2821690e-01
   3.3996924e-02
  -2.7986433e-02
   3.8468377e-02
   1.5516570e-01
   1.7918193e-01
   9.9380436e-02
   4.8555900e-02
   1.1598377e-01
   2.2110119e-01
   2.2376844e-01
   1.1879562e-01
   4.5589921e-02
   9.8992597e-02
   2.0159013e-01
   2.1245863e-01
   1.2107210e-01
   5.8762263e-02
   1.1344163e-01
   2.0530618e-01
   1.9617839e-01
   8.1451416e-02
  -9.4742131e-04
   4.2424219e-02
   1.3483596e-01
   1.3723154e-01
   3.9596389e-02
  -2.8251196e-02
   2.0183120e-02
   1.0574744e-01
   9.2094639e-02
  -2.4891533e-02
  -1.0880173e-01
  -6.7629380e-02
   2.2496135e-02
   2.4283823e-02
  -7.1829766e-02
  -1.3754402e-01
  -8.7784050e-02
  -1.0945217e-03
  -1.2057120e-02
  -1.2432231e-01
  -2.0297041e-01
  -1.5740205e-01
  -6.3163271e-02
  -5.5821237e-02
  -1.4449478e-01
  -2.0236023e-01
  -1.4572615e-01
  -5.2544617e-02
  -5.5675067e-02
  -1.5831621e-01
  -2.2701046e-01
  -1.7254709e-01
  -6.9923736e-02
  -5.3049928e-02
  -1.3063993e-01
  -1.7734771e-01
  -1.1087553e-01
  -8.6453346e-03
  -1.8862873e-03
  -9.3409484e-02
  -1.5124179e-01
  -8.7588720e-02
   2.3026539e-02
   4.8254917e-02
  -2.0276695e-02
  -5.8715240e-02
   1.3830471e-02
   1.2041813e-01
   1.3138347e-01
   4.4278749e-02
  -1.0376574e-02
   5.3836421e-02
   1.6287966e-01
   1.8596674e-01
   1.1511370e-01
   7.2787091e-02
   1.3859101e-01
   2.3615474e-01
   2.3746312e-01
   1.4056003e-01
   7.4694502e-02
   1.2510199e-01
   2.1838901e-01
   2.2547668e-01
   1.3894965e-01
   8.0111515e-02
   1.2750034e-01
   2.0549360e-01
   1.8787398e-01
   7.3345437e-02
  -9.9165215e-03
   2.2319245e-02
   9.7423956e-02
   8.8103567e-02
  -1.2406864e-02
  -8.3871233e-02
  -4.8752824e-02
   1.8068425e-02
  -7.8853832e-03
  -1.2731357e-01
  -2.1317140e-01
  -1.8232485e-01
  -1.0680296e-01
  -1.1233263e-01
  -2.0524920e-01
  -2.6659462e-01
  -2.2007224e-01
  -1.4011965e-01
  -1.4981572e-01
  -2.4959238e-01
  -3.1383853e-01
  -2.6082935e-01
  -1.6234652e-01
  -1.4291973e-01
  -2.0879068e-01
  -2.4256517e-01
  -1.6945664e-01
  -6.3744929e-02
  -4.7386851e-02
  -1.2076604e-01
  -1.5985144e-01
  -8.4436064e-02
   3.3843398e-02
   7.1578029e-02
   2.2616285e-02
   2.8699724e-03
   8.5744630e-02
   1.9726052e-01
   2.1675449e-01
   1.4413449e-01
   1.0217482e-01
   1.6992727e-01
   2.7626470e-01
   2.9927739e-01
   2.3333452e-01
   1.9335295e-01
   2.5185845e-01
   3.3564686e-01
   3.2580749e-01
   2.2301767e-01
   1.4929460e-01
   1.8301303e-01
   2.5397232e-01
   2.4212657e-01
   1.4271340e-01
   6.9989474e-02
   9.5881473e-02
   1.4815035e-01
   1.0974762e-01
  -1.7812175e-02
  -1.1323548e-01
  -9.8862081e-02
  -4.4106558e-02
  -6.7378676e-02
  -1.7284502e-01
  -2.4721428e-01
  -2.1952734e-01
  -1.6151617e-01
  -1.8889412e-01
  -2.9985900e-01
  -3.7439595e-01
  -3.3614557e-01
  -2.5437577e-01
  -2.4652875e-01
  -3.1682419e-01
  -3.5354605e-01
  -2.8729706e-01
  -1.8990112e-01
  -1.7631618e-01
  -2.4496502e-01
  -2.7753889e-01
  -1.9934614e-01
  -7.9836957e-02
  -3.5756470e-02
  -7.1546292e-02
  -7.7119407e-02
   1.5391462e-02
   1.3416027e-01
   1.6514626e-01
   1.0997168e-01
   8.5623866e-02
   1.6559039e-01
   2.8074739e-01
   3.1560733e-01
   2.6614819e-01
   2.4155051e-01
   3.0891409e-01
   3.9717418e-01
   3.9397349e-01
   3.0177273e-01
   2.3705499e-01
   2.7290154e-01
   3.4125298e-01
   3.2855885e-01
   2.3186159e-01
   1.6004322e-01
   1.7996676e-01
   2.2174538e-01
   1.7501291e-01
   4.3295504e-02
  -5.7278168e-02
  -5.3993856e-02
  -1.3946832e-02
  -4.8977768e-02
  -1.6129801e-01
  -2.4272127e-01
  -2.2712177e-01
  -1.8383179e-01
  -2.2195189e-01
  -3.3767391e-01
  -4.1604533e-01
  -3.8559496e-01
  -3.1339689e-01
  -3.1056504e-01
  -3.7953881e-01
  -4.1376932e-01
  -3.4878958e-01
  -2.5428900e-01
  -2.3897685e-01
  -2.9955227e-01
  -3.2292095e-01
  -2.3944488e-01
  -1.1668902e-01
  -6.5452780e-02
  -8.8675324e-02
  -8.1561884e-02
   1.8710765e-02
   1.4221997e-01
   1.8089204e-01
   1.3791503e-01
   1.2507307e-01
   2.1083891e-01
   3.2791079e-01
   3.6664472e-01
   3.2454832e-01
   3.0570785e-01
   3.7240490e-01
   4.5560069e-01
   4.4898246e-01
   3.5677122e-01
   2.9059586e-01
   3.1888239e-01
   3.7563156e-01
   3.5330765e-01
   2.5074465e-01
   1.7211820e-01
   1.7984407e-01
   2.0628446e-01
   1.4724620e-01
   8.2052223e-03
  -9.9278098e-02
  -1.0690169e-01
  -7.9627517e-02
  -1.2332332e-01
  -2.3840942e-01
  -3.2132674e-01
  -3.1037125e-01
  -2.7277567e-01
  -3.1173367e-01
  -4.2171200e-01
  -4.9246714e-01
  -4.5712390e-01
  -3.8096501e-01
  -3.6956992e-01
  -4.2396216e-01
  -4.4248647e-01
  -3.6537703e-01
  -2.6062700e-01
  -2.3150330e-01
  -2.7334696e-01
  -2.7799653e-01
  -1.8061060e-01
  -4.7249981e-02
   1.6506970e-02
   8.9517674e-03
   2.9971016e-02
   1.3772135e-01
   2.6394778e-01
   3.0598207e-01
   2.6847227e-01
   2.5854667e-01
   3.4020829e-01
   4.4791973e-01
   4.7749974e-01
   4.2804906e-01
   3.9925924e-01
   4.4928105e-01
   5.1118150e-01
   4.8443664e-01
   3.7518936e-01
   2.9097975e-01
   2.9630704e-01
   3.2733555e-01
   2.8228931e-01
   1.6192207e-01
   6.6398763e-02
   5.4320473e-02
   6.0288822e-02
  -1.4104596e-02
  -1.6146899e-01
  -2.7430967e-01
  -2.8831509e-01
  -2.6654046e-01
  -3.0949186e-01
  -4.1606867e-01
  -4.8708149e-01
  -4.6506734e-01
  -4.1561027e-01
  -4.3681609e-01
  -5.2189414e-01
  -5.6523835e-01
  -5.0455019e-01
  -4.0389697e-01
  -3.6423193e-01
  -3.8569106e-01
  -3.7147277e-01
  -2.6648550e-01
  -1.3754693e-01
  -8.3291544e-02
  -9.8100453e-02
  -7.8547606e-02
   3.5630005e-02
   1.7958455e-01
   2.5240949e-01
   2.5350675e-01
   2.7834062e-01
   3.8092128e-01
   4.9468726e-01
   5.2214822e-01
   4.6960165e-01
   4.4029467e-01
   4.9455045e-01
   5.6887390e-01
   5.6454435e-01
   4.8262942e-01
   4.1933748e-01
   4.2957206e-01
   4.4883840e-01
   3.8240807e-01
   2.3867157e-01
   1.2188405e-01
   9.3342872e-02
   9.1507571e-02
   2.0125638e-02
  -1.1809370e-01
  -2.2652625e-01
  -2.5002451e-01
  -2.5199608e-01
  -3.2569441e-01
  -4.6218637e-01
  -5.5799027e-01
  -5.5283410e-01
  -5.0850229e-01
  -5.2112812e-01
  -5.8879349e-01
  -6.1692236e-01
  -5.5258896e-01
  -4.6054964e-01
  -4.3493233e-01
  -4.6845478e-01
  -4.6039502e-01
  -3.5326185e-01
  -2.1058725e-01
  -1.2959599e-01
  -1.1002929e-01
  -5.9857803e-02
   7.1490261e-02
   2.1813431e-01
   2.8566101e-01
   2.8066949e-01
   3.0245918e-01
   4.0740680e-01
   5.3218231e-01
   5.8067392e-01
   5.5392019e-01
   5.4403645e-01
   6.0199794e-01
   6.6361135e-01
   6.3699453e-01
   5.3084860e-01
   4.4575222e-01
   4.3951250e-01
   4.5131916e-01
   3.8822149e-01
   2.5379150e-01
   1.4165540e-01
   1.0423779e-01
   7.9657549e-02
  -2.1242947e-02
  -1.8788746e-01
  -3.1906029e-01
  -3.5658990e-01
  -3.6025493e-01
  -4.2172200e-01
  -5.3709692e-01
  -6.1374059e-01
  -6.0053174e-01
  -5.6000738e-01
  -5.8171724e-01
  -6.5639178e-01
  -6.8535405e-01
  -6.1318750e-01
  -5.0165109e-01
  -4.4396014e-01
  -4.3847063e-01
  -3.9578009e-01
  -2.6796248e-01
  -1.1971597e-01
  -4.2058055e-02
  -2.7625270e-02
   1.9620363e-02
   1.5273062e-01
   3.0882886e-01
   3.9447931e-01
   4.1086517e-01
   4.4637382e-01
   5.4833075e-01
   6.5277756e-01
   6.7038348e-01
   6.0996705e-01
   5.6842920e-01
   6.0000960e-01
   6.4422615e-01
   6.1082428e-01
   5.0376079e-01
   4.1340787e-01
   3.8917256e-01
   3.7012456e-01
   2.7046688e-01
   1.0185253e-01
  -3.7072754e-02
  -9.0536544e-02
  -1.1684513e-01
  -2.0384810e-01
  -3.4611871e-01
  -4.5310215e-01
  -4.7559005e-01
  -4.7421045e-01
  -5.3433483e-01
  -6.4488269e-01
  -7.0909106e-01
  -6.7343829e-01
  -5.9792478e-01
  -5.7185890e-01
  -5.9209709e-01
  -5.7145418e-01
  -4.6420466e-01
  -3.3362750e-01
  -2.6721509e-01
  -2.5652071e-01
  -2.0818475e-01
  -7.1891906e-02
   9.0285821e-02
   1.8780097e-01
   2.2234786e-01
   2.7918017e-01
   4.0254049e-01
   5.2900557e-01
   5.7192752e-01
   5.4049546e-01
   5.2838181e-01
   5.8665427e-01
   6.5526705e-01
   6.4658228e-01
   5.6496481e-01
   4.9773587e-01
   4.9142502e-01
   4.8590253e-01
   3.9839349e-01
   2.4139081e-01
   1.1091497e-01
   6.0229456e-02
   3.2115399e-02
  -5.8015197e-02
  -2.0363864e-01
  -3.1651767e-01
  -3.4961760e-01
  -3.6216102e-01
  -4.3598216e-01
  -5.5867968e-01
  -6.3566085e-01
  -6.1554749e-01
  -5.5703408e-01
  -5.4607463e-01
  -5.7839376e-01
  -5.6912545e-01
  -4.7480546e-01
  -3.5752496e-01
  -3.0155385e-01
  -2.9745857e-01
  -2.5437245e-01
  -1.2447603e-01
   3.1044905e-02
   1.2454698e-01
   1.5845410e-01
   2.1537680e-01
   3.3700760e-01
   4.6081589e-01
   5.0310457e-01
   4.7387107e-01
   4.6422997e-01
   5.2274890e-01
   5.9027273e-01
   5.8209876e-01
   5.0343686e-01
   4.3917409e-01
   4.3353005e-01
   4.2747820e-01
   3.4138550e-01
   1.8877554e-01
   6.3369491e-02
   1.6161720e-02
  -9.0326003e-03
  -9.3798225e-02
  -2.3071920e-01
  -3.3395482e-01
  -3.5880725e-01
  -3.6353704e-01
  -4.2706910e-01
  -5.3622991e-01
  -5.9898720e-01
  -5.6653771e-01
  -4.9692941e-01
  -4.7354844e-01
  -4.9163540e-01
  -4.6907036e-01
  -3.6505143e-01
  -2.4104137e-01
  -1.7870689e-01
  -1.6804739e-01
  -1.2083246e-01
   8.1960103e-03
   1.5856197e-01
   2.4532761e-01
   2.7167343e-01
   3.1788529e-01
   4.2350864e-01
   5.2719484e-01
   5.4844949e-01
   4.9852566e-01
   4.6667705e-01
   4.9970326e-01
   5.3990231e-01
   5.0596765e-01
   4.0453803e-01
   3.1882290e-01
   2.9144669e-01
   2.6495637e-01
   1.6315486e-01
   9.3937503e-04
  -1.2982205e-01
  -1.8005933e-01
  -2.0487090e-01
  -2.8300013e-01
  -4.0628017e-01
  -4.9132092e-01
  -4.9591691e-01
  -4.7779920e-01
  -5.1360269e-01
  -5.8994341e-01
  -6.1777609e-01
  -5.5133973e-01
  -4.4870829e-01
  -3.9148097e-01
  -3.7505667e-01
  -3.2048511e-01
  -1.9000506e-01
  -4.4948315e-02
   3.5095641e-02
   6.0377246e-02
   1.1645195e-01
   2.4607405e-01
   3.8945601e-01
   4.6434175e-01
   4.7486188e-01
   4.9944280e-01
   5.7602426e-01
   6.4486911e-01
   6.2906403e-01
   5.4164928e-01
   4.7074463e-01
   4.6210174e-01
   4.5999249e-01
   3.8688424e-01
   2.5128083e-01
   1.3525243e-01
   8.0273822e-02
   3.0635046e-02
  -8.6465791e-02
  -2.5479803e-01
  -3.8432875e-01
  -4.2801275e-01
  -4.4024499e-01
  -4.9750954e-01
  -5.9144298e-01
  -6.4155753e-01
  -6.0864753e-01
  -5.5062477e-01
  -5.4265286e-01
  -5.7183052e-01
  -5.5258623e-01
  -4.4263448e-01
  -3.0059983e-01
  -2.0682017e-01
  -1.5715425e-01
  -7.5828825e-02
   7.1999127e-02
   2.2522132e-01
   3.0645846e-01
   3.2658577e-01
   3.6914784e-01
   4.7516361e-01
   5.8622657e-01
   6.2342758e-01
   5.9266529e-01
   5.7150667e-01
   5.9727071e-01
   6.1261211e-01
   5.4481463e-01
   4.0933195e-01
   2.9381669e-01
   2.4349073e-01
   2.0479273e-01
   1.0388668e-01
  -4.9014069e-02
  -1.7315969e-01
  -2.2859335e-01
  -2.6998497e-01
  -3.6769647e-01
  -5.0515272e-01
  -5.9509832e-01
  -5.9354189e-01
  -5.5541134e-01
  -5.5627212e-01
  -5.8877523e-01
  -5.7632411e-01
  -4.8360368e-01
  -3.6961744e-01
  -3.0889128e-01
  -2.8954217e-01
  -2.2963482e-01
  -9.0292727e-02
   6.9460990e-02
   1.7085378e-01
   2.1820772e-01
   2.8513475e-01
   4.0477059e-01
   5.1745693e-01
   5.4929559e-01
   5.1324998e-01
   4.9251708e-01
   5.2803934e-01
   5.6424836e-01
   5.2685205e-01
   4.2474065e-01
   3.3580696e-01
   2.9770308e-01
   2.5601830e-01
   1.4240303e-01
  -2.5310949e-02
  -1.6013427e-01
  -2.1788201e-01
  -2.5089978e-01
  -3.3063688e-01
  -4.4662427e-01
  -5.2093881e-01
  -5.1680380e-01
  -4.8975736e-01
  -5.0975596e-01
  -5.6179913e-01
  -5.6310080e-01
  -4.7427709e-01
  -3.5228971e-01
  -2.7312035e-01
  -2.3137933e-01
  -1.5483008e-01
  -1.2162758e-02
   1.3664049e-01
   2.1809497e-01
   2.4392646e-01
   2.9377956e-01
   4.0477132e-01
   5.1924929e-01
   5.6189985e-01
   5.3935636e-01
   5.2541641e-01
   5.5385369e-01
   5.6859028e-01
   5.0110879e-01
   3.6823202e-01
   2.5443477e-01
   2.0186239e-01
   1.5853448e-01
   5.5020237e-02
  -9.6909302e-02
  -2.1945966e-01
  -2.7551611e-01
  -3.1798261e-01
  -4.1273130e-01
  -5.4168032e-01
  -6.2075845e-01
  -6.0926398e-01
  -5.6101435e-01
  -5.4785500e-01
  -5.6167917e-01
  -5.2970549e-01
  -4.2040080e-01
  -2.9203505e-01
  -2.1569643e-01
  -1.7894524e-01
  -1.0381029e-01
   4.4669645e-02
   2.0809238e-01
   3.1110785e-01
   3.5878539e-01
   4.2123097e-01
   5.2836961e-01
   6.2204323e-01
   6.3275629e-01
   5.7523126e-01
   5.3011881e-01
   5.3597030e-01
   5.3935568e-01
   4.7087875e-01
   3.4161349e-01
   2.2730329e-01
   1.6354818e-01
   9.8288648e-02
  -3.1901539e-02
  -2.0720705e-01
  -3.4326088e-01
  -3.9871356e-01
  -4.2463567e-01
  -4.8882077e-01
  -5.8013015e-01
  -6.2451169e-01
  -5.8916745e-01
  -5.2940091e-01
  -5.1245116e-01
  -5.2347855e-01
  -4.8429852e-01
  -3.6014960e-01
  -2.0828865e-01
  -1.0230121e-01
  -3.6949626e-02
   5.5812942e-02
   2.0347600e-01
   3.4688626e-01
   4.1632237e-01
   4.2488791e-01
   4.4963129e-01
   5.2540153e-01
   5.9682343e-01
   5.9370077e-01
   5.2534984e-01
   4.6423758e-01
   4.4303519e-01
   4.0890899e-01
   2.9913687e-01
   1.3354096e-01
  -4.8491378e-03
  -7.5590400e-02
  -1.2849722e-01
  -2.2866622e-01
  -3.6302627e-01
  -4.5704546e-01
  -4.7718950e-01
  -4.7611407e-01
  -5.1728824e-01
  -5.8323778e-01
  -5.9500941e-01
  -5.1725597e-01
  -4.0516812e-01
  -3.2952060e-01
  -2.8369662e-01
  -2.0035492e-01
  -5.3057057e-02
   9.9354898e-02
   1.8814488e-01
   2.2595194e-01
   2.8730632e-01
   4.0427256e-01
   5.2019574e-01
   5.6450274e-01
   5.4500295e-01
   5.3098657e-01
   5.5208653e-01
   5.5432779e-01
   4.7511360e-01
   3.3358572e-01
   2.1069280e-01
   1.4514058e-01
   8.7426574e-02
  -2.5844750e-02
  -1.8060470e-01
  -3.0266034e-01
  -3.5847690e-01
  -3.9875003e-01
  -4.8377186e-01
  -5.9384022e-01
  -6.4942223e-01
  -6.1461604e-01
  -5.4248199e-01
  -5.0080781e-01
  -4.8124739e-01
  -4.1663799e-01
  -2.8097297e-01
  -1.3215696e-01
  -3.7310006e-02
   1.6424192e-02
   1.0178337e-01
   2.4872883e-01
   3.9987901e-01
   4.8471221e-01
   5.0989115e-01
   5.4182917e-01
   6.0729092e-01
   6.5113794e-01
   6.1071052e-01
   5.0419514e-01
   4.1012940e-01
   3.6505085e-01
   3.1919769e-01
   2.1020926e-01
   5.2486572e-02
  -8.0736037e-02
  -1.5653287e-01
  -2.2427299e-01
  -3.4168299e-01
  -4.8733039e-01
  -5.8144931e-01
  -5.8782458e-01
  -5.5756944e-01
  -5.5557994e-01
  -5.7171515e-01
  -5.3874682e-01
  -4.3074274e-01
  -3.0426627e-01
  -2.2436125e-01
  -1.7738361e-01
  -9.1705970e-02
   6.1245061e-02
   2.2403290e-01
   3.2681739e-01
   3.7575238e-01
   4.3502024e-01
   5.2909566e-01
   6.0211637e-01
   5.9167056e-01
   5.1523048e-01
   4.4910679e-01
   4.2773559e-01
   4.0099047e-01
   3.0729504e-01
   1.6106221e-01
   3.4207112e-02
  -4.1398385e-02
  -1.1436522e-01
  -2.4050749e-01
  -3.9731420e-01
  -5.0539928e-01
  -5.2884505e-01
  -5.1746163e-01
  -5.3389033e-01
  -5.6674126e-01
  -5.4914168e-01
  -4.5557304e-01
  -3.4155838e-01
  -2.7029899e-01
  -2.2745892e-01
  -1.4245962e-01
   1.2046236e-02
   1.7877105e-01
   2.8881637e-01
   3.4819921e-01
   4.1936052e-01
   5.2502314e-01
   6.0911896e-01
   6.0998632e-01
   5.4491777e-01
   4.8856486e-01
   4.7379314e-01
   4.5053854e-01
   3.5834032e-01
   2.1191321e-01
   8.2111778e-02
  -7.7309340e-05
  -8.2481837e-02
  -2.1909969e-01
  -3.8649068e-01
  -5.0582521e-01
  -5.4172981e-01
  -5.4306640e-01
  -5.7064835e-01
  -6.1225551e-01
  -6.0174566e-01
  -5.1438012e-01
  -4.0503253e-01
  -3.3544065e-01
  -2.9086675e-01
  -2.0195277e-01
  -4.2673915e-02
   1.2976560e-01
   2.4739707e-01
   3.1620312e-01
   3.9711278e-01
   5.1139306e-01
   6.0307069e-01
   6.1154496e-01
   5.5429413e-01
   5.0472967e-01
   4.9454889e-01
   4.7406756e-01
   3.8417585e-01
   2.4008867e-01
   1.1176568e-01
   2.9380900e-02
  -5.4185787e-02
  -1.9132140e-01
  -3.5792831e-01
  -4.7604717e-01
  -5.1124279e-01
  -5.1193551e-01
  -5.3769074e-01
  -5.7602884e-01
  -5.6205856e-01
  -4.7231597e-01
  -3.6151800e-01
  -2.9038666e-01
  -2.4410489e-01
  -1.5469813e-01
   2.4964383e-03
   1.7040286e-01
   2.8213385e-01
   3.4395239e-01
   4.1576152e-01
   5.1796652e-01
   5.9532479e-01
   5.8896940e-01
   5.1730540e-01
   4.5330042e-01
   4.2825617e-01
   3.9354044e-01
   2.9195666e-01
   1.3970514e-01
   6.2537128e-03
  -7.8779287e-02
  -1.6175212e-01
  -2.9357437e-01
  -4.4975158e-01
  -5.5355620e-01
  -5.7198476e-01
  -5.5366483e-01
  -5.5767180e-01
  -5.7204539e-01
  -5.3389531e-01
  -4.2176634e-01
  -2.9094844e-01
  -2.0182364e-01
  -1.4003371e-01
  -3.9349505e-02
   1.2331363e-01
   2.9090203e-01
   3.9763448e-01
   4.5026012e-01
   5.0804585e-01
   5.9104314e-01
   6.4529562e-01
   6.1426118e-01
   5.1791984e-01
   4.2948156e-01
   3.8049597e-01
   3.2390708e-01
   2.0482587e-01
   4.0733973e-02
  -9.9196072e-02
  -1.8585934e-01
  -2.6500923e-01
  -3.8640938e-01
  -5.2560488e-01
  -6.0760313e-01
  -6.0141821e-01
  -5.5656257e-01
  -5.3233549e-01
  -5.1795312e-01
  -4.5307240e-01
  -3.1869085e-01
  -1.7102539e-01
  -7.0339441e-02
  -2.7519531e-03
   9.6428618e-02
   2.4909722e-01
   3.9873779e-01
   4.8131438e-01
   5.0484946e-01
   5.2888778e-01
   5.7408208e-01
   5.8867024e-01
   5.1926612e-01
   3.8818572e-01
   2.6954471e-01
   1.9562646e-01
   1.2118917e-01
  -6.3602854e-03
  -1.6847601e-01
  -2.9668461e-01
  -3.6301320e-01
  -4.1345906e-01
  -4.9766543e-01
  -5.9232289e-01
  -6.2529416e-01
  -5.6873296e-01
  -4.7414513e-01
  -4.0207703e-01
  -3.4375734e-01
  -2.4198135e-01
  -8.0554351e-02
   8.3241850e-02
   1.8936696e-01
   2.5161776e-01
   3.3382559e-01
   4.5758429e-01
   5.6793183e-01
   6.0368617e-01
   5.7533521e-01
   5.4392862e-01
   5.3187702e-01
   4.9059754e-01
   3.7063466e-01
   1.9720876e-01
   4.5683558e-02
  -5.0868467e-02
  -1.3615120e-01
  -2.6104189e-01
  -4.0673736e-01
  -5.0644165e-01
  -5.3444994e-01
  -5.3827284e-01
  -5.6874927e-01
  -6.0495550e-01
  -5.7868711e-01
  -4.6612533e-01
  -3.2144787e-01
  -2.0685466e-01
  -1.1564125e-01
   6.5844818e-03
   1.7387043e-01
   3.2880349e-01
   4.1274658e-01
   4.4082870e-01
   4.7761570e-01
   5.4605158e-01
   5.9430988e-01
   5.6550113e-01
   4.7383714e-01
   3.8288759e-01
   3.1748915e-01
   2.3247373e-01
   8.2107102e-02
  -1.0609855e-01
  -2.5651642e-01
  -3.3664168e-01
  -3.9034530e-01
  -4.6874677e-01
  -5.5485519e-01
  -5.8561489e-01
  -5.3957492e-01
  -4.6759757e-01
  -4.2329231e-01
  -3.8929739e-01
  -3.0203527e-01
  -1.4191612e-01
   3.4487823e-02
   1.6409079e-01
   2.5280368e-01
   3.5394033e-01
   4.8147705e-01
   5.8014613e-01
   5.9508906e-01
   5.4516021e-01
   4.9795474e-01
   4.7980080e-01
   4.4363115e-01
   3.3798223e-01
   1.8140722e-01
   4.0067399e-02
  -5.9298151e-02
  -1.5957754e-01
  -3.0446218e-01
  -4.6624251e-01
  -5.7141717e-01
  -5.9063899e-01
  -5.7062976e-01
  -5.6536365e-01
  -5.6200992e-01
  -5.0318525e-01
  -3.7312586e-01
  -2.2692128e-01
  -1.2119173e-01
  -4.1670279e-02
   7.1770793e-02
   2.3629403e-01
   3.9523847e-01
   4.8733907e-01
   5.2072003e-01
   5.5077260e-01
   5.9449492e-01
   6.0158440e-01
   5.2335399e-01
   3.8424394e-01
   2.5609776e-01
   1.6908252e-01
   8.0499862e-02
  -5.6910771e-02
  -2.2222287e-01
  -3.4929594e-01
  -4.1265232e-01
  -4.5648714e-01
  -5.2625658e-01
  -5.9783426e-01
  -6.0337583e-01
  -5.1980691e-01
  -3.9924849e-01
  -3.0034156e-01
  -2.1533190e-01
  -9.2446251e-02
   7.9417418e-02
   2.4286230e-01
   3.4099856e-01
   3.8846637e-01
   4.4597178e-01
   5.3259120e-01
   5.9596097e-01
   5.8083783e-01
   5.0137796e-01
   4.1827715e-01
   3.5396583e-01
   2.6451866e-01
   1.0775093e-01
  -8.7058061e-02
  -2.4560531e-01
  -3.3666416e-01
  -4.0222317e-01
  -4.8966987e-01
  -5.8042776e-01
  -6.1321719e-01
  -5.6853438e-01
  -4.9622331e-01
  -4.4720489e-01
  -4.0372837e-01
  -3.0530208e-01
  -1.3563745e-01
   4.8435428e-02
   1.8549747e-01
   2.8126556e-01
   3.8594754e-01
   5.1078367e-01
   6.0132728e-01
   6.0584714e-01
   5.4467886e-01
   4.8401822e-01
   4.4902606e-01
   3.9477379e-01
   2.7395137e-01
   1.0733194e-01
  -3.9878416e-02
  -1.4200625e-01
  -2.4011672e-01
  -3.7454713e-01
  -5.1668590e-01
  -5.9581467e-01
  -5.8591869e-01
  -5.3444367e-01
  -4.9459076e-01
  -4.5495897e-01
  -3.6278353e-01
  -2.0681137e-01
  -4.3304481e-02
   7.2177407e-02
   1.5345045e-01
   2.5760831e-01
   3.9938775e-01
   5.2345048e-01
   5.7243462e-01
   5.5713779e-01
   5.3320168e-01
   5.1844167e-01
   4.6681889e-01
   3.3591477e-01
   1.5438246e-01
  -5.1704241e-03
  -1.1238755e-01
  -2.0746607e-01
  -3.3415477e-01
  -4.7083138e-01
  -5.5460901e-01
  -5.6410009e-01
  -5.4532645e-01
  -5.4440598e-01
  -5.4033623e-01
  -4.7180031e-01
  -3.2235001e-01
  -1.4752461e-01
  -7.0591861e-03
   1.0457664e-01
   2.3492480e-01
   3.9206755e-01
   5.1988240e-01
   5.6584114e-01
   5.4819363e-01
   5.2921115e-01
   5.3031037e-01
   5.0499421e-01
   4.0597165e-01
   2.5344315e-01
   1.1083034e-01
   2.6857643e-03
  -1.1072024e-01
  -2.6675217e-01
  -4.3459960e-01
  -5.4295098e-01
  -5.6509362e-01
  -5.4596887e-01
  -5.3529415e-01
  -5.1956269e-01
  -4.4603640e-01
  -3.0383685e-01
  -1.4817788e-01
  -3.2900144e-02
   5.5932713e-02
   1.7328164e-01
   3.3140106e-01
   4.7403776e-01
   5.4389897e-01
   5.5072454e-01
   5.4742371e-01
   5.4933493e-01
   5.1006638e-01
   3.8828410e-01
   2.1291533e-01
   5.5330222e-02
  -5.5078707e-02
  -1.5743939e-01
  -2.9314559e-01
  -4.3921070e-01
  -5.3310225e-01
  -5.5376488e-01
  -5.4582531e-01
  -5.5307117e-01
  -5.5353230e-01
  -4.8700405e-01
  -3.3843604e-01
  -1.6323801e-01
  -2.0122973e-02
   9.6230678e-02
   2.3135265e-01
   3.9138805e-01
   5.2018622e-01
   5.6643693e-01
   5.4866802e-01
   5.2783093e-01
   5.2421484e-01
   4.9215356e-01
   3.8644462e-01
   2.2842382e-01
   8.0995948e-02
  -3.1738524e-02
  -1.4822581e-01
  -3.0360490e-01
  -4.6617881e-01
  -5.6582080e-01
  -5.7733820e-01
  -5.4576937e-01
  -5.2014605e-01
  -4.8758719e-01
  -3.9785004e-01
  -2.4255725e-01
  -7.7596666e-02
   4.3734259e-02
   1.3503324e-01
   2.4944900e-01
   3.9776568e-01
   5.2438984e-01
   5.7417250e-01
   5.5833614e-01
   5.2993361e-01
   5.0478344e-01
   4.3891828e-01
   2.9453633e-01
   1.0288605e-01
  -6.4363838e-02
  -1.7793858e-01
  -2.7587383e-01
  -3.9798745e-01
  -5.2137628e-01
  -5.8586450e-01
  -5.7323329e-01
  -5.2963220e-01
  -4.9963283e-01
  -4.6331557e-01
  -3.6428458e-01
  -1.9115341e-01
  -9.5338117e-04
   1.4754014e-01
   2.5918997e-01
   3.7814841e-01
   5.1003636e-01
   6.0070807e-01
   6.0262160e-01
   5.3756942e-01
   4.6843201e-01
   4.1759144e-01
   3.4311512e-01
   2.0430189e-01
   2.5463196e-02
  -1.2985190e-01
  -2.3767104e-01
  -3.3576974e-01
  -4.5854986e-01
  -5.7561181e-01
  -6.2072441e-01
  -5.7334011e-01
  -4.8198780e-01
  -3.9841186e-01
  -3.1343547e-01
  -1.8182508e-01
   4.5952116e-04
   1.7576765e-01
   2.9111676e-01
   3.6050856e-01
   4.3697549e-01
   5.3230136e-01
   5.9456276e-01
   5.7412534e-01
   4.8727385e-01
   3.9076356e-01
   3.0410598e-01
   1.8832258e-01
   1.0893394e-02
  -1.9373147e-01
  -3.5362597e-01
  -4.4067528e-01
  -4.9387040e-01
  -5.5434380e-01
  -6.0272759e-01
  -5.8494849e-01
  -4.8946327e-01
  -3.6766304e-01
  -2.6820035e-01
  -1.7575077e-01
  -3.9297645e-02
   1.4834901e-01
   3.2903377e-01
   4.4545554e-01
   5.0458159e-01
   5.5262906e-01
   5.9870998e-01
   5.9492029e-01
   5.0166166e-01
   3.4787494e-01
   2.0169005e-01
   9.0014175e-02
  -2.4069830e-02
  -1.7672059e-01
  -3.4179707e-01
  -4.5735477e-01
  -5.0282243e-01
  -5.1944277e-01
  -5.4556572e-01
  -5.5690339e-01
  -4.9568441e-01
  -3.5004008e-01
  -1.7524220e-01
  -2.7930403e-02
   9.6522773e-02
   2.3894986e-01
   4.0103709e-01
   5.2654848e-01
   5.6700335e-01
   5.4179106e-01
   5.0927338e-01
   4.8767732e-01
   4.3371960e-01
   3.0741952e-01
   1.3318016e-01
  -2.6801189e-02
  -1.4912399e-01
  -2.6923931e-01
  -4.1740785e-01
  -5.6029427e-01
  -6.3101063e-01
  -6.0856563e-01
  -5.3916514e-01
  -4.7131988e-01
  -3.9452454e-01
  -2.6495739e-01
  -8.0443121e-02
   1.0132800e-01
   2.2834564e-01
   3.1390863e-01
   4.0794276e-01
   5.1910368e-01
   5.9469383e-01
   5.8594018e-01
   5.0899570e-01
   4.1873790e-01
   3.3330603e-01
   2.1500896e-01
   3.4284487e-02
  -1.7269451e-01
  -3.3450950e-01
  -4.2369864e-01
  -4.7795210e-01
  -5.3607271e-01
  -5.7808902e-01
  -5.5186519e-01
  -4.4808523e-01
  -3.1841853e-01
  -2.1065314e-01
  -1.1010708e-01
   3.1366941e-02
   2.1820796e-01
   3.9196936e-01
   4.9681458e-01
   5.4034392e-01
   5.6782859e-01
   5.8805681e-01
   5.5551697e-01
   4.3470639e-01
   2.5745265e-01
   9.2520995e-02
  -3.2814978e-02
  -1.5338038e-01
  -3.0249613e-01
  -4.5321110e-01
  -5.4564765e-01
  -5.6198880e-01
  -5.4471644e-01
  -5.3267124e-01
  -5.0385989e-01
  -4.0523277e-01
  -2.2964973e-01
  -3.4681443e-02
   1.2261255e-01
   2.4591384e-01
   3.7397842e-01
   5.0756131e-01
   5.9277905e-01
   5.8582527e-01
   5.1020719e-01
   4.2676173e-01
   3.5639457e-01
   2.6052156e-01
   1.0473727e-01
  -8.3035315e-02
  -2.4017874e-01
  -3.4401553e-01
  -4.2986905e-01
  -5.2791196e-01
  -6.0735728e-01
  -6.0713748e-01
  -5.1292506e-01
  -3.7592122e-01
  -2.4833197e-01
  -1.2419175e-01
   3.4600077e-02
   2.2583253e-01
   3.9114045e-01
   4.8084807e-01
   5.1096348e-01
   5.3356432e-01
   5.6078157e-01
   5.4648645e-01
   4.5033747e-01
   2.9571078e-01
   1.4221701e-01
   1.1860176e-02
  -1.2842594e-01
  -3.0403620e-01
  -4.7796552e-01
  -5.8219778e-01
  -5.9471949e-01
  -5.5835632e-01
  -5.1711251e-01
  -4.5830911e-01
  -3.3934012e-01
  -1.5990542e-01
   2.2505789e-02
   1.5717525e-01
   2.5654871e-01
   3.6669711e-01
   4.9233439e-01
   5.7964985e-01
   5.8076193e-01
   5.1157829e-01
   4.2470597e-01
   3.3671610e-01
   2.1164593e-01
   2.3736355e-02
  -1.8851245e-01
  -3.5407695e-01
  -4.4613075e-01
  -5.0072952e-01
  -5.5390484e-01
  -5.8511052e-01
  -5.4480754e-01
  -4.2670215e-01
  -2.8316927e-01
  -1.6131926e-01
  -4.7571122e-02
   1.0251353e-01
   2.8993158e-01
   4.5592358e-01
   5.4663375e-01
   5.7080139e-01
   5.7306165e-01
   5.6240349e-01
   4.9681824e-01
   3.4630263e-01
   1.4657296e-01
  -3.2665130e-02
  -1.6380238e-01
  -2.7954515e-01
  -4.1049109e-01
  -5.2967816e-01
  -5.8088923e-01
  -5.5089418e-01
  -4.8490825e-01
  -4.2345713e-01
  -3.4815414e-01
  -2.1212625e-01
  -1.3965591e-02
   1.8647198e-01
   3.3263354e-01
   4.2854884e-01
   5.1234047e-01
   5.8576592e-01
   5.9999352e-01
   5.1895328e-01
   3.7288080e-01
   2.2682519e-01
   1.0546789e-01
  -2.4335174e-02
  -1.9130355e-01
  -3.6509367e-01
  -4.8508620e-01
  -5.3247142e-01
  -5.4565902e-01
  -5.5793077e-01
  -5.4448710e-01
  -4.5361342e-01
  -2.8050576e-01
  -8.2817896e-02
   8.3536188e-02
   2.2098236e-01
   3.6375503e-01
   5.0830548e-01
   6.0004866e-01
   5.9698835e-01
   5.2310165e-01
   4.3716511e-01
   3.5861610e-01
   2.5105026e-01
   8.4540534e-02
  -1.1026873e-01
  -2.7117473e-01
  -3.7612309e-01
  -4.5839029e-01
  -5.4489226e-01
  -6.0442966e-01
  -5.7960203e-01
  -4.6059553e-01
  -3.0062812e-01
  -1.5230892e-01
  -1.1931532e-02
   1.5371894e-01
   3.3840160e-01
   4.8392384e-01
   5.4387960e-01
   5.3677422e-01
   5.1512430e-01
   4.9237221e-01
   4.2741183e-01
   2.8711545e-01
   1.0007071e-01
  -7.2450420e-02
  -2.0761394e-01
  -3.3578192e-01
  -4.7929487e-01
  -6.0176753e-01
  -6.4066045e-01
  -5.8100699e-01
  -4.7079231e-01
  -3.5794995e-01
  -2.3566941e-01
  -6.9641818e-02
   1.3340940e-01
   3.1379145e-01
   4.2251732e-01
   4.7402755e-01
   5.1545282e-01
   5.5450759e-01
   5.4502323e-01
   4.4972431e-01
   2.9370480e-01
   1.3550862e-01
  -3.2604833e-03
  -1.5210981e-01
  -3.3074064e-01
  -4.9922891e-01
  -5.9112187e-01
  -5.8701909e-01
  -5.2984394e-01
  -4.6247259e-01
  -3.7409125e-01
  -2.2796351e-01
  -2.9654148e-02
   1.6144357e-01
   2.9557089e-01
   3.8478219e-01
   4.7223918e-01
   5.6096872e-01
   6.0032297e-01
   5.4897488e-01
   4.2815096e-01
   2.9287409e-01
   1.6238085e-01
   6.6398161e-03
  -1.9290303e-01
  -3.9424924e-01
  -5.2834074e-01
  -5.7239219e-01
  -5.6497680e-01
  -5.4423123e-01
  -4.9523517e-01
  -3.7831534e-01
  -1.9702108e-01
  -9.3288857e-03
   1.3551031e-01
   2.4850248e-01
   3.7012366e-01
   4.9982721e-01
   5.8333277e-01
   5.7577631e-01
   4.9466969e-01
   3.9130070e-01
   2.8197427e-01
   1.3526465e-01
  -6.7332903e-02
  -2.8297095e-01
  -4.4123618e-01
  -5.1713967e-01
  -5.4593194e-01
  -5.6180403e-01
  -5.4622537e-01
  -4.5675202e-01
  -2.9475829e-01
  -1.1634954e-01
   3.0435045e-02
   1.5644791e-01
   3.0048739e-01
   4.5946072e-01
   5.7640959e-01
   6.0374040e-01
   5.5585607e-01
   4.8067214e-01
   3.9165292e-01
   2.5579220e-01
   5.4198024e-02
  -1.7006735e-01
  -3.4600444e-01
  -4.4726080e-01
  -5.0660628e-01
  -5.5505376e-01
  -5.7108047e-01
  -5.0988494e-01
  -3.7084581e-01
  -2.0813390e-01
  -6.8272962e-02
   5.9962756e-02
   2.1440311e-01
   3.9023673e-01
   5.2869983e-01
   5.8031912e-01
   5.5715597e-01
   5.0438008e-01
   4.3304501e-01
   3.0875810e-01
   1.1218664e-01
  -1.1367962e-01
  -2.9774938e-01
  -4.1297339e-01
  -4.9043168e-01
  -5.5880731e-01
  -5.9441547e-01
  -5.5084081e-01
  -4.2607193e-01
  -2.7277292e-01
  -1.3616911e-01
  -4.6471200e-03
   1.5889548e-01
   3.4836441e-01
   5.0377253e-01
   5.7444339e-01
   5.7081331e-01
   5.3599924e-01
   4.7924414e-01
   3.6521457e-01
   1.7438894e-01
  -5.0274783e-02
  -2.3776755e-01
  -3.6072516e-01
  -4.4910123e-01
  -5.2994258e-01
  -5.7815687e-01
  -5.4646041e-01
  -4.3212602e-01
  -2.8685725e-01
  -1.5494400e-01
  -2.4520629e-02
   1.4090012e-01
   3.3429070e-01
   4.9499659e-01
   5.7185934e-01
   5.7452489e-01
   5.4493819e-01
   4.9137741e-01
   3.7830065e-01
   1.8655534e-01
  -4.0589611e-02
  -2.3210696e-01
  -3.6047269e-01
  -4.5491478e-01
  -5.4144926e-01
  -5.9432174e-01
  -5.6619270e-01
  -4.5442790e-01
  -3.1050424e-01
  -1.7836338e-01
  -4.6264486e-02
   1.2153546e-01
   3.1720089e-01
   4.7977116e-01
   5.5816954e-01
   5.6196902e-01
   5.3274362e-01
   4.7860432e-01
   3.6450671e-01
   1.7220923e-01
  -5.4382948e-02
  -2.4415283e-01
  -3.6961950e-01
  -4.5975627e-01
  -5.4024630e-01
  -5.8552901e-01
  -5.4914226e-01
  -4.2947371e-01
  -2.7861583e-01
  -1.4083404e-01
  -4.9416495e-03
   1.6391844e-01
   3.5725801e-01
   5.1424347e-01
   5.8455229e-01
   5.7853860e-01
   5.3836049e-01
   4.7291855e-01
   3.4852495e-01
   1.4852828e-01
  -8.2090345e-02
  -2.7196414e-01
  -3.9379414e-01
  -4.7672507e-01
  -5.4677098e-01
  -5.7938730e-01
  -5.2987840e-01
  -3.9851839e-01
  -2.3876534e-01
  -9.5757589e-02
   4.0859997e-02
   2.0509076e-01
   3.8813368e-01
   5.2989541e-01
   5.8163787e-01
   5.5546820e-01
   4.9514508e-01
   4.1130886e-01
   2.7240618e-01
   6.3899243e-02
  -1.6793813e-01
  -3.5160522e-01
  -4.6043259e-01
  -5.2447974e-01
  -5.7105592e-01
  -5.7771439e-01
  -5.0261350e-01
  -3.4890108e-01
  -1.7219167e-01
  -1.9007483e-02
   1.2000267e-01
   2.7817283e-01
   4.4690294e-01
   5.6761992e-01
   5.9413153e-01
   5.4133962e-01
   4.5561003e-01
   3.5017399e-01
   1.9620382e-01
  -1.8462988e-02
  -2.4635713e-01
  -4.1629483e-01
  -5.0300285e-01
  -5.3846385e-01
  -5.5242230e-01
  -5.2566920e-01
  -4.2022699e-01
  -2.4288639e-01
  -5.1859695e-02
   1.0489393e-01
   2.3608010e-01
   3.7510729e-01
   5.1462951e-01
   5.9884527e-01
   5.8543018e-01
   4.9334028e-01
   3.7261205e-01
   2.3981352e-01
   6.9182549e-02
  -1.4917211e-01
  -3.6711888e-01
  -5.1469500e-01
  -5.6920524e-01
  -5.6588883e-01
  -5.3825803e-01
  -4.7151423e-01
  -3.3241735e-01
  -1.3187450e-01
   6.9287932e-02
   2.2212824e-01
   3.3559590e-01
   4.4440741e-01
   5.4390935e-01
   5.8254918e-01
   5.2321908e-01
   3.8999596e-01
   2.3724138e-01
   8.5008117e-02
  -8.9798692e-02
  -2.9571555e-01
  -4.8529218e-01
  -5.9142052e-01
  -5.9574065e-01
  -5.3844453e-01
  -4.5825723e-01
  -3.4581361e-01
  -1.7308916e-01
   4.5017533e-02
   2.4578579e-01
   3.8053772e-01
   4.6011497e-01
   5.2241513e-01
   5.6736187e-01
   5.4932875e-01
   4.3770122e-01
   2.6240572e-01
   8.2216468e-02
  -7.9911473e-02
  -2.4561083e-01
  -4.2376454e-01
  -5.6960985e-01
  -6.2097795e-01
  -5.6577198e-01
  -4.5068339e-01
  -3.2062182e-01
  -1.7191453e-01
   1.8757534e-02
   2.3374642e-01
   4.1029023e-01
   5.0225171e-01
   5.2482852e-01
   5.2148131e-01
   4.9873715e-01
   4.1832574e-01
   2.5678687e-01
   4.9702374e-02
  -1.4078640e-01
  -2.9062553e-01
  -4.2236535e-01
  -5.4793329e-01
  -6.2796635e-01
  -6.0765273e-01
  -4.8300628e-01
  -3.0827803e-01
  -1.3469554e-01
   3.6555493e-02
   2.2581592e-01
   4.1512413e-01
   5.4455008e-01
   5.7348625e-01
   5.2425218e-01
   4.4808772e-01
   3.5951135e-01
   2.2797872e-01
   3.6464192e-02
  -1.7554836e-01
  -3.4516539e-01
  -4.5044176e-01
  -5.1830156e-01
  -5.6703274e-01
  -5.6546130e-01
  -4.6806250e-01
  -2.7979537e-01
  -6.2092056e-02
   1.2908196e-01
   2.9031874e-01
   4.4239958e-01
   5.7087412e-01
   6.2244394e-01
   5.6537400e-01
   4.3160606e-01
   2.8151595e-01
   1.3764415e-01
  -2.4156894e-02
  -2.1703754e-01
  -4.0112301e-01
  -5.1683971e-01
  -5.4852621e-01
  -5.3127703e-01
  -4.9270451e-01
  -4.1158207e-01
  -2.5198790e-01
  -2.6630326e-02
   1.9848053e-01
   3.6638749e-01
   4.7595023e-01
   5.5312425e-01
   5.9140129e-01
   5.4771783e-01
   4.0155179e-01
   1.9524960e-01
  -2.5785944e-03
  -1.6389572e-01
  -3.1035159e-01
  -4.5607284e-01
  -5.6605286e-01
  -5.8910480e-01
  -5.2014132e-01
  -4.0543518e-01
  -2.8327447e-01
  -1.4188283e-01
   4.7381166e-02
   2.6796456e-01
   4.5433325e-01
   5.5417172e-01
   5.7417387e-01
   5.5031364e-01
   4.8755582e-01
   3.5484040e-01
   1.4261939e-01
  -9.8613185e-02
  -2.9606518e-01
  -4.2161743e-01
  -5.0059545e-01
  -5.5432217e-01
  -5.5818877e-01
  -4.7356640e-01
  -3.0823835e-01
  -1.1977033e-01
   4.5003638e-02
   1.9258771e-01
   3.5012361e-01
   5.0394786e-01
   5.9591534e-01
   5.8463910e-01
   4.8956484e-01
   3.5963284e-01
   2.1187394e-01
   2.5355740e-02
  -2.0265873e-01
  -4.1951805e-01
  -5.5538386e-01
  -5.8951168e-01
  -5.5780165e-01
  -4.9427915e-01
  -3.8815775e-01
  -2.1425996e-01
   8.5486755e-03
   2.1571246e-01
   3.5820439e-01
   4.4494378e-01
   5.0970152e-01
   5.4930483e-01
   5.1914619e-01
   3.9269988e-01
   2.0337030e-01
   1.1347886e-02
  -1.5876710e-01
  -3.2457848e-01
  -4.9034462e-01
  -6.1015231e-01
  -6.2552342e-01
  -5.2999806e-01
  -3.7461806e-01
  -2.0774870e-01
  -3.0885334e-02
   1.7228413e-01
   3.7893570e-01
   5.2636342e-01
   5.7286557e-01
   5.3883954e-01
   4.7219098e-01
   3.8524742e-01
   2.4880037e-01
   4.9622096e-02
  -1.6977456e-01
  -3.4555115e-01
  -4.5501882e-01
  -5.2269531e-01
  -5.6412943e-01
  -5.4823828e-01
  -4.3330196e-01
  -2.2914685e-01
  -2.5991612e-04
   1.9591105e-01
   3.5383749e-01
   4.9125804e-01
   5.9250652e-01
   6.0732684e-01
   5.1013145e-01
   3.3868101e-01
   1.5723715e-01
  -8.1453982e-03
  -1.7689123e-01
  -3.5775634e-01
  -5.1011931e-01
  -5.7835004e-01
  -5.5294645e-01
  -4.7464537e-01
  -3.7644623e-01
  -2.4430188e-01
  -5.1169081e-02
   1.8301197e-01
   3.8986860e-01
   5.1468938e-01
   5.6056904e-01
   5.5861471e-01
   5.1005055e-01
   3.8334732e-01
   1.7101955e-01
  -7.4422942e-02
  -2.7933019e-01
  -4.1445498e-01
  -5.0229813e-01
  -5.6077374e-01
  -5.6387203e-01
  -4.7439220e-01
  -3.0244162e-01
  -1.0675332e-01
   6.5379729e-02
   2.1874246e-01
   3.7719132e-01
   5.2449609e-01
   6.0286279e-01
   5.7362807e-01
   4.5899649e-01
   3.0975744e-01
   1.4531557e-01
  -5.1099413e-02
  -2.7767010e-01
  -4.7972582e-01
  -5.8907534e-01
  -5.8855302e-01
  -5.1752338e-01
  -4.1359873e-01
  -2.7129149e-01
  -7.2294355e-02
   1.5879549e-01
   3.5538849e-01
   4.6985746e-01
   5.1380746e-01
   5.2411974e-01
   5.0257052e-01
   4.1249284e-01
   2.3669117e-01
   1.6021857e-02
  -1.8539911e-01
  -3.4151882e-01
  -4.6967040e-01
  -5.7595287e-01
  -6.2048920e-01
  -5.5508109e-01
  -3.8488564e-01
  -1.7072649e-01
   3.1794257e-02
   2.1552121e-01
   3.9299301e-01
   5.4188036e-01
   6.0602833e-01
   5.5498058e-01
   4.2163269e-01
   2.6543161e-01
   1.0947587e-01
  -6.5199284e-02
  -2.6414093e-01
  -4.4288040e-01
  -5.4237743e-01
  -5.4938627e-01
  -4.9983414e-01
  -4.2201007e-01
  -2.9946074e-01
  -1.0578473e-01
   1.3687558e-01
   3.5811666e-01
   5.0132232e-01
   5.6664799e-01
   5.8126165e-01
   5.4331458e-01
   4.2073254e-01
   2.0749277e-01
  -4.2349979e-02
  -2.5437762e-01
  -3.9833404e-01
  -4.9445929e-01
  -5.5803165e-01
  -5.6199469e-01
  -4.7030944e-01
  -2.9499243e-01
  -9.5859574e-02
   7.9260219e-02
   2.3375311e-01
   3.8903669e-01
   5.2713920e-01
   5.9086760e-01
   5.4406437e-01
   4.1153555e-01
   2.4597073e-01
   6.8940553e-02
  -1.3304734e-01
  -3.5489875e-01
  -5.4087922e-01
  -6.2476089e-01
  -5.9298332e-01
  -4.8848876e-01
  -3.5244467e-01
  -1.8390876e-01
   3.0140067e-02
   2.6118643e-01
   4.4200715e-01
   5.2734428e-01
   5.3240211e-01
   4.9801472e-01
   4.3105615e-01
   3.0170741e-01
   9.9968100e-02
  -1.2832465e-01
  -3.1752804e-01
  -4.4261325e-01
  -5.2328833e-01
  -5.6974088e-01
  -5.4906628e-01
  -4.2256810e-01
  -2.0492728e-01
   3.6083084e-02
   2.4108725e-01
   4.0149677e-01
   5.3069313e-01
   6.1079146e-01
   5.9446144e-01
   4.6284672e-01
   2.6011516e-01
   5.4615964e-02
  -1.2406100e-01
  -2.9054394e-01
  -4.4938213e-01
  -5.6024100e-01
  -5.7338022e-01
  -4.8763694e-01
  -3.5103553e-01
  -2.0288625e-01
  -3.6733625e-02
   1.6579368e-01
   3.7895191e-01
   5.3507954e-01
   5.8602105e-01
   5.4365316e-01
   4.4823712e-01
   3.1193598e-01
   1.1692147e-01
  -1.3086542e-01
  -3.7101071e-01
  -5.2987630e-01
  -5.8398409e-01
  -5.6436473e-01
  -5.0021655e-01
  -3.8120930e-01
  -1.8902187e-01
   4.9306793e-02
   2.6497858e-01
   4.0807187e-01
   4.8566040e-01
   5.2780396e-01
   5.3032655e-01
   4.5446501e-01
   2.8424816e-01
   6.2210360e-02
  -1.4659557e-01
  -3.1417448e-01
  -4.5337831e-01
  -5.6504746e-01
  -6.0688992e-01
  -5.3244505e-01
  -3.5043478e-01
  -1.2435344e-01
   8.8230703e-02
   2.7690572e-01
   4.4967673e-01
   5.8145695e-01
   6.1781062e-01
   5.3352858e-01
   3.6694611e-01
   1.8149918e-01
   4.2263755e-03
  -1.7858177e-01
  -3.6764068e-01
  -5.1754289e-01
  -5.7333030e-01
  -5.2838948e-01
  -4.2499042e-01
  -2.9751703e-01
  -1.3712533e-01
   7.3826531e-02
   3.0682213e-01
   4.9076396e-01
   5.7368878e-01
   5.6288728e-01
   4.9364352e-01
   3.7430679e-01
   1.8571513e-01
  -6.5314427e-02
  -3.1662026e-01
  -4.9267531e-01
  -5.6751762e-01
  -5.6868459e-01
  -5.2171930e-01
  -4.1401221e-01
  -2.2691125e-01
   1.1827307e-02
   2.3269166e-01
   3.8492468e-01
   4.7380544e-01
   5.2665462e-01
   5.3691531e-01
   4.6502696e-01
   2.9560301e-01
   7.1987665e-02
  -1.4023994e-01
  -3.1218785e-01
  -4.5487486e-01
  -5.6711484e-01
  -6.0586084e-01
  -5.2567814e-01
  -3.3711740e-01
  -1.0514181e-01
   1.1158151e-01
   3.0119331e-01
   4.6996357e-01
   5.9202004e-01
   6.1413989e-01
   5.1386643e-01
   3.3237713e-01
   1.3525190e-01
  -4.8585118e-02
  -2.3075762e-01
  -4.1042637e-01
  -5.4252074e-01
  -5.7467012e-01
  -5.0396415e-01
  -3.7617644e-01
  -2.2883028e-01
  -5.6408872e-02
   1.5545723e-01
   3.7646764e-01
   5.3647643e-01
   5.8691390e-01
   5.3952858e-01
   4.3425636e-01
   2.8446808e-01
   7.6430793e-02
  -1.7844121e-01
  -4.1608716e-01
  -5.6254867e-01
  -5.9599557e-01
  -5.4933692e-01
  -4.5430774e-01
  -3.0541388e-01
  -9.1249866e-02
   1.5503657e-01
   3.6212396e-01
   4.8108921e-01
   5.2150980e-01
   5.1662502e-01
   4.6745505e-01
   3.4343729e-01
   1.3797872e-01
  -9.9330934e-02
  -3.0053045e-01
  -4.3786886e-01
  -5.2620717e-01
  -5.7082581e-01
  -5.3797591e-01
  -3.9337864e-01
  -1.5813861e-01
   9.5278758e-02
   3.0469032e-01
   4.5839797e-01
   5.6636648e-01
   6.1038619e-01
   5.4865074e-01
   3.7190293e-01
   1.3330600e-01
  -9.2956772e-02
  -2.7331378e-01
  -4.1870230e-01
  -5.3210169e-01
  -5.7731927e-01
  -5.1500329e-01
  -3.5671698e-01
  -1.6122956e-01
   2.4047156e-02
   1.9837273e-01
   3.7422226e-01
   5.2500907e-01
   5.9033610e-01
   5.3581535e-01
   3.8881800e-01
   2.0376581e-01
   6.0057118e-03
  -2.0981544e-01
  -4.2923545e-01
  -5.9213608e-01
  -6.3540275e-01
  -5.5266722e-01
  -3.9387809e-01
  -2.0714849e-01
  -1.1742076e-03
   2.2539364e-01
   4.3595041e-01
   5.6379079e-01
   5.7180892e-01
   4.8593113e-01
   3.5758119e-01
   2.0589841e-01
   1.6437424e-02
  -2.0606973e-01
  -4.0829376e-01
  -5.2711681e-01
  -5.4683407e-01
  -4.9909664e-01
  -4.0863037e-01
  -2.6192643e-01
  -4.2996829e-02
   2.1435174e-01
   4.3340724e-01
   5.5672701e-01
   5.8484529e-01
   5.4547851e-01
   4.4191729e-01
   2.5517440e-01
  -3.6926539e-03
  -2.6790496e-01
  -4.5890026e-01
  -5.4800992e-01
  -5.5897514e-01
  -5.1395749e-01
  -4.0045529e-01
  -2.0402384e-01
   4.2274881e-02
   2.6572265e-01
   4.1443214e-01
   4.9248861e-01
   5.2559677e-01
   5.0771658e-01
   4.0408563e-01
   2.0689330e-01
  -3.3994048e-02
  -2.4953719e-01
  -4.0922072e-01
  -5.2286374e-01
  -5.8993238e-01
  -5.7273279e-01
  -4.3606801e-01
  -2.0195996e-01
   5.5966182e-02
   2.7409352e-01
   4.3798927e-01
   5.5382256e-01
   6.0060115e-01
   5.3654244e-01
   3.5469860e-01
   1.1076532e-01
  -1.1940693e-01
  -3.0068645e-01
  -4.4178049e-01
  -5.4380264e-01
  -5.7105138e-01
  -4.8750278e-01
  -3.0911907e-01
  -9.8153223e-02
   9.5574381e-02
   2.6896795e-01
   4.3229724e-01
   5.5875779e-01
   5.9123988e-01
   5.0133596e-01
   3.2270558e-01
   1.1489453e-01
  -9.2476062e-02
  -3.0100559e-01
  -4.9439079e-01
  -6.1475022e-01
  -6.0567664e-01
  -4.6983106e-01
  -2.6586466e-01
  -4.9258759e-02
   1.6510302e-01
   3.7435502e-01
   5.4186089e-01
   6.0656485e-01
   5.4148952e-01
   3.8410739e-01
   1.9650108e-01
   7.0604663e-03
  -1.9117989e-01
  -3.8962258e-01
  -5.3704073e-01
  -5.7873526e-01
  -5.1135544e-01
  -3.7980283e-01
  -2.2141578e-01
  -3.4183935e-02
   1.8897221e-01
   4.1080971e-01
   5.5873559e-01
   5.8617507e-01
   5.0830858e-01
   3.6866793e-01
   1.8629818e-01
  -4.3476328e-02
  -2.9972511e-01
  -5.1365815e-01
  -6.1369337e-01
  -5.8507888e-01
  -4.6915550e-01
  -3.0710645e-01
  -1.0530876e-01
   1.3464665e-01
   3.7051503e-01
   5.3018188e-01
   5.7180840e-01
   5.1604214e-01
   4.0869436e-01
   2.6547224e-01
   7.2756624e-02
  -1.6064900e-01
  -3.7711709e-01
  -5.1062651e-01
  -5.4301643e-01
  -5.0287509e-01
  -4.1255732e-01
  -2.5937157e-01
  -3.1710756e-02
   2.3136045e-01
   4.4993126e-01
   5.6573482e-01
   5.7931432e-01
   5.1887744e-01
   3.9040226e-01
   1.8092622e-01
  -9.1048900e-02
  -3.5358450e-01
  -5.2717140e-01
  -5.8527965e-01
  -5.5513606e-01
  -4.6394511e-01
  -3.0702891e-01
  -7.9741316e-02
   1.7662063e-01
   3.8598868e-01
   4.9822067e-01
   5.2216974e-01
   4.9015226e-01
   4.0534441e-01
   2.4504034e-01
   1.3673512e-02
  -2.3068502e-01
  -4.1708139e-01
  -5.1838358e-01
  -5.5128231e-01
  -5.2550184e-01
  -4.1764699e-01
  -2.0924792e-01
   6.3035522e-02
   3.1739274e-01
   4.8961666e-01
   5.7081502e-01
   5.7773885e-01
   5.0526182e-01
   3.3192365e-01
   7.1488518e-02
  -2.0496652e-01
  -4.1507352e-01
  -5.2586788e-01
  -5.5527159e-01
  -5.2006627e-01
  -4.0630289e-01
  -2.0287444e-01
   5.2019727e-02
   2.8206160e-01
   4.3346960e-01
   5.0820234e-01
   5.2946658e-01
   4.9111284e-01
   3.6290047e-01
   1.4458504e-01
  -1.0740112e-01
  -3.2067786e-01
  -4.6351708e-01
  -5.4527544e-01
  -5.6709108e-01
  -4.9776625e-01
  -3.1328744e-01
  -4.7461176e-02
   2.1813250e-01
   4.1682334e-01
   5.3457331e-01
   5.8111995e-01
   5.4414351e-01
   3.9646520e-01
   1.4834316e-01
  -1.3049393e-01
  -3.5693394e-01
  -4.9498464e-01
  -5.5742822e-01
  -5.5488925e-01
  -4.6783873e-01
  -2.8124624e-01
  -3.1206951e-02
   2.0640887e-01
   3.7645624e-01
   4.7749635e-01
   5.2778965e-01
   5.1602215e-01
   4.0790805e-01
   2.0078547e-01
  -4.9881457e-02
  -2.7131904e-01
  -4.2978908e-01
  -5.3105499e-01
  -5.7197252e-01
  -5.1771913e-01
  -3.4212080e-01
  -7.8181325e-02
   1.9235846e-01
   4.0170070e-01
   5.3351649e-01
   5.9444398e-01
   5.6930088e-01
   4.2922239e-01
   1.8403096e-01
  -9.6291349e-02
  -3.2802644e-01
  -4.7402482e-01
  -5.4523560e-01
  -5.5032517e-01
  -4.6857414e-01
  -2.8487362e-01
  -3.5870771e-02
   2.0199551e-01
   3.7302750e-01
   4.7491349e-01
   5.2480012e-01
   5.1071432e-01
   3.9875029e-01
   1.8743484e-01
  -6.6550811e-02
  -2.8964557e-01
  -4.4757494e-01
  -5.4561011e-01
  -5.8052709e-01
  -5.1846097e-01
  -3.3525151e-01
  -6.6148098e-02
   2.0555514e-01
   4.1145133e-01
   5.3528118e-01
   5.8439252e-01
   5.4534303e-01
   3.9217848e-01
   1.3807662e-01
  -1.4440434e-01
  -3.7050265e-01
  -5.0345629e-01
  -5.5565997e-01
  -5.3827368e-01
  -4.3423790e-01
  -2.3276801e-01
   2.5748151e-02
   2.6288597e-01
   4.2300412e-01
   5.0545495e-01
   5.3029147e-01
   4.8966772e-01
   3.5475244e-01
   1.2902328e-01
  -1.2746770e-01
  -3.4022379e-01
  -4.7633876e-01
  -5.4422788e-01
  -5.4531419e-01
  -4.5166060e-01
  -2.4543956e-01
   3.2965615e-02
   2.9777818e-01
   4.8119775e-01
   5.7019818e-01
   5.7739314e-01
   4.9620974e-01
   3.0837694e-01
   3.3977122e-02
  -2.5017564e-01
  -4.5877873e-01
  -5.5806422e-01
  -5.6611631e-01
  -5.0169153e-01
  -3.5640471e-01
  -1.2778582e-01
   1.3781900e-01
   3.5998179e-01
   4.8532947e-01
   5.1893919e-01
   4.8894794e-01
   3.9697773e-01
   2.2378153e-01
  -1.9378016e-02
  -2.6845778e-01
  -4.4975482e-01
  -5.3551545e-01
  -5.4245663e-01
  -4.8222719e-01
  -3.3777229e-01
  -1.0099057e-01
   1.8141666e-01
   4.2245626e-01
   5.5843831e-01
   5.8467706e-01
   5.2481152e-01
   3.8445531e-01
   1.5686782e-01
  -1.2934502e-01
  -3.9406581e-01
  -5.5483881e-01
  -5.8611650e-01
  -5.1778038e-01
  -3.8202505e-01
  -1.8359472e-01
   6.9468938e-02
   3.2537189e-01
   5.0484111e-01
   5.6201729e-01
   5.1406951e-01
   4.0350639e-01
   2.4641371e-01
   3.5846570e-02
  -2.0926784e-01
  -4.2387581e-01
  -5.4038474e-01
  -5.4286808e-01
  -4.6311779e-01
  -3.2857023e-01
  -1.3629472e-01
   1.1184377e-01
   3.6570058e-01
   5.4257161e-01
   5.9001858e-01
   5.1914396e-01
   3.7094469e-01
   1.6719311e-01
  -8.6527823e-02
  -3.5569279e-01
  -5.6244717e-01
  -6.3469611e-01
  -5.6316663e-01
  -3.9658621e-01
  -1.8523767e-01
   5.1718989e-02
   2.9814028e-01
   5.0250853e-01
   5.9471017e-01
   5.4518814e-01
   3.9109317e-01
   1.9474224e-01
  -1.1455288e-02
  -2.2431807e-01
  -4.2314868e-01
  -5.5044697e-01
  -5.5437651e-01
  -4.3973428e-01
  -2.5980263e-01
  -6.0440155e-02
   1.4890864e-01
   3.6231010e-01
   5.3517224e-01
   5.9949763e-01
   5.2395018e-01
   3.4277878e-01
   1.1770988e-01
  -1.1470486e-01
  -3.4255066e-01
  -5.3494359e-01
  -6.2765430e-01
  -5.6995327e-01
  -3.7734654e-01
  -1.2169903e-01
   1.2948567e-01
   3.4863073e-01
   5.2159327e-01
   6.0948094e-01
   5.6359449e-01
   3.8046352e-01
   1.2258125e-01
  -1.2813548e-01
  -3.2882826e-01
  -4.7672648e-01
  -5.6261985e-01
  -5.5001576e-01
  -4.1386286e-01
  -1.8607604e-01
   5.8174245e-02
   2.6043971e-01
   4.0999236e-01
   5.1115729e-01
   5.3974861e-01
   4.5497530e-01
   2.5426236e-01
  -3.7799710e-03
  -2.4231588e-01
  -4.2154506e-01
  -5.3856378e-01
  -5.8238731e-01
  -5.1643581e-01
  -3.2035055e-01
  -3.6535734e-02
   2.4534195e-01
   4.5248067e-01
   5.6522364e-01
   5.8908879e-01
   5.1336304e-01
   3.2110889e-01
   3.7932421e-02
  -2.5345814e-01
  -4.6398388e-01
  -5.5783356e-01
  -5.5190591e-01
  -4.6577452e-01
  -2.9585848e-01
  -4.7952342e-02
   2.2365918e-01
   4.3473596e-01
   5.3279701e-01
   5.2662002e-01
   4.4978393e-01
   3.1194094e-01
   1.0461510e-01
  -1.5040352e-01
  -3.8338050e-01
  -5.2203674e-01
  -5.4569359e-01
  -4.8119426e-01
  -3.5243602e-01
  -1.5663761e-01
   1.0028079e-01
   3.6276712e-01
   5.4426550e-01
   5.9079554e-01
   5.1327785e-01
   3.5360104e-01
   1.3657893e-01
  -1.2662041e-01
  -3.9547532e-01
  -5.8914252e-01
  -6.3717992e-01
  -5.3532341e-01
  -3.3847609e-01
  -1.0341204e-01
   1.4391204e-01
   3.8159408e-01
   5.5639112e-01
   6.0261303e-01
   5.0018765e-01
   2.9740116e-01
   6.6555692e-02
  -1.5201665e-01
  -3.4989355e-01
  -5.0578108e-01
  -5.6837820e-01
  -4.9844492e-01
  -3.1616558e-01
  -8.8692967e-02
   1.2811577e-01
   3.1932242e-01
   4.7900849e-01
   5.6990835e-01
   5.3899428e-01
   3.7442687e-01
   1.2914708e-01
  -1.2152454e-01
  -3.3425584e-01
  -4.9772608e-01
  -5.9001963e-01
  -5.6465579e-01
  -3.9479273e-01
  -1.2002041e-01
   1.6979171e-01
   3.9872691e-01
   5.4103484e-01
   5.9439839e-01
   5.4121774e-01
   3.6091349e-01
   7.8883494e-02
  -2.2036261e-01
  -4.4505102e-01
  -5.5579963e-01
  -5.6515626e-01
  -4.8892121e-01
  -3.2216438e-01
  -7.2186317e-02
   2.0386778e-01
   4.1935603e-01
   5.2030342e-01
   5.1432923e-01
   4.3422673e-01
   2.9033013e-01
   7.6987413e-02
  -1.8016567e-01
  -4.0870639e-01
  -5.3603543e-01
  -5.4299476e-01
  -4.5882623e-01
  -3.1069499e-01
  -1.0038530e-01
   1.6109339e-01
   4.1484193e-01
   5.7468681e-01
   5.9073459e-01
   4.8005460e-01
   2.9128424e-01
   5.6035883e-02
  -2.0843946e-01
  -4.5826100e-01
  -6.1421880e-01
  -6.1291801e-01
  -4.6047958e-01
  -2.2256735e-01
   3.4919650e-02
   2.7962192e-01
   4.8735150e-01
   6.0848815e-01
   5.8736303e-01
   4.1811106e-01
   1.6340020e-01
  -9.3354915e-02
  -3.0563849e-01
  -4.6448816e-01
  -5.5450753e-01
  -5.3690596e-01
  -3.8951465e-01
  -1.4979732e-01
   1.0213326e-01
   3.0430743e-01
   4.4297655e-01
   5.2048107e-01
   5.1441931e-01
   3.9133073e-01
   1.5940922e-01
  -1.1316922e-01
  -3.4433758e-01
  -4.9336329e-01
  -5.5988353e-01
  -5.3980463e-01
  -4.0906650e-01
  -1.6367843e-01
   1.3920098e-01
   4.0224578e-01
   5.5384815e-01
   5.8283507e-01
   5.0879924e-01
   3.3998162e-01
   8.1126123e-02
  -2.2336303e-01
  -4.8170949e-01
  -6.0892597e-01
  -5.8462262e-01
  -4.4804962e-01
  -2.4436697e-01
   4.3911803e-03
   2.7184684e-01
   4.9485787e-01
   5.9638065e-01
   5.4564924e-01
   3.8143898e-01
   1.6894988e-01
  -5.3714418e-02
  -2.7414119e-01
  -4.6271314e-01
  -5.5936932e-01
  -5.1832045e-01
  -3.5548680e-01
  -1.3544275e-01
   8.6063802e-02
   2.9043530e-01
   4.6509421e-01
   5.6643378e-01
   5.3854985e-01
   3.7049709e-01
   1.1795445e-01
  -1.4057666e-01
  -3.5795457e-01
  -5.1850796e-01
  -5.9754405e-01
  -5.5018376e-01
  -3.5597721e-01
  -6.2837749e-02
   2.3270354e-01
   4.5129257e-01
   5.6674831e-01
   5.7956334e-01
   4.7939315e-01
   2.5727422e-01
  -4.8691979e-02
  -3.4516389e-01
  -5.3850955e-01
  -5.9416632e-01
  -5.3430991e-01
  -3.8793135e-01
  -1.6572497e-01
   1.1005016e-01
   3.7300966e-01
   5.3691028e-01
   5.5775237e-01
   4.5931526e-01
   2.9301769e-01
   8.7716205e-02
  -1.4659522e-01
  -3.7576043e-01
  -5.2998920e-01
  -5.5098466e-01
  -4.4164107e-01
  -2.5528294e-01
  -4.0700809e-02
   1.8422560e-01
   4.0125613e-01
   5.5665972e-01
   5.8278915e-01
   4.5777404e-01
   2.2892642e-01
  -2.9560253e-02
  -2.6958132e-01
  -4.6921081e-01
  -5.9400609e-01
  -5.8874735e-01
  -4.2455032e-01
  -1.4407014e-01
   1.5778655e-01
   3.9939169e-01
   5.4857423e-01
   5.9747836e-01
   5.2748969e-01
   3.2373111e-01
   2.1698895e-02
  -2.8484550e-01
  -4.9938667e-01
  -5.8240943e-01
  -5.4982903e-01
  -4.2467051e-01
  -2.1378567e-01
   6.1439819e-02
   3.3306066e-01
   5.1190909e-01
   5.5034903e-01
   4.6812536e-01
   3.1294735e-01
   1.1151730e-01
  -1.2595905e-01
  -3.6317719e-01
  -5.2754341e-01
  -5.5828705e-01
  -4.5634209e-01
  -2.7357687e-01
  -5.8286937e-02
   1.7061376e-01
   3.9257581e-01
   5.5152003e-01
   5.7863679e-01
   4.5230145e-01
   2.2086904e-01
  -4.0126779e-02
  -2.8095805e-01
  -4.7794797e-01
  -5.9564397e-01
  -5.7961869e-01
  -4.0371565e-01
  -1.1414084e-01
   1.9126470e-01
   4.2929639e-01
   5.6763384e-01
   5.9982845e-01
   5.1057494e-01
   2.8998191e-01
  -2.1208577e-02
  -3.2573293e-01
  -5.2657883e-01
  -5.8665361e-01
  -5.2640217e-01
  -3.7474921e-01
  -1.4504903e-01
   1.3563828e-01
   3.9650699e-01
   5.4972030e-01
   5.5290801e-01
   4.3339551e-01
   2.4696049e-01
   2.7483962e-02
  -2.0981031e-01
  -4.2727312e-01
  -5.5576063e-01
  -5.4236253e-01
  -3.9818913e-01
  -1.8489748e-01
   4.1877045e-02
   2.5953756e-01
   4.4838520e-01
   5.5827945e-01
   5.3082586e-01
   3.5693392e-01
   9.6247804e-02
  -1.6847030e-01
  -3.8569369e-01
  -5.3560579e-01
  -5.9189954e-01
  -5.1335486e-01
  -2.8840703e-01
   2.4573313e-02
   3.2142632e-01
   5.2002414e-01
   5.9602675e-01
   5.5617527e-01
   4.0122606e-01
   1.3706799e-01
  -1.8397034e-01
  -4.6072419e-01
  -6.0136202e-01
  -5.8170792e-01
  -4.3966249e-01
  -2.2243267e-01
   4.1165192e-02
   3.1496659e-01
   5.2823848e-01
   6.0313164e-01
   5.1494964e-01
   3.1189544e-01
   6.8900342e-02
  -1.6672322e-01
  -3.7482879e-01
  -5.2290287e-01
  -5.5665301e-01
  -4.4472182e-01
  -2.2118852e-01
   3.3623177e-02
   2.5390972e-01
   4.1735160e-01
   5.1499350e-01
   5.1618677e-01
   3.8700096e-01
   1.4210785e-01
  -1.4184045e-01
  -3.7606901e-01
  -5.1521089e-01
  -5.5621687e-01
  -4.9677890e-01
  -3.2216950e-01
  -4.3939784e-02
   2.6571687e-01
   5.0203434e-01
   5.9580706e-01
   5.4593559e-01
   3.8744001e-01
   1.4844076e-01
  -1.4465365e-01
  -4.3100315e-01
  -6.1583118e-01
  -6.2765432e-01
  -4.7171377e-01
  -2.1726427e-01
   6.2303571e-02
   3.2283337e-01
   5.2733652e-01
   6.1976021e-01
   5.4978553e-01
   3.2670336e-01
   3.0724788e-02
  -2.4091226e-01
  -4.3322806e-01
  -5.3464560e-01
  -5.3592293e-01
  -4.1612295e-01
  -1.7985757e-01
   1.0905919e-01
   3.5431991e-01
   4.9165015e-01
   5.1710432e-01
   4.5274310e-01
   3.0500652e-01
   7.5030882e-02
  -1.9786584e-01
  -4.2929833e-01
  -5.4191417e-01
  -5.1809284e-01
  -3.9218276e-01
  -2.0054246e-01
   4.0050659e-02
   3.0102050e-01
   5.1234259e-01
   5.9091492e-01
   5.0378235e-01
   2.9186979e-01
   2.8067487e-02
  -2.3429120e-01
  -4.6194870e-01
  -6.0772492e-01
  -6.0875081e-01
  -4.3666901e-01
  -1.4059853e-01
   1.7641545e-01
   4.2528685e-01
   5.6773243e-01
   5.9302314e-01
   4.8633533e-01
   2.4445479e-01
  -8.1650746e-02
  -3.8611244e-01
  -5.6859084e-01
  -5.9417646e-01
  -4.8963329e-01
  -2.9363541e-01
  -3.2015322e-02
   2.5599290e-01
   4.9298533e-01
   5.9406415e-01
   5.2876729e-01
   3.4099761e-01
   1.0328544e-01
  -1.3637448e-01
  -3.5375555e-01
  -5.1081040e-01
  -5.4933068e-01
  -4.3726427e-01
  -2.1037603e-01
   4.8593924e-02
   2.7128547e-01
   4.3254623e-01
   5.2114968e-01
   5.0678061e-01
   3.5966879e-01
   1.0108299e-01
  -1.8642744e-01
  -4.1120839e-01
  -5.2833111e-01
  -5.3799974e-01
  -4.4406521e-01
  -2.4084908e-01
   5.0106673e-02
   3.4960989e-01
   5.5232279e-01
   5.9540760e-01
   4.8889265e-01
   2.8093659e-01
   1.2601860e-02
  -2.7950925e-01
  -5.3070228e-01
  -6.5171488e-01
  -5.8570882e-01
  -3.5753257e-01
  -5.5241151e-02
   2.3433190e-01
   4.6161570e-01
   5.9395877e-01
   5.9009014e-01
   4.2281389e-01
   1.2697328e-01
  -1.9698707e-01
  -4.4278155e-01
  -5.5944371e-01
  -5.5114682e-01
  -4.3319606e-01
  -2.1350761e-01
   7.6880606e-02
   3.5799274e-01
   5.3314176e-01
   5.5376902e-01
   4.4318363e-01
   2.5556154e-01
   2.7611951e-02
  -2.1764197e-01
  -4.3352541e-01
  -5.4645800e-01
  -5.0641749e-01
  -3.3246467e-01
  -9.5315066e-02
   1.4108761e-01
   3.4692736e-01
   4.9848296e-01
   5.4900639e-01
   4.5309862e-01
   2.2081431e-01
  -7.0211640e-02
  -3.2625171e-01
  -4.9363523e-01
  -5.5909908e-01
  -5.1207967e-01
  -3.3585273e-01
  -4.7083772e-02
   2.7341947e-01
   5.1359713e-01
   6.0065453e-01
   5.3351145e-01
   3.5071884e-01
   8.8054143e-02
  -2.1730312e-01
  -4.9503615e-01
  -6.4777046e-01
  -6.1064465e-01
  -4.0214723e-01
  -1.0655204e-01
   1.8968028e-01
   4.3361762e-01
   5.8660780e-01
   6.0115355e-01
   4.4587401e-01
   1.5421658e-01
  -1.7261484e-01
  -4.2624303e-01
  -5.5268075e-01
  -5.5269728e-01
  -4.3905123e-01
  -2.1926363e-01
   7.3783759e-02
   3.5740336e-01
   5.3295528e-01
   5.5130068e-01
   4.3620976e-01
   2.4307722e-01
   1.0712785e-02
  -2.3511429e-01
  -4.4558206e-01
  -5.4713178e-01
  -4.9240826e-01
  -3.0469825e-01
  -5.8862742e-02
   1.7810155e-01
   3.7480752e-01
   5.0799782e-01
   5.3420935e-01
   4.1411897e-01
   1.6497915e-01
  -1.2987635e-01
  -3.7446579e-01
  -5.1673352e-01
  -5.4836520e-01
  -4.6637507e-01
  -2.6316308e-01
   3.6116039e-02
   3.4580798e-01
   5.5488346e-01
   5.9747113e-01
   4.8326236e-01
   2.6267609e-01
  -1.8074324e-02
  -3.1522077e-01
  -5.5807430e-01
  -6.5640317e-01
  -5.5881638e-01
  -2.9982529e-01
   2.2416165e-02
   3.1335028e-01
   5.1959455e-01
   6.1011499e-01
   5.5212371e-01
   3.3304150e-01
   4.1448535e-03
  -3.2203027e-01
  -5.3582140e-01
  -5.9226099e-01
  -5.0897913e-01
  -3.1954207e-01
  -5.1559059e-02
   2.4788747e-01
   4.9236471e-01
   5.9187997e-01
   5.1627943e-01
   3.1334025e-01
   6.1159808e-02
  -1.8548243e-01
  -3.9543589e-01
  -5.2706021e-01
  -5.2574620e-01
  -3.7047360e-01
  -1.1105382e-01
   1.5836778e-01
   3.6373574e-01
   4.8032678e-01
   5.0374561e-01
   4.1762803e-01
   2.1176357e-01
  -7.3163739e-02
  -3.4297600e-01
  -5.0679971e-01
  -5.3222278e-01
  -4.3991908e-01
  -2.5824997e-01
  -5.9705982e-03
   2.7718006e-01
   5.0743852e-01
   5.9270127e-01
   4.9844055e-01
   2.6966231e-01
  -1.3187907e-02
  -2.8657875e-01
  -5.0650069e-01
  -6.1992024e-01
  -5.6877575e-01
  -3.4057512e-01
  -4.9001652e-03
   3.1871457e-01
   5.3381607e-01
   6.0499749e-01
   5.3471531e-01
   3.3135895e-01
   2.1104167e-02
  -3.1896336e-01
  -5.7128625e-01
  -6.4402954e-01
  -5.2820647e-01
  -2.8596771e-01
   7.4166142e-03
   2.9588053e-01
   5.2477220e-01
   6.2399626e-01
   5.4052727e-01
   2.9222494e-01
  -2.7240579e-02
  -3.0838785e-01
  -4.8759164e-01
  -5.4961140e-01
  -4.8992739e-01
  -3.0349058e-01
  -1.8590463e-02
   2.7948610e-01
   4.8508690e-01
   5.3982330e-01
   4.5743464e-01
   2.8479471e-01
   5.6842383e-02
  -1.9828184e-01
  -4.2501709e-01
  -5.4273236e-01
  -4.9958717e-01
  -3.1724643e-01
  -7.0953787e-02
   1.7001663e-01
   3.6997328e-01
   5.0085958e-01
   5.1713976e-01
   3.8237046e-01
   1.2050333e-01
  -1.7821353e-01
  -4.1369452e-01
  -5.3344456e-01
  -5.3223940e-01
  -4.1401721e-01
  -1.8177789e-01
   1.2773342e-01
   4.2134264e-01
   5.8882754e-01
   5.7385218e-01
   4.0114633e-01
   1.3747453e-01
  -1.5681292e-01
  -4.2947947e-01
  -6.1092201e-01
  -6.2387626e-01
  -4.3960664e-01
  -1.1798619e-01
   2.2310658e-01
   4.8076626e-01
   6.0661339e-01
   5.8733153e-01
   4.1779019e-01
   1.1699028e-01
  -2.3761604e-01
  -5.2210916e-01
  -6.3489199e-01
  -5.5624994e-01
  -3.3902112e-01
  -5.3115169e-02
   2.4507533e-01
   4.9537000e-01
   6.1967632e-01
   5.5770266e-01
   3.2259255e-01
   6.1193767e-03
  -2.8150675e-01
  -4.7344487e-01
  -5.4952331e-01
  -5.0051366e-01
  -3.1903664e-01
  -3.4117929e-02
   2.6639635e-01
   4.7431844e-01
   5.2968707e-01
   4.4562647e-01
   2.6941002e-01
   3.7803664e-02
  -2.1798840e-01
  -4.3964312e-01
  -5.4608751e-01
  -4.8810919e-01
  -2.9192170e-01
  -3.7330457e-02
   2.0308051e-01
   3.9211677e-01
   5.0270033e-01
   4.9357323e-01
   3.3561159e-01
   6.0910749e-02
  -2.3456812e-01
  -4.4972592e-01
  -5.3597110e-01
  -4.9573339e-01
  -3.4285104e-01
  -9.0598856e-02
   2.1646407e-01
   4.8310738e-01
   6.0465242e-01
   5.3673796e-01
   3.1880375e-01
   3.0816144e-02
  -2.5849724e-01
  -4.9561727e-01
  -6.1805936e-01
  -5.6352371e-01
  -3.2255953e-01
   2.7319874e-02
   3.5812911e-01
   5.6759852e-01
   6.1851655e-01
   5.1655604e-01
   2.7908783e-01
  -5.4551234e-02
  -3.9505672e-01
  -6.1988463e-01
  -6.4262276e-01
  -4.6826862e-01
  -1.7665254e-01
   1.4044055e-01
   4.1563928e-01
   5.9216764e-01
   6.1008062e-01
   4.3805095e-01
   1.2088393e-01
  -2.2504926e-01
  -4.7955993e-01
  -5.8322506e-01
  -5.3860403e-01
  -3.6884864e-01
  -1.0050050e-01
   2.1134414e-01
   4.6894558e-01
   5.7434962e-01
   4.9540889e-01
   2.8249694e-01
   1.9073006e-02
  -2.3259781e-01
  -4.3338147e-01
  -5.3757432e-01
  -4.9504841e-01
  -2.9785239e-01
  -1.1789502e-02
   2.5721015e-01
   4.3131748e-01
   4.9017733e-01
   4.4122764e-01
   2.8680073e-01
   3.9064948e-02
  -2.4277321e-01
  -4.5854443e-01
  -5.2780804e-01
  -4.4167942e-01
  -2.5007216e-01
  -9.2396639e-03
   2.4142064e-01
   4.5502265e-01
   5.5970214e-01
   4.9456434e-01
   2.6743074e-01
  -3.6890756e-02
  -3.1302367e-01
  -4.9380544e-01
  -5.5389658e-01
  -4.7862299e-01
  -2.6094058e-01
   6.1077096e-02
   3.8439719e-01
   5.8593742e-01
   5.9790921e-01
   4.3738751e-01
   1.6903464e-01
  -1.4207100e-01
  -4.3339653e-01
  -6.2443466e-01
  -6.3251237e-01
  -4.3179793e-01
  -9.1169312e-02
   2.6113973e-01
   5.1436614e-01
   6.1693419e-01
   5.5870127e-01
   3.4517707e-01
   1.1588774e-02
  -3.4892115e-01
  -6.0489841e-01
  -6.5958373e-01
  -5.0893220e-01
  -2.2695210e-01
   9.5647122e-02
   3.8737884e-01
   5.8393273e-01
   6.1801534e-01
   4.5433851e-01
   1.3791881e-01
  -2.1193516e-01
  -4.7125472e-01
  -5.7717414e-01
  -5.3004910e-01
  -3.5325270e-01
  -7.6655275e-02
   2.3940087e-01
   4.9295740e-01
   5.8552263e-01
   4.8850330e-01
   2.5820993e-01
  -1.5731728e-02
  -2.6620338e-01
  -4.5187181e-01
  -5.2904983e-01
  -4.5462165e-01
  -2.3107284e-01
   6.5817496e-02
   3.2464592e-01
   4.6853555e-01
   4.8397723e-01
   3.8937675e-01
   1.9990878e-01
  -6.0658523e-02
  -3.2680529e-01
  -5.0065124e-01
  -5.1289631e-01
  -3.7121122e-01
  -1.4219946e-01
   1.0574180e-01
   3.2870214e-01
   4.8461684e-01
   5.1580389e-01
   3.8206744e-01
   1.1240484e-01
  -1.9390930e-01
  -4.2873999e-01
  -5.3472151e-01
  -5.0608878e-01
  -3.5267822e-01
  -9.0837843e-02
   2.2588058e-01
   4.9275080e-01
   6.0085019e-01
   5.0882794e-01
   2.6442358e-01
  -4.1947065e-02
  -3.3158547e-01
  -5.4454130e-01
  -6.1956614e-01
  -5.0599638e-01
  -2.1411444e-01
   1.5833512e-01
   4.7123725e-01
   6.2305173e-01
   5.8992158e-01
   4.0025970e-01
   9.8646551e-02
  -2.5113021e-01
  -5.4726988e-01
  -6.7396076e-01
  -5.7098815e-01
  -2.8089858e-01
   7.9982817e-02
   3.9552569e-01
   5.9316124e-01
   6.3285815e-01
   4.9133764e-01
   1.8522027e-01
  -1.9633923e-01
  -5.1212076e-01
  -6.4606421e-01
  -5.7088346e-01
  -3.3963393e-01
  -3.0452077e-02
   2.8551543e-01
   5.3270867e-01
   6.2605693e-01
   5.1256403e-01
   2.2452758e-01
  -1.2424281e-01
  -4.0762700e-01
  -5.5376143e-01
  -5.4978793e-01
  -4.0622159e-01
  -1.4507362e-01
   1.7415104e-01
   4.4474153e-01
   5.6095590e-01
   4.8692867e-01
   2.7305911e-01
   5.6297898e-03
  -2.4783778e-01
  -4.4199124e-01
  -5.2778969e-01
  -4.5854530e-01
  -2.3646718e-01
   6.0636652e-02
   3.1903364e-01
   4.6036323e-01
   4.7064105e-01
   3.6911786e-01
   1.7379561e-01
  -8.7073625e-02
  -3.4407935e-01
  -4.9896137e-01
  -4.8668955e-01
  -3.2225747e-01
  -7.9761921e-02
   1.6697351e-01
   3.7195241e-01
   4.9549151e-01
   4.8759721e-01
   3.2004441e-01
   3.4247329e-02
  -2.6276374e-01
  -4.6314231e-01
  -5.1787160e-01
  -4.3508517e-01
  -2.4064545e-01
   3.4824493e-02
   3.2978858e-01
   5.4193568e-01
   5.7623174e-01
   4.1299845e-01
   1.2226102e-01
  -1.8991486e-01
  -4.4048646e-01
  -5.7803278e-01
  -5.6148126e-01
  -3.6758833e-01
  -3.3459082e-02
   3.2632655e-01
   5.7166646e-01
   6.1874419e-01
   4.7379796e-01
   1.9882168e-01
  -1.3403458e-01
  -4.4772843e-01
  -6.4698233e-01
  -6.4247305e-01
  -4.1356070e-01
  -4.2902857e-02
   3.2592521e-01
   5.7135099e-01
   6.3906355e-01
   5.2622080e-01
   2.5575731e-01
  -1.1379282e-01
  -4.6942472e-01
  -6.7349945e-01
  -6.4137586e-01
  -3.9555118e-01
  -4.1581189e-02
   3.0322967e-01
   5.5375787e-01
   6.5077178e-01
   5.5269135e-01
   2.6530782e-01
  -1.2324502e-01
  -4.6490140e-01
  -6.3263383e-01
  -5.8759565e-01
  -3.7382972e-01
  -6.5886781e-02
   2.6190262e-01
   5.2587697e-01
   6.3251432e-01
   5.2430639e-01
   2.3420516e-01
  -1.1993980e-01
  -4.0714552e-01
  -5.5164350e-01
  -5.3895066e-01
  -3.8162259e-01
  -1.0777742e-01
   2.1509259e-01
   4.7476840e-01
   5.6613215e-01
   4.6035468e-01
   2.1834486e-01
  -6.3448495e-02
  -3.1064534e-01
  -4.7654470e-01
  -5.1796260e-01
  -4.0119907e-01
  -1.4506969e-01
   1.5875913e-01
   3.9136338e-01
   4.8005608e-01
   4.2539165e-01
   2.6571842e-01
   3.7733348e-02
  -2.1733862e-01
  -4.2796826e-01
  -5.0729623e-01
  -4.1281380e-01
  -1.8574236e-01
   7.8928861e-02
   2.9846368e-01
   4.3244972e-01
   4.6016177e-01
   3.5971283e-01
   1.3265963e-01
  -1.5786851e-01
  -3.9968040e-01
  -4.9923082e-01
  -4.3694479e-01
  -2.5624572e-01
  -1.3741683e-02
   2.4256224e-01
   4.5303339e-01
   5.3794600e-01
   4.4041102e-01
   1.8286357e-01
  -1.3278493e-01
  -3.8970729e-01
  -5.1878604e-01
  -5.0321326e-01
  -3.4773140e-01
  -7.3312618e-02
   2.5409527e-01
   5.1727196e-01
   6.0267420e-01
   4.7484512e-01
   1.9476244e-01
  -1.3184730e-01
  -4.1359823e-01
  -5.8508667e-01
  -5.9163462e-01
  -4.0295066e-01
  -5.8143292e-02
   3.1963687e-01
   5.8022242e-01
   6.3252003e-01
   4.8046395e-01
   1.8941582e-01
  -1.6005884e-01
  -4.8039753e-01
  -6.6898275e-01
  -6.3726445e-01
  -3.7438858e-01
   2.2380000e-02
   3.9662194e-01
   6.2092560e-01
   6.4440376e-01
   4.7659718e-01
   1.5914510e-01
  -2.2998006e-01
  -5.6551146e-01
  -7.1148950e-01
  -6.0016443e-01
  -2.8053170e-01
   1.1534527e-01
   4.5277771e-01
   6.4430775e-01
   6.4539054e-01
   4.4353242e-01
   7.9940135e-02
  -3.2786222e-01
  -6.2039804e-01
  -6.8284005e-01
  -5.0862755e-01
  -1.8352676e-01
   1.7997983e-01
   4.8541795e-01
   6.5099504e-01
   6.1090715e-01
   3.5426390e-01
  -3.5608308e-02
  -4.0473942e-01
  -6.1350189e-01
  -6.0822408e-01
  -4.2038787e-01
  -1.1853757e-01
   2.2023523e-01
   5.0279059e-01
   6.2511872e-01
   5.2377142e-01
   2.3211840e-01
  -1.2725203e-01
  -4.1750683e-01
  -5.5829076e-01
  -5.3354720e-01
  -3.5888683e-01
  -7.0307660e-02
   2.5502815e-01
   4.9898669e-01
   5.5865559e-01
   4.1541312e-01
   1.4407749e-01
  -1.4665036e-01
  -3.7576382e-01
  -4.9797855e-01
  -4.8070547e-01
  -3.0858722e-01
  -2.0995103e-02
   2.7602028e-01
   4.6216017e-01
   4.7764097e-01
   3.4567610e-01
   1.2970220e-01
  -1.1338222e-01
  -3.3335060e-01
  -4.6534237e-01
  -4.4510973e-01
  -2.6254438e-01
   1.0312409e-02
   2.6072495e-01
   4.0758189e-01
   4.3080351e-01
   3.4274846e-01
   1.5828821e-01
  -9.1484479e-02
  -3.3176436e-01
  -4.6272110e-01
  -4.2479010e-01
  -2.4284878e-01
  -1.4707547e-04
   2.2432965e-01
   3.8451704e-01
   4.4725715e-01
   3.7749625e-01
   1.6854183e-01
  -1.1805892e-01
  -3.6700882e-01
  -4.7975600e-01
  -4.3149655e-01
  -2.6143840e-01
  -2.4733987e-02
   2.2823398e-01
   4.3330256e-01
   5.0814869e-01
   3.9833032e-01
   1.3294226e-01
  -1.7928259e-01
  -4.1840507e-01
  -5.1736559e-01
  -4.6623980e-01
  -2.8054187e-01
   6.2343955e-03
   3.1848692e-01
   5.3811204e-01
   5.6261856e-01
   3.7677420e-01
   6.3329533e-02
  -2.5686646e-01
  -4.8926342e-01
  -5.7903714e-01
  -4.9447067e-01
  -2.3537974e-01
   1.3153538e-01
   4.6951900e-01
   6.3631326e-01
   5.6914668e-01
   3.1126660e-01
  -3.4807770e-02
  -3.6555338e-01
  -5.9290626e-01
  -6.3892065e-01
  -4.5985401e-01
  -9.6132516e-02
   3.1585650e-01
   6.0842497e-01
   6.7620447e-01
   5.1694834e-01
   2.0003518e-01
  -1.8064508e-01
  -5.1995409e-01
  -7.0208474e-01
  -6.3760226e-01
  -3.2884768e-01
   1.0560628e-01
   4.8984437e-01
   6.8712564e-01
   6.5127532e-01
   4.1002191e-01
   3.1988514e-02
  -3.7807102e-01
  -6.7992107e-01
  -7.4339946e-01
  -5.2769740e-01
  -1.2028983e-01
   3.1164067e-01
   6.1489400e-01
   7.0725940e-01
   5.7311797e-01
   2.4521367e-01
  -1.8795583e-01
  -5.7747784e-01
  -7.6281431e-01
  -6.6154978e-01
  -3.2238293e-01
   1.1044793e-01
   4.8317515e-01
   6.8976104e-01
   6.7570251e-01
   4.3317048e-01
   2.2242398e-02
  -4.1494304e-01
  -7.0096724e-01
  -7.1882285e-01
  -4.7667755e-01
  -8.5994695e-02
   3.1338846e-01
   6.0582842e-01
   7.0708934e-01
   5.6982539e-01
   2.1839948e-01
  -2.2489912e-01
  -5.8013367e-01
  -7.0647787e-01
  -5.7514698e-01
  -2.6008614e-01
   1.2415923e-01
   4.6639426e-01
   6.6460617e-01
   6.3776601e-01
   3.7233344e-01
  -3.8619025e-02
  -4.2591307e-01
  -6.3753260e-01
  -6.1544078e-01
  -3.9628160e-01
  -6.2062923e-02
   2.9261926e-01
   5.6083401e-01
   6.3705009e-01
   4.7224580e-01
   1.2519826e-01
  -2.5642923e-01
  -5.2213021e-01
  -5.9490730e-01
  -4.7851184e-01
  -2.1951551e-01
   1.1320203e-01
   4.1992950e-01
   5.8160148e-01
   5.1977633e-01
   2.5807884e-01
  -8.4737135e-02
  -3.7099339e-01
  -5.1605140e-01
  -4.9821659e-01
  -3.2970150e-01
  -4.8094918e-02
   2.6433564e-01
   4.8629426e-01
   5.1840947e-01
   3.5195538e-01
   7.3006686e-02
  -2.0254056e-01
  -3.9339410e-01
  -4.6162655e-01
  -3.8938363e-01
  -1.8092390e-01
   1.0651226e-01
   3.5983992e-01
   4.6842436e-01
   3.9676503e-01
   1.9788426e-01
  -4.0207450e-02
  -2.4920473e-01
  -3.8474255e-01
  -4.0546185e-01
  -2.8339790e-01
  -4.6111184e-02
   2.1024542e-01
   3.7348928e-01
   3.8868165e-01
   2.7824945e-01
   9.9120520e-02
  -1.0104325e-01
  -2.8083406e-01
  -3.8323932e-01
  -3.5168241e-01
  -1.8223189e-01
   5.2410097e-02
   2.4739837e-01
   3.3648271e-01
   3.1604988e-01
   2.1140118e-01
   4.4181014e-02
  -1.5542040e-01
  -3.2296744e-01
  -3.7861417e-01
  -2.8758589e-01
  -9.4947385e-02
   1.0927102e-01
   2.5561069e-01
   3.2030951e-01
   2.9870401e-01
   1.8334590e-01
  -1.3450153e-02
  -2.2768145e-01
  -3.6252525e-01
  -3.5492589e-01
  -2.2031712e-01
  -2.8145479e-02
   1.5638110e-01
   2.9586365e-01
   3.5898245e-01
   3.0820783e-01
   1.3312429e-01
  -1.0964271e-01
  -3.1285339e-01
  -3.8905434e-01
  -3.2394496e-01
  -1.6241031e-01
   4.0977015e-02
   2.4169122e-01
   3.8611216e-01
   4.0735290e-01
   2.6918629e-01
   1.5138440e-02
  -2.4342989e-01
  -3.9931346e-01
  -4.0987616e-01
  -2.9317123e-01
  -8.8072265e-02
   1.5978686e-01
   3.7932597e-01
   4.7629050e-01
   3.8714719e-01
   1.3794900e-01
  -1.6147301e-01
  -3.8907597e-01
  -4.7635911e-01
  -4.1376461e-01
  -2.2079332e-01
   6.1015984e-02
   3.4798575e-01
   5.2131154e-01
   4.8998379e-01
   2.5955576e-01
  -6.6421535e-02
  -3.5583168e-01
  -5.1741683e-01
  -5.1441467e-01
  -3.4459182e-01
  -4.1170218e-02
   3.0412021e-01
   5.5118477e-01
   5.8239998e-01
   3.8104655e-01
   4.0682939e-02
  -3.0079530e-01
  -5.3272552e-01
  -5.9240175e-01
  -4.5464375e-01
  -1.4116780e-01
   2.5223311e-01
   5.6754330e-01
   6.6211487e-01
   4.9626645e-01
   1.5091064e-01
  -2.3390105e-01
  -5.3139175e-01
  -6.5472520e-01
  -5.5551943e-01
  -2.4181328e-01
   1.8980925e-01
   5.6660968e-01
   7.2293072e-01
   5.9630119e-01
   2.5332254e-01
  -1.6665584e-01
  -5.2375630e-01
  -7.0912572e-01
  -6.5168870e-01
  -3.4458719e-01
   1.1726941e-01
   5.4923447e-01
   7.6481852e-01
   6.7956903e-01
   3.4498342e-01
  -1.0235748e-01
  -5.1206055e-01
  -7.5545462e-01
  -7.3984338e-01
  -4.4309227e-01
   4.3211634e-02
   5.2481734e-01
   7.9654829e-01
   7.5322517e-01
   4.3120278e-01
  -3.6986378e-02
  -4.9248278e-01
  -7.8889790e-01
  -8.1335543e-01
  -5.2876015e-01
  -2.2497231e-02
   5.0331796e-01
   8.2680729e-01
   8.2361648e-01
   5.1556194e-01
   3.0602996e-02
  -4.6538519e-01
  -8.1016401e-01
  -8.7232259e-01
  -6.0067724e-01
  -7.8228084e-02
   4.8620737e-01
   8.5578776e-01
   8.8870771e-01
   5.9337586e-01
   9.3342237e-02
  -4.3935052e-01
  -8.2817769e-01
  -9.2493632e-01
  -6.6567819e-01
  -1.2946805e-01
   4.6875902e-01
   8.7862539e-01
   9.4266279e-01
   6.5741223e-01
   1.4277570e-01
  -4.2332361e-01
  -8.5132074e-01
  -9.7800287e-01
  -7.2835985e-01
  -1.7854536e-01
   4.5041376e-01
   8.9568935e-01
   9.8593161e-01
   7.0767179e-01
   1.7843732e-01
  -4.1774786e-01
  -8.7921623e-01
  -1.0295334e+00
  -7.8464571e-01
  -2.1932558e-01
   4.3882824e-01
   9.1530147e-01
   1.0266196e+00
   7.5143318e-01
   2.0662316e-01
  -4.1700535e-01
  -9.0632933e-01
  -1.0734661e+00
  -8.2759605e-01
  -2.4406693e-01
   4.4204398e-01
   9.4503899e-01
   1.0710768e+00
   7.9331491e-01
   2.3013026e-01
  -4.1980055e-01
  -9.3229326e-01
  -1.1097825e+00
  -8.5718836e-01
  -2.5275293e-01
   4.5971453e-01
   9.8364502e-01
   1.1166291e+00
   8.2897399e-01
   2.4306171e-01
  -4.3313351e-01
  -9.6458359e-01
  -1.1458499e+00
  -8.8033491e-01
  -2.5182166e-01
   4.8561380e-01
   1.0247216e+00
   1.1564066e+00
   8.5101860e-01
   2.3776304e-01
  -4.6442302e-01
  -1.0098155e+00
  -1.1870403e+00
  -9.0099741e-01
  -2.4396272e-01
   5.1797209e-01
   1.0670276e+00
   1.1894511e+00
   8.5878873e-01
   2.1414805e-01
  -5.1276447e-01
  -1.0657205e+00
  -1.2295651e+00
  -9.1401630e-01
  -2.2306227e-01
   5.6332106e-01
   1.1170539e+00
   1.2219950e+00
   8.5834236e-01
   1.7841265e-01
  -5.7145811e-01
  -1.1248811e+00
  -1.2653757e+00
  -9.1112103e-01
  -1.8124452e-01
   6.2852855e-01
   1.1802709e+00
   1.2580827e+00
   8.5261982e-01
   1.3291222e-01
  -6.3825979e-01
  -1.1849642e+00
  -1.2922395e+00
  -8.9071123e-01
  -1.1821277e-01
   7.1205312e-01
   1.2531395e+00
   1.2924901e+00
   8.3540677e-01
   7.1267701e-02
  -7.1906827e-01
  -1.2511707e+00
  -1.3149459e+00
  -8.5781984e-01
  -3.9970310e-02
   8.0646592e-01
   1.3268701e+00
   1.3156956e+00
   7.9745558e-01
  -1.4464600e-02
  -8.1984974e-01
  -1.3274243e+00
  -1.3359348e+00
  -8.1434692e-01
   5.1197169e-02
   9.0859789e-01
   1.3975860e+00
   1.3239383e+00
   7.3629309e-01
  -1.2441044e-01
  -9.3787452e-01
  -1.4084208e+00
  -1.3483256e+00
  -7.5318831e-01
   1.6142758e-01
   1.0230608e+00
   1.4686652e+00
   1.3203859e+00
   6.5620036e-01
  -2.5212144e-01
  -1.0642290e+00
  -1.4834349e+00
  -1.3410007e+00
  -6.6451352e-01
   2.9795697e-01
   1.1540651e+00
   1.5419044e+00
   1.3058240e+00
   5.5856739e-01
  -3.9446134e-01
  -1.1938712e+00
  -1.5464631e+00
  -1.3087127e+00
  -5.4565707e-01
   4.5967143e-01
   1.2966600e+00
   1.6096666e+00
   1.2718708e+00
   4.3624797e-01
  -5.5610553e-01
  -1.3290188e+00
  -1.5985312e+00
  -1.2532999e+00
  -4.0117882e-01
   6.3830294e-01
   1.4392821e+00
   1.6588262e+00
   1.2062701e+00
   2.8005811e-01
  -7.4205693e-01
  -1.4709237e+00
  -1.6389388e+00
  -1.1745450e+00
  -2.3340217e-01
   8.2819357e-01
   1.5737998e+00
   1.6810123e+00
   1.1031611e+00
   8.8809401e-02
  -9.4815684e-01
  -1.6112156e+00
  -1.6576448e+00
  -1.0636926e+00
  -3.7044945e-02
   1.0306325e+00
   1.6988927e+00
   1.6750372e+00
   9.6446600e-01
  -1.3051166e-01
  -1.1622990e+00
  -1.7346348e+00
  -1.6395195e+00
  -9.0907572e-01
   1.9404054e-01
   1.2463069e+00
   1.8119559e+00
   1.6384073e+00
   7.9103486e-01
  -3.7202262e-01
  -1.3741962e+00
  -1.8292672e+00
  -1.5748859e+00
  -7.0665664e-01
   4.5672030e-01
   1.4659312e+00
   1.9007768e+00
   1.5601497e+00
   5.7656025e-01
  -6.3610098e-01
  -1.5797534e+00
  -1.8901709e+00
  -1.4622776e+00
  -4.6165726e-01
   7.3838313e-01
   1.6717189e+00
   1.9467327e+00
   1.4255773e+00
   3.1357512e-01
  -9.2255353e-01
  -1.7737393e+00
  -1.9117152e+00
  -1.3004111e+00
  -1.7998938e-01
   1.0262418e+00
   1.8474826e+00
   1.9355377e+00
   1.2273029e+00
   4.2142730e-03
  -1.2206208e+00
  -1.9409088e+00
  -1.8799213e+00
  -1.0815977e+00
   1.3754659e-01
   1.3126085e+00
   1.9834644e+00
   1.8614513e+00
   9.6842840e-01
  -3.3809699e-01
  -1.5091682e+00
  -2.0581934e+00
  -1.7764481e+00
  -7.9706396e-01
   4.8915964e-01
   1.5884502e+00
   2.0697185e+00
   1.7203487e+00
   6.5494693e-01
  -6.9728778e-01
  -1.7665604e+00
  -2.1056481e+00
  -1.5901071e+00
  -4.4831766e-01
   8.6154988e-01
   1.8341677e+00
   2.0882515e+00
   1.5029214e+00
   2.8951059e-01
  -1.0607333e+00
  -1.9767441e+00
  -2.0722512e+00
  -1.3217633e+00
  -5.0412730e-02
   1.2288505e+00
   2.0209145e+00
   2.0164088e+00
   1.1994509e+00
  -1.2319253e-01
  -1.4138548e+00
  -2.1239716e+00
  -1.9504209e+00
  -9.7800407e-01
   3.7587454e-01
   1.5622657e+00
   2.1218433e+00
   1.8390006e+00
   8.1179538e-01
  -5.6554532e-01
  -1.7308645e+00
  -2.1851394e+00
  -1.7293766e+00
  -5.6470933e-01
   8.1092325e-01
   1.8375596e+00
   2.1197367e+00
   1.5551129e+00
   3.5827835e-01
  -1.0048391e+00
  -1.9755044e+00
  -2.1328891e+00
  -1.3995598e+00
  -9.1672450e-02
   1.2321834e+00
   2.0315497e+00
   2.0034147e+00
   1.1733485e+00
  -1.3324155e-01
  -1.4028258e+00
  -2.1128509e+00
  -1.9485491e+00
  -9.6524020e-01
   4.1640536e-01
   1.6053842e+00
   2.1152156e+00
   1.7617086e+00
   7.0538467e-01
  -6.3315681e-01
  -1.7249549e+00
  -2.1191606e+00
  -1.6310773e+00
  -4.5095683e-01
   9.1701389e-01
   1.8852162e+00
   2.0569792e+00
   1.3877296e+00
   1.6966602e-01
  -1.1078416e+00
  -1.9392818e+00
  -1.9807068e+00
  -1.1941037e+00
   1.0466957e-01
   1.3597334e+00
   2.0281818e+00
   1.8367362e+00
   8.9196868e-01
  -3.9804335e-01
  -1.5121220e+00
  -2.0111164e+00
  -1.6888297e+00
  -6.5947088e-01
   6.5806785e-01
   1.6978636e+00
   2.0051844e+00
   1.4570675e+00
   3.0992656e-01
  -9.4177271e-01
  -1.7907473e+00
  -1.9070677e+00
  -1.2441114e+00
  -5.9485282e-02
   1.1611521e+00
   1.8906515e+00
   1.8033403e+00
   9.4204510e-01
  -3.0392555e-01
  -1.3964585e+00
  -1.8930073e+00
  -1.6103638e+00
  -6.6948597e-01
   5.5401206e-01
   1.5562705e+00
   1.9004039e+00
   1.4223736e+00
   3.3028298e-01
  -8.8759832e-01
  -1.7029802e+00
  -1.7886225e+00
  -1.1341230e+00
  -1.8101618e-02
   1.1081131e+00
   1.7796402e+00
   1.6977979e+00
   8.7829269e-01
  -3.2541650e-01
  -1.3761643e+00
  -1.8148058e+00
  -1.4728034e+00
  -5.2123905e-01
   6.3391054e-01
   1.5225658e+00
   1.7785217e+00
   1.2782531e+00
   2.1525863e-01
  -9.5227852e-01
  -1.7008214e+00
  -1.6983609e+00
  -9.6361546e-01
   1.6441912e-01
   1.2029365e+00
   1.7294978e+00
   1.5306046e+00
   6.7619173e-01
  -4.8827249e-01
  -1.4594204e+00
  -1.7955532e+00
  -1.3395210e+00
  -3.0373146e-01
   8.4313878e-01
   1.6085798e+00
   1.6853735e+00
   1.0516965e+00
  -3.5891755e-02
  -1.1303300e+00
  -1.7559369e+00
  -1.6171669e+00
  -7.5966028e-01
   4.3150047e-01
   1.4195649e+00
   1.7785366e+00
   1.3745775e+00
   3.9228701e-01
  -7.6080116e-01
  -1.6074032e+00
  -1.7762957e+00
  -1.1671632e+00
  -2.8215738e-02
   1.1329083e+00
   1.7904292e+00
   1.6590471e+00
   8.1545878e-01
  -3.6578042e-01
  -1.3898564e+00
  -1.8332400e+00
  -1.4973102e+00
  -4.9953469e-01
   7.4275371e-01
   1.6750670e+00
   1.8682930e+00
   1.2364592e+00
   7.2545282e-02
  -1.1092779e+00
  -1.8122235e+00
  -1.7501828e+00
  -9.4276349e-01
   2.8754684e-01
   1.4206672e+00
   1.9470707e+00
   1.6119268e+00
   5.5802066e-01
  -7.3759318e-01
  -1.7017485e+00
  -1.9302104e+00
  -1.3416860e+00
  -1.8453318e-01
   1.0654156e+00
   1.8774453e+00
   1.8798384e+00
   1.0450788e+00
  -2.6575940e-01
  -1.4617571e+00
  -2.0107734e+00
  -1.6875941e+00
  -6.5066085e-01
   6.5547831e-01
   1.6882768e+00
   2.0098226e+00
   1.4613444e+00
   2.5619171e-01
  -1.0810159e+00
  -1.9453773e+00
  -1.9475419e+00
  -1.1003289e+00
   2.0825845e-01
   1.4132276e+00
   2.0141699e+00
   1.7605120e+00
   7.4492112e-01
  -6.1354301e-01
  -1.7209473e+00
  -2.0709664e+00
  -1.4985970e+00
  -2.6895948e-01
   1.0605033e+00
   1.9132752e+00
   1.9413888e+00
   1.1446844e+00
  -1.4526330e-01
  -1.3871878e+00
  -2.0363035e+00
  -1.7863909e+00
  -7.3635030e-01
   6.3702336e-01
   1.7106483e+00
   2.0183143e+00
   1.4506892e+00
   2.7003906e-01
  -1.0215039e+00
  -1.8798570e+00
  -1.9275386e+00
  -1.1230046e+00
   1.8918495e-01
   1.4144831e+00
   1.9929889e+00
   1.6757712e+00
   6.2954006e-01
  -6.7057510e-01
  -1.6674045e+00
  -1.9449728e+00
  -1.3814383e+00
  -2.0594364e-01
   1.0712027e+00
   1.8689554e+00
   1.8153687e+00
   9.4147700e-01
  -3.3797577e-01
  -1.4422398e+00
  -1.8986947e+00
  -1.5295568e+00
  -4.9980604e-01
   7.5322611e-01
   1.6828120e+00
   1.8605924e+00
   1.1895929e+00
  -2.3764456e-02
  -1.2118270e+00
  -1.8323760e+00
  -1.6266121e+00
  -7.1136702e-01
   5.0401325e-01
   1.4974190e+00
   1.8357081e+00
   1.3529330e+00
   2.4696552e-01
  -9.8022234e-01
  -1.7528960e+00
  -1.7129379e+00
  -8.9639822e-01
   3.0583158e-01
   1.3540325e+00
   1.7985598e+00
   1.4501910e+00
   4.4998271e-01
  -7.7143359e-01
  -1.6585037e+00
  -1.7862491e+00
  -1.0850827e+00
   1.1163457e-01
   1.2406218e+00
   1.7928807e+00
   1.5397926e+00
   6.0500655e-01
  -6.0597611e-01
  -1.5657904e+00
  -1.8343954e+00
  -1.2637754e+00
  -9.8793157e-02
   1.1169645e+00
   1.8097216e+00
   1.6655062e+00
   7.6919682e-01
  -4.6458692e-01
  -1.4934206e+00
  -1.8697145e+00
  -1.4150428e+00
  -3.0760036e-01
   9.6417310e-01
   1.8065387e+00
   1.8128359e+00
   9.7891466e-01
  -2.9755172e-01
  -1.4279932e+00
  -1.9144362e+00
  -1.5530834e+00
  -4.9912722e-01
   7.9664998e-01
   1.7583394e+00
   1.9306777e+00
   1.2098070e+00
  -7.8086616e-02
  -1.3276392e+00
  -1.9604147e+00
  -1.7028839e+00
  -6.8890822e-01
   6.2856668e-01
   1.6766666e+00
   1.9896155e+00
   1.4056529e+00
   1.6503812e-01
  -1.1680406e+00
  -1.9656124e+00
  -1.8535443e+00
  -8.9736954e-01
   4.4946554e-01
   1.5800143e+00
   2.0041713e+00
   1.5391043e+00
   3.7792240e-01
  -9.7421452e-01
  -1.8999448e+00
  -1.9554366e+00
  -1.1049745e+00
   2.4751997e-01
   1.4654115e+00
   1.9985428e+00
   1.6287041e+00
   5.3643856e-01
  -7.9647907e-01
  -1.7837623e+00
  -1.9728468e+00
  -1.2563207e+00
   4.7145577e-02
   1.3241669e+00
   1.9707196e+00
   1.6975548e+00
   6.5669103e-01
  -6.6166147e-01
  -1.6694358e+00
  -1.9273512e+00
  -1.3167496e+00
  -9.8190954e-02
   1.1770614e+00
   1.9064510e+00
   1.7365193e+00
   7.5385074e-01
  -5.6142476e-01
  -1.5905113e+00
  -1.8765980e+00
  -1.3120495e+00
  -1.5794646e-01
   1.0725914e+00
   1.8203545e+00
   1.7244154e+00
   8.1196657e-01
  -4.8636598e-01
  -1.5426783e+00
  -1.8561258e+00
  -1.3000873e+00
  -1.5716549e-01
   1.0419882e+00
   1.7609250e+00
   1.6753242e+00
   8.0960204e-01
  -4.5146099e-01
  -1.5137420e+00
  -1.8569534e+00
  -1.3102379e+00
  -1.4677637e-01
   1.0670274e+00
   1.7653538e+00
   1.6426561e+00
   7.6522675e-01
  -4.7340291e-01
  -1.5129305e+00
  -1.8600934e+00
  -1.3261790e+00
  -1.4897837e-01
   1.1031130e+00
   1.8203890e+00
   1.6669994e+00
   7.3431661e-01
  -5.3233047e-01
  -1.5555282e+00
  -1.8730974e+00
  -1.3273191e+00
  -1.4655477e-01
   1.1277231e+00
   1.8797100e+00
   1.7320456e+00
   7.5330202e-01
  -5.7763740e-01
  -1.6267638e+00
  -1.9162050e+00
  -1.3260614e+00
  -1.2403766e-01
   1.1523173e+00
   1.9143940e+00
   1.7847582e+00
   7.9922658e-01
  -5.7925078e-01
  -1.6820028e+00
  -1.9801480e+00
  -1.3476270e+00
  -9.8356595e-02
   1.1881674e+00
   1.9320764e+00
   1.7930877e+00
   8.1703009e-01
  -5.6091638e-01
  -1.6909925e+00
  -2.0195638e+00
  -1.3817120e+00
  -9.3347197e-02
   1.2202721e+00
   1.9467187e+00
   1.7683575e+00
   7.7955638e-01
  -5.7162804e-01
  -1.6707063e+00
  -1.9974968e+00
  -1.3769494e+00
  -9.3480271e-02
   1.2296963e+00
   1.9485067e+00
   1.7303929e+00
   7.0470314e-01
  -6.3155996e-01
  -1.6633629e+00
  -1.9251841e+00
  -1.2924126e+00
  -4.5350341e-02
   1.2326643e+00
   1.9188748e+00
   1.6702244e+00
   6.1374235e-01
  -7.2129617e-01
  -1.6883935e+00
  -1.8456866e+00
  -1.1422776e+00
   8.6960629e-02
   1.2762161e+00
   1.8675358e+00
   1.5637415e+00
   4.9347877e-01
  -8.2307747e-01
  -1.7303174e+00
  -1.7837565e+00
  -9.7662290e-01
   2.8098146e-01
   1.3876678e+00
   1.8338449e+00
   1.4149230e+00
   3.1633880e-01
  -9.5196425e-01
  -1.7730016e+00
  -1.7265312e+00
  -8.2414928e-01
   4.8208280e-01
   1.5407359e+00
   1.8433168e+00
   1.2640222e+00
   8.9752373e-02
  -1.1305139e+00
  -1.8264346e+00
  -1.6540892e+00
  -6.6987546e-01
   6.6289410e-01
   1.6830011e+00
   1.8742197e+00
   1.1438749e+00
  -1.3672471e-01
  -1.3415993e+00
  -1.9047939e+00
  -1.5705227e+00
  -4.9056290e-01
   8.4027394e-01
   1.7894453e+00
   1.8786196e+00
   1.0397339e+00
  -3.2201508e-01
  -1.5283745e+00
  -1.9866344e+00
  -1.4895489e+00
  -2.9312297e-01
   1.0331219e+00
   1.8732847e+00
   1.8302424e+00
   9.0504278e-01
  -4.7836630e-01
  -1.6487460e+00
  -2.0178756e+00
  -1.3969604e+00
  -1.0167853e-01
   1.2235649e+00
   1.9445655e+00
   1.7371118e+00
   7.1178054e-01
  -6.5257489e-01
  -1.7165448e+00
  -1.9617127e+00
  -1.2481836e+00
   8.6062476e-02
   1.3764551e+00
   1.9783689e+00
   1.6075385e+00
   4.7055789e-01
  -8.6848900e-01
  -1.7760029e+00
  -1.8332141e+00
  -1.0115491e+00
   3.0787256e-01
   1.4892415e+00
   1.9398486e+00
   1.4230415e+00
   2.0044854e-01
  -1.1040919e+00
  -1.8425868e+00
  -1.6731464e+00
  -7.0287834e-01
   5.9337128e-01
   1.6001555e+00
   1.8322846e+00
   1.1603373e+00
  -1.0231276e-01
  -1.3268191e+00
  -1.8859563e+00
  -1.4952587e+00
  -3.6606372e-01
   9.2273838e-01
   1.7380887e+00
   1.6987552e+00
   8.3245774e-01
  -4.4981053e-01
  -1.5325175e+00
  -1.8725936e+00
  -1.2758518e+00
  -2.6147044e-02
   1.2412102e+00
   1.8773218e+00
   1.5688992e+00
   4.8787427e-01
  -8.2359802e-01
  -1.7328209e+00
  -1.8057826e+00
  -9.9604023e-01
   3.2297096e-01
   1.5090526e+00
   1.9558847e+00
   1.4180907e+00
   1.6214739e-01
  -1.1704063e+00
  -1.9109270e+00
  -1.7072003e+00
  -6.7514432e-01
   6.8382333e-01
   1.7220086e+00
   1.9335782e+00
   1.1931813e+00
  -1.5629693e-01
  -1.4444887e+00
  -2.0117030e+00
  -1.5673791e+00
  -3.4714013e-01
   1.0270140e+00
   1.8812723e+00
   1.8161425e+00
   8.7263862e-01
  -5.0007936e-01
  -1.6428137e+00
  -1.9856224e+00
  -1.3376021e+00
  -1.3107898e-02
   1.3123497e+00
   1.9619851e+00
   1.6210305e+00
   4.8512049e-01
  -8.6976460e-01
  -1.7869375e+00
  -1.8319001e+00
  -9.8098164e-01
   3.6064356e-01
   1.5305597e+00
   1.9282836e+00
   1.3392218e+00
   6.8005457e-02
  -1.2227718e+00
  -1.8770590e+00
  -1.5864132e+00
  -5.1982986e-01
   7.8921158e-01
   1.7041888e+00
   1.7743199e+00
   9.4918868e-01
  -3.7214370e-01
  -1.5157606e+00
  -1.8806172e+00
  -1.2736671e+00
  -1.9524131e-02
   1.2275092e+00
   1.8409874e+00
   1.5318105e+00
   4.6364714e-01
  -8.4079795e-01
  -1.7393944e+00
  -1.7688538e+00
  -8.8797669e-01
   4.6824064e-01
   1.5955478e+00
   1.9008964e+00
   1.2305773e+00
  -5.7623602e-02
  -1.3051172e+00
  -1.8967159e+00
  -1.5482939e+00
  -4.2566576e-01
   9.2926258e-01
   1.8394960e+00
   1.8236273e+00
   8.6519469e-01
  -5.4994587e-01
  -1.6853111e+00
  -1.9573113e+00
  -1.2429394e+00
   8.0750311e-02
   1.3524939e+00
   1.9525182e+00
   1.5844877e+00
   4.1460316e-01
  -9.8692587e-01
  -1.9068022e+00
  -1.8572748e+00
  -8.5491017e-01
   5.7576400e-01
   1.6920834e+00
   1.9360800e+00
   1.2091241e+00
  -1.1006805e-01
  -1.3695524e+00
  -1.9507453e+00
  -1.5555449e+00
  -3.6499036e-01
   1.0221346e+00
   1.8830544e+00
   1.7633881e+00
   7.3444547e-01
  -6.5241117e-01
  -1.6797436e+00
  -1.8422051e+00
  -1.0797546e+00
   2.1938749e-01
   1.4105825e+00
   1.8920821e+00
   1.4019253e+00
   1.7603445e-01
  -1.1472837e+00
  -1.8639613e+00
  -1.5978036e+00
  -5.0526625e-01
   8.2974086e-01
   1.7232648e+00
   1.7359559e+00
   8.6861641e-01
  -4.4891689e-01
  -1.5546467e+00
  -1.8697427e+00
  -1.2062789e+00
   1.0300057e-01
   1.3640014e+00
   1.9037436e+00
   1.4450489e+00
   2.4327113e-01
  -1.0750397e+00
  -1.8457812e+00
  -1.6860996e+00
  -6.6751415e-01
   7.1042399e-01
   1.7448686e+00
   1.8811067e+00
   1.0248148e+00
  -3.8066676e-01
  -1.5894371e+00
  -1.9686374e+00
  -1.3368613e+00
  -3.4893259e-02
   1.2746299e+00
   1.9397297e+00
   1.6241136e+00
   4.7060449e-01
  -9.4669446e-01
  -1.8915455e+00
  -1.8538035e+00
  -8.4456730e-01
   5.9808665e-01
   1.7114140e+00
   1.9282285e+00
   1.1614498e+00
  -1.8268040e-01
  -1.4261714e+00
  -1.9457551e+00
  -1.4691897e+00
  -2.2402368e-01
   1.1499742e+00
   1.9225606e+00
   1.6768144e+00
   5.5104354e-01
  -8.4297292e-01
  -1.7708357e+00
  -1.7691749e+00
  -8.6189511e-01
   4.7954483e-01
   1.5748383e+00
   1.8595026e+00
   1.1690831e+00
  -1.5079332e-01
  -1.4001410e+00
  -1.9005141e+00
  -1.3822666e+00
  -1.3682846e-01
   1.1609190e+00
   1.8331641e+00
   1.5471212e+00
   4.5948802e-01
  -8.7571233e-01
  -1.7733128e+00
  -1.7518229e+00
  -7.9663817e-01
   5.9932974e-01
   1.6830748e+00
   1.8622798e+00
   1.0441493e+00
  -3.2230570e-01
  -1.5117887e+00
  -1.9141434e+00
  -1.3315343e+00
  -5.8814796e-02
   1.2604819e+00
   1.9400160e+00
   1.6013500e+00
   3.9941814e-01
  -1.0309549e+00
  -1.9161527e+00
  -1.7815847e+00
  -7.1268813e-01
   7.1329529e-01
   1.7554042e+00
   1.8892074e+00
   1.0515453e+00
  -3.3606391e-01
  -1.5637141e+00
  -1.9805054e+00
  -1.3459002e+00
   1.2477327e-02
   1.3612122e+00
   1.9725636e+00
   1.5336644e+00
   3.0190759e-01
  -1.0631141e+00
  -1.8590014e+00
  -1.6868754e+00
  -6.3580144e-01
   7.5664930e-01
   1.7589989e+00
   1.8236370e+00
   9.0157804e-01
  -5.0709226e-01
  -1.6290885e+00
  -1.8608550e+00
  -1.0998147e+00
   2.2649604e-01
   1.4145703e+00
   1.8516017e+00
   1.3116665e+00
   6.6317435e-02
  -1.2356289e+00
  -1.8895434e+00
  -1.5213450e+00
  -3.1956602e-01
   1.0544407e+00
   1.8447699e+00
   1.6314549e+00
   5.4757518e-01
  -8.2125275e-01
  -1.7591950e+00
  -1.7786369e+00
  -8.5734229e-01
   5.3815356e-01
   1.6692646e+00
   1.9101602e+00
   1.1088302e+00
  -3.0387105e-01
  -1.5518256e+00
  -1.9590459e+00
  -1.3219324e+00
   4.9895857e-03
   1.3221636e+00
   1.9487505e+00
   1.5557167e+00
   3.3289221e-01
  -1.0863088e+00
  -1.9374958e+00
  -1.7433950e+00
  -6.0064262e-01
   8.6170495e-01
   1.8437861e+00
   1.8285188e+00
   8.4897271e-01
  -5.6100671e-01
  -1.6634796e+00
  -1.8875179e+00
  -1.1099767e+00
   2.6997347e-01
   1.5154964e+00
   1.9393437e+00
   1.2986063e+00
  -5.0275097e-02
  -1.3544945e+00
  -1.9030652e+00
  -1.4205756e+00
  -1.9031796e-01
   1.1251345e+00
   1.8339666e+00
   1.5592898e+00
   4.3374324e-01
  -9.4773246e-01
  -1.8260869e+00
  -1.7003280e+00
  -6.3127974e-01
   7.8117890e-01
   1.7488540e+00
   1.7492173e+00
   8.0124504e-01
  -5.7420582e-01
  -1.6460616e+00
  -1.8456678e+00
  -1.0525003e+00
   3.2846610e-01
   1.5541725e+00
   1.9375262e+00
   1.2472733e+00
  -1.3897233e-01
  -1.4474547e+00
  -1.9588569e+00
  -1.4094194e+00
  -1.1103751e-01
   1.2412076e+00
   1.9359173e+00
   1.6011115e+00
   3.9805764e-01
  -1.0398642e+00
  -1.9255670e+00
  -1.7556998e+00
  -6.1563424e-01
   8.5717753e-01
   1.8449274e+00
   1.8192825e+00
   8.1894745e-01
  -6.0288679e-01
  -1.6898506e+00
  -1.8697561e+00
  -1.0413860e+00
   3.6148657e-01
   1.5772723e+00
   1.9242233e+00
   1.1982474e+00
  -1.9167080e-01
  -1.4587446e+00
  -1.9015420e+00
  -1.2981322e+00
  -2.0901582e-03
   1.2775501e+00
   1.8571847e+00
   1.4244644e+00
   2.0121479e-01
  -1.1538219e+00
  -1.8838629e+00
  -1.5620388e+00
  -3.5857913e-01
   1.0432056e+00
   1.8489984e+00
   1.6173211e+00
   4.9490684e-01
  -8.9331353e-01
  -1.7973029e+00
  -1.7312960e+00
  -7.1923585e-01
   7.0607087e-01
   1.7646376e+00
   1.8508009e+00
   8.9435938e-01
  -5.7370454e-01
  -1.7224085e+00
  -1.9096437e+00
  -1.0464752e+00
   3.7722308e-01
   1.5859999e+00
   1.9359000e+00
   1.2393465e+00
  -1.3929922e-01
  -1.4586098e+00
  -1.9843723e+00
  -1.4051092e+00
  -3.5003650e-02
   1.3508740e+00
   1.9704106e+00
   1.4913017e+00
   2.0409141e-01
  -1.1703761e+00
  -1.8897747e+00
  -1.5764219e+00
  -4.0146528e-01
   1.0012247e+00
   1.8575462e+00
   1.6750725e+00
   5.4171441e-01
  -9.0003281e-01
  -1.8224666e+00
  -1.7054858e+00
  -6.3544500e-01
   7.6886012e-01
   1.7268925e+00
   1.7231158e+00
   7.6535432e-01
  -6.2768786e-01
  -1.6913167e+00
  -1.8192753e+00
  -9.1483338e-01
   5.2285632e-01
   1.6687190e+00
   1.8594438e+00
   9.9082659e-01
  -4.3197507e-01
  -1.6062326e+00
  -1.8894625e+00
  -1.1352604e+00
   2.4653163e-01
   1.5067460e+00
   1.9448973e+00
   1.2937302e+00
  -1.0379608e-01
  -1.4603852e+00
  -1.9946856e+00
  -1.3997035e+00
  -2.4258454e-02
   1.3466164e+00
   1.9548106e+00
   1.4831437e+00
   2.0256561e-01
  -1.1879683e+00
  -1.9278231e+00
  -1.5969734e+00
  -3.6173679e-01
   1.0887316e+00
   1.9218464e+00
   1.6550702e+00
   4.5060594e-01
  -9.8779010e-01
  -1.8429398e+00
  -1.6535246e+00
  -5.4826253e-01
   8.5196592e-01
   1.7754466e+00
   1.7060339e+00
   6.6689213e-01
  -7.6769887e-01
  -1.7744363e+00
  -1.7590097e+00
  -7.2429594e-01
   7.2255803e-01
   1.7400217e+00
   1.7543879e+00
   7.7618418e-01
  -6.3467695e-01
  -1.6939983e+00
  -1.8135038e+00
  -9.1275651e-01
   5.2211438e-01
   1.6822493e+00
   1.8870935e+00
   9.9785449e-01
  -4.7741096e-01
  -1.6809682e+00
  -1.9222210e+00
  -1.0787923e+00
   3.5761887e-01
   1.5823994e+00
   1.9231404e+00
   1.1911792e+00
  -2.1829270e-01
  -1.5240634e+00
  -1.9782299e+00
  -1.3018195e+00
   1.2615313e-01
   1.4762163e+00
   1.9657442e+00
   1.3276778e+00
  -4.9127649e-02
  -1.3728249e+00
  -1.9083925e+00
  -1.3710486e+00
  -6.4070358e-02
   1.2848231e+00
   1.9099506e+00
   1.4379033e+00
   1.2613715e-01
  -1.2619975e+00
  -1.9067640e+00
  -1.4331288e+00
  -1.3384569e-01
   1.2245092e+00
   1.8661003e+00
   1.4416277e+00
   1.9985227e-01
  -1.1624003e+00
  -1.8754678e+00
  -1.5171589e+00
  -2.6855193e-01
   1.1580505e+00
   1.9205453e+00
   1.5580486e+00
   2.8176837e-01
  -1.1552054e+00
  -1.9201906e+00
  -1.5880302e+00
  -3.6194721e-01
   1.0645172e+00
   1.8937810e+00
   1.6525757e+00
   4.5777477e-01
  -1.0235305e+00
  -1.9331557e+00
  -1.7264482e+00
  -5.1642348e-01
   9.8318491e-01
   1.8941400e+00
   1.7026315e+00
   5.4368457e-01
  -9.0757571e-01
  -1.8332435e+00
  -1.7188523e+00
  -6.2631342e-01
   8.3179197e-01
   1.8171357e+00
   1.7435453e+00
   6.4146487e-01
  -8.3760344e-01
  -1.8113389e+00
  -1.7094514e+00
  -6.1214979e-01
   8.2267429e-01
   1.7658954e+00
   1.6888922e+00
   6.4170109e-01
  -7.8291099e-01
  -1.7689381e+00
  -1.7300263e+00
  -6.6393327e-01
   8.1431332e-01
   1.8225947e+00
   1.7519581e+00
   6.4654328e-01
  -8.3113613e-01
  -1.8148307e+00
  -1.7466288e+00
  -6.7803694e-01
   7.8071098e-01
   1.8028621e+00
   1.7962127e+00
   7.4204943e-01
  -7.6631512e-01
  -1.8445486e+00
  -1.8434858e+00
  -7.5799511e-01
   7.6209237e-01
   1.8159165e+00
   1.7995479e+00
   7.4639989e-01
  -7.2283660e-01
  -1.7699529e+00
  -1.8029251e+00
  -7.9819454e-01
   6.7509272e-01
   1.7589793e+00
   1.8023702e+00
   7.6777018e-01
  -7.2497548e-01
  -1.7752364e+00
  -1.7612507e+00
  -7.1241546e-01
   7.3437678e-01
   1.7331704e+00
   1.7161168e+00
   6.9854741e-01
  -7.3652554e-01
  -1.7562760e+00
  -1.7469779e+00
  -6.8904523e-01
   7.9972590e-01
   1.8207374e+00
   1.7509359e+00
   6.3505589e-01
  -8.5006752e-01
  -1.8231645e+00
  -1.7252618e+00
  -6.2529765e-01
   8.4086120e-01
   1.8317919e+00
   1.7663006e+00
   6.6051281e-01
  -8.5390702e-01
  -1.8779831e+00
  -1.7869070e+00
  -6.2902774e-01
   8.9517719e-01
   1.8717304e+00
   1.7349937e+00
   5.8944895e-01
  -8.8252169e-01
  -1.8309732e+00
  -1.7149561e+00
  -5.9910414e-01
   8.7393957e-01
   1.8352393e+00
   1.6983154e+00
   5.3231707e-01
  -9.5761218e-01
  -1.8623122e+00
  -1.6396685e+00
  -4.4365523e-01
   9.9370559e-01
   1.8216269e+00
   1.5664316e+00
   3.8486086e-01
  -1.0353085e+00
  -1.8596490e+00
  -1.5833495e+00
  -3.4614891e-01
   1.1193661e+00
   1.9176681e+00
   1.5514677e+00
   2.4317831e-01
  -1.2073882e+00
  -1.9288736e+00
  -1.5052573e+00
  -2.0014007e-01
   1.2206452e+00
   1.9323958e+00
   1.5136528e+00
   1.9247499e-01
  -1.2620770e+00
  -1.9753118e+00
  -1.5007591e+00
  -1.1687946e-01
   1.3324497e+00
   1.9676530e+00
   1.4210526e+00
   4.3883884e-02
  -1.3344389e+00
  -1.9094343e+00
  -1.3570005e+00
  -4.2181653e-03
   1.3559075e+00
   1.9113173e+00
   1.3122861e+00
  -9.3217733e-02
  -1.4475675e+00
  -1.9126267e+00
  -1.2046745e+00
   2.2835633e-01
   1.5030268e+00
   1.8559124e+00
   1.0929186e+00
  -3.2209320e-01
  -1.5524681e+00
  -1.8678971e+00
  -1.0644979e+00
   3.9761999e-01
   1.6404810e+00
   1.8917466e+00
   9.7836307e-01
  -5.4428825e-01
  -1.7376920e+00
  -1.8756608e+00
  -8.8966578e-01
   6.1382661e-01
   1.7396327e+00
   1.8308818e+00
   8.3597548e-01
  -6.6534496e-01
  -1.7849746e+00
  -1.8399995e+00
  -7.7728256e-01
   7.6488539e-01
   1.8368114e+00
   1.7776736e+00
   6.3674896e-01
  -8.6998892e-01
  -1.8243750e+00
  -1.6688825e+00
  -5.1813221e-01
   9.3393529e-01
   1.8243407e+00
   1.6166038e+00
   4.2115274e-01
  -1.0463803e+00
  -1.8798011e+00
  -1.5478600e+00
  -2.4862296e-01
   1.2048188e+00
   1.9063507e+00
   1.4325651e+00
   9.0443116e-02
  -1.2977690e+00
  -1.9013742e+00
  -1.3630653e+00
   2.5846475e-03
   1.3860587e+00
   1.9459881e+00
   1.3174460e+00
  -1.3719876e-01
  -1.5252227e+00
  -1.9795363e+00
  -1.2175294e+00
   2.7962440e-01
   1.5853797e+00
   1.9142336e+00
   1.0882320e+00
  -3.8401507e-01
  -1.6235010e+00
  -1.8914769e+00
  -1.0186626e+00
   4.7943258e-01
   1.6892463e+00
   1.8533107e+00
   8.5999303e-01
  -6.6753934e-01
  -1.7676661e+00
  -1.7610132e+00
  -6.7331545e-01
   8.0719618e-01
   1.7757047e+00
   1.6558272e+00
   5.2577306e-01
  -9.3482183e-01
  -1.8376545e+00
  -1.6126170e+00
  -3.7373691e-01
   1.1198873e+00
   1.9259513e+00
   1.5270090e+00
   1.7336624e-01
  -1.2816212e+00
  -1.9359090e+00
  -1.4008860e+00
  -1.6854023e-02
   1.3759595e+00
   1.9411107e+00
   1.3321995e+00
  -9.7644327e-02
  -1.4857508e+00
  -1.9693402e+00
  -1.2302990e+00
   2.7891160e-01
   1.6089497e+00
   1.9256240e+00
   1.0460675e+00
  -4.6207905e-01
  -1.6619725e+00
  -1.8327153e+00
  -8.8885356e-01
   5.8933650e-01
   1.7038384e+00
   1.7672130e+00
   7.2402124e-01
  -7.8921682e-01
  -1.8191405e+00
  -1.7022372e+00
  -5.0775192e-01
   9.9977663e-01
   1.8627749e+00
   1.5492099e+00
   2.7263703e-01
  -1.1684494e+00
  -1.8924009e+00
  -1.4583527e+00
  -1.2187054e-01
   1.3086895e+00
   1.9450713e+00
   1.3679968e+00
  -8.3282943e-02
  -1.4986628e+00
  -1.9758582e+00
  -1.2119940e+00
   3.0146123e-01
   1.6097346e+00
   1.9099536e+00
   1.0379929e+00
  -4.5857526e-01
  -1.6667473e+00
  -1.8510111e+00
  -8.9053192e-01
   6.3313256e-01
   1.7709001e+00
   1.7948479e+00
   6.7926613e-01
  -8.6333787e-01
  -1.8430143e+00
  -1.6428370e+00
  -4.1062622e-01
   1.0607103e+00
   1.8530026e+00
   1.4873393e+00
   1.9673778e-01
  -1.2245371e+00
  -1.8943285e+00
  -1.3776315e+00
   2.4487615e-02
   1.4332603e+00
   1.9398181e+00
   1.2045959e+00
  -3.0551018e-01
  -1.6218330e+00
  -1.9116436e+00
  -1.0076827e+00
   5.1080097e-01
   1.7013362e+00
   1.8367513e+00
   8.3373053e-01
  -6.9833333e-01
  -1.8133326e+00
  -1.8022863e+00
  -6.5280631e-01
   9.1405793e-01
   1.8935978e+00
   1.6568992e+00
   3.6759425e-01
  -1.1360303e+00
  -1.9005201e+00
  -1.4644347e+00
  -1.2300263e-01
   1.2807394e+00
   1.8773052e+00
   1.2930195e+00
  -1.1761319e-01
  -1.4708023e+00
  -1.8942343e+00
  -1.0954133e+00
   4.2223319e-01
   1.6737801e+00
   1.8450900e+00
   8.3240652e-01
  -7.0292574e-01
  -1.7819726e+00
  -1.7344911e+00
  -6.0011075e-01
   9.1492276e-01
   1.8707533e+00
   1.6614265e+00
   3.9668753e-01
  -1.1393143e+00
  -1.9638902e+00
  -1.5332392e+00
  -1.1745555e-01
   1.3661197e+00
   1.9619022e+00
   1.3038597e+00
  -1.6594780e-01
  -1.5084817e+00
  -1.8902732e+00
  -1.0875803e+00
   3.9271744e-01
   1.6240862e+00
   1.8235609e+00
   8.4761065e-01
  -6.9044867e-01
  -1.7932090e+00
  -1.7321334e+00
  -5.4375159e-01
   9.8914179e-01
   1.8656589e+00
   1.5298480e+00
   2.1509791e-01
  -1.2327535e+00
  -1.9012679e+00
  -1.3711204e+00
   3.3072848e-02
   1.4346241e+00
   1.9367703e+00
   1.1943796e+00
  -3.3607036e-01
  -1.6664306e+00
  -1.9231439e+00
  -9.3668892e-01
   6.4442179e-01
   1.7947771e+00
   1.7894432e+00
   6.5485885e-01
  -8.7726500e-01
  -1.8437673e+00
  -1.6418954e+00
  -3.9548897e-01
   1.1118638e+00
   1.9129463e+00
   1.4757958e+00
   7.2145375e-02
  -1.3786809e+00
  -1.9178412e+00
  -1.1953638e+00
   2.9987409e-01
   1.5828962e+00
   1.8304187e+00
   9.0052968e-01
  -6.0299790e-01
  -1.7243925e+00
  -1.7483455e+00
  -6.4457343e-01
   8.9613948e-01
   1.8784893e+00
   1.6431470e+00
   3.2194059e-01
  -1.2246112e+00
  -1.9763764e+00
  -1.4424925e+00
   1.5859951e-02
   1.4439147e+00
   1.9301084e+00
   1.1816184e+00
  -3.1470521e-01
  -1.6109077e+00
  -1.8849630e+00
  -9.5272228e-01
   5.9941253e-01
   1.7668245e+00
   1.7752820e+00
   6.0969195e-01
  -9.5727552e-01
  -1.8830361e+00
  -1.5629507e+00
  -2.2755918e-01
   1.2347457e+00
   1.8776733e+00
   1.3009970e+00
  -1.1604086e-01
  -1.4651232e+00
  -1.8754964e+00
  -1.0639710e+00
   4.6374486e-01
   1.7127157e+00
   1.8446850e+00
   7.5365063e-01
  -8.4230009e-01
  -1.8819259e+00
  -1.6819802e+00
  -3.8807777e-01
   1.1448682e+00
   1.9290650e+00
   1.4739536e+00
   7.8200526e-02
  -1.3680759e+00
  -1.9375479e+00
  -1.2512607e+00
   2.5991231e-01
   1.6090185e+00
   1.8957832e+00
   9.2223664e-01
  -6.5892584e-01
  -1.7879160e+00
  -1.7225385e+00
  -5.2867433e-01
   9.9030894e-01
   1.8423105e+00
   1.4855125e+00
   1.5710482e-01
  -1.2855644e+00
  -1.9030480e+00
  -1.2739844e+00
   2.1094399e-01
   1.5759180e+00
   1.8990729e+00
   9.4778896e-01
  -6.4575413e-01
  -1.8130868e+00
  -1.7810925e+00
  -5.8560139e-01
   9.7663576e-01
   1.8904636e+00
   1.5757211e+00
   2.4118622e-01
  -1.2552283e+00
  -1.9443099e+00
  -1.3641607e+00
   1.2124277e-01
   1.5340776e+00
   1.9251115e+00
   1.0267091e+00
  -5.5190650e-01
  -1.7433009e+00
  -1.7573297e+00
  -6.0719030e-01
   9.2671111e-01
   1.8345236e+00
   1.5330297e+00
   2.2492455e-01
  -1.2382316e+00
  -1.8949816e+00
  -1.2942535e+00
   1.8841238e-01
   1.5700361e+00
   1.9097938e+00
   9.6212329e-01
  -6.3805455e-01
  -1.8093999e+00
  -1.7702153e+00
  -5.6181283e-01
   1.0033894e+00
   1.8990170e+00
   1.5511100e+00
   1.9135639e-01
  -1.2988152e+00
  -1.9464691e+00
  -1.3139440e+00
   1.9592906e-01
   1.5799077e+00
   1.8994972e+00
   9.3219522e-01
  -6.6207813e-01
  -1.7970716e+00
  -1.7141445e+00
  -4.9145994e-01
   1.0356565e+00
   1.8533296e+00
   1.4334189e+00
   5.9419165e-02
  -1.3654744e+00
  -1.8966595e+00
  -1.1628640e+00
   3.6823578e-01
   1.6731010e+00
   1.8549532e+00
   7.7280411e-01
  -8.4220156e-01
  -1.8891339e+00
  -1.6625267e+00
  -3.2886398e-01
   1.2094877e+00
   1.9361149e+00
   1.3859033e+00
  -7.1345639e-02
  -1.4805540e+00
  -1.9140378e+00
  -1.0737237e+00
   4.9468055e-01
   1.7401887e+00
   1.8097944e+00
   6.4765031e-01
  -9.4956309e-01
  -1.8847150e+00
  -1.5275889e+00
  -1.4170253e-01
   1.3206378e+00
   1.8803030e+00
   1.1778689e+00
  -3.1099860e-01
  -1.5983741e+00
  -1.8246754e+00
  -8.2177524e-01
   7.5608757e-01
   1.8441433e+00
   1.6837776e+00
   3.6354158e-01
  -1.2189396e+00
  -1.9762055e+00
  -1.3933650e+00
   1.2040383e-01
   1.5330051e+00
   1.9039829e+00
   1.0042063e+00
  -5.5734076e-01
  -1.7469411e+00
  -1.7775602e+00
  -6.2145607e-01
   9.5684865e-01
   1.8906474e+00
   1.5313550e+00
   1.1408442e-01
  -1.3842572e+00
  -1.9241677e+00
  -1.1380849e+00
   4.1767597e-01
   1.6682580e+00
   1.7707849e+00
   6.7386088e-01
  -8.7413966e-01
  -1.8358152e+00
  -1.5647765e+00
  -2.2909481e-01
   1.2853105e+00
   1.9481512e+00
   1.2845437e+00
  -2.7264985e-01
  -1.6561840e+00
  -1.9047187e+00
  -8.4558005e-01
   7.8421619e-01
   1.8650716e+00
   1.6748711e+00
   3.6508655e-01
  -1.1706449e+00
  -1.9075076e+00
  -1.3609128e+00
   1.0254324e-01
   1.5011486e+00
   1.8812401e+00
   9.6683809e-01
  -6.2566110e-01
  -1.7918117e+00
  -1.7115571e+00
  -4.3962152e-01
   1.1297245e+00
   1.9027672e+00
   1.3559594e+00
  -1.1849445e-01
  -1.5078835e+00
  -1.8751243e+00
  -9.7619685e-01
   5.8823771e-01
   1.7670370e+00
   1.7508979e+00
   5.2691860e-01
  -1.0833535e+00
  -1.9670663e+00
  -1.4982751e+00
   4.1249572e-03
   1.4924739e+00
   1.9354711e+00
   1.0439724e+00
  -5.4660828e-01
  -1.7414921e+00
  -1.7410635e+00
  -5.6336142e-01
   9.8793883e-01
   1.8627030e+00
   1.4606944e+00
   4.3608124e-02
  -1.4192765e+00
  -1.9027976e+00
  -1.0505345e+00
   5.4990698e-01
   1.7705553e+00
   1.7499841e+00
   5.0887840e-01
  -1.0773544e+00
  -1.9099739e+00
  -1.4284040e+00
   2.6944934e-02
   1.4654713e+00
   1.9137955e+00
   1.0608321e+00
  -5.2725469e-01
  -1.7697808e+00
  -1.7993996e+00
  -5.7722025e-01
   1.0523501e+00
   1.9441239e+00
   1.4712884e+00
  -2.3256670e-02
  -1.4813325e+00
  -1.8917344e+00
  -9.9315372e-01
   5.7220256e-01
   1.7239495e+00
   1.6796700e+00
   4.7184810e-01
  -1.0758961e+00
  -1.8954062e+00
  -1.4006770e+00
   8.6510382e-02
   1.5311594e+00
   1.9040133e+00
   9.2674364e-01
  -7.1346516e-01
  -1.8558667e+00
  -1.7016226e+00
  -3.7282437e-01
   1.1971210e+00
   1.9296219e+00
   1.3356338e+00
  -1.7100643e-01
  -1.5623309e+00
  -1.8848307e+00
  -9.0547478e-01
   7.1064700e-01
   1.8372136e+00
   1.6716980e+00
   3.2209272e-01
  -1.2519478e+00
  -1.9272460e+00
  -1.2312662e+00
   3.2591955e-01
   1.6363876e+00
   1.7895459e+00
   6.9591348e-01
  -8.7639105e-01
  -1.8408900e+00
  -1.5287621e+00
  -1.4249151e-01
   1.3676660e+00
   1.9413467e+00
   1.1516221e+00
  -4.6611508e-01
  -1.7694060e+00
  -1.8249166e+00
  -5.9129180e-01
   1.0493532e+00
   1.9360424e+00
   1.4606804e+00
  -2.1483674e-02
  -1.4692056e+00
  -1.8877897e+00
  -1.0006985e+00
   5.7479733e-01
   1.7471652e+00
   1.6922622e+00
   4.3281823e-01
  -1.1514285e+00
  -1.9276432e+00
  -1.3264111e+00
   2.2778620e-01
   1.6148483e+00
   1.8376426e+00
   7.4575299e-01
  -8.7195701e-01
  -1.8705879e+00
  -1.5593041e+00
  -1.6465301e-01
   1.3442313e+00
   1.9224080e+00
   1.1599920e+00
  -4.2749102e-01
  -1.7344760e+00
  -1.8279375e+00
  -6.2276427e-01
   1.0303585e+00
   1.9454471e+00
   1.4668037e+00
  -5.0284550e-02
  -1.5084895e+00
  -1.8742472e+00
  -9.1125073e-01
   6.7977704e-01
   1.7771113e+00
   1.6195485e+00
   3.2060520e-01
  -1.2126010e+00
  -1.8978569e+00
  -1.2316420e+00
   3.3433456e-01
   1.6854013e+00
   1.8362469e+00
   6.6085779e-01
  -9.9759956e-01
  -1.9408303e+00
  -1.4951948e+00
   6.7531675e-03
   1.4877043e+00
   1.9079829e+00
   9.8874791e-01
  -6.1652145e-01
  -1.7872529e+00
  -1.7061926e+00
  -4.2363852e-01
   1.1629803e+00
   1.9224864e+00
   1.2966143e+00
  -2.7519802e-01
  -1.6538107e+00
  -1.8321847e+00
  -6.8360182e-01
   9.4704595e-01
   1.8755479e+00
   1.4447542e+00
  -1.9304108e-02
  -1.4666139e+00
  -1.8755746e+00
  -9.5950026e-01
   6.4231660e-01
   1.8038094e+00
   1.6910876e+00
   3.6098573e-01
  -1.2501717e+00
  -1.9784866e+00
  -1.2824983e+00
   3.4089351e-01
   1.7113749e+00
   1.8378485e+00
   6.4568746e-01
  -9.8704135e-01
  -1.8878775e+00
  -1.4324763e+00
   3.4547234e-02
   1.4657526e+00
   1.8491647e+00
   9.1022649e-01
  -6.9069100e-01
  -1.8076651e+00
  -1.6194845e+00
  -2.4004671e-01
   1.3350325e+00
   1.9459304e+00
   1.1337270e+00
  -5.0888810e-01
  -1.7792981e+00
  -1.7589847e+00
  -4.7772515e-01
   1.1324720e+00
   1.9246122e+00
   1.3469569e+00
  -1.8546201e-01
  -1.5894754e+00
  -1.8676893e+00
  -8.1111212e-01
   8.3390621e-01
   1.8784833e+00
   1.5507829e+00
   8.0720745e-02
  -1.4509534e+00
  -1.9133211e+00
  -9.7259405e-01
   6.6583418e-01
   1.7967161e+00
   1.6074777e+00
   2.5300107e-01
  -1.2823470e+00
  -1.8991001e+00
  -1.1554507e+00
   4.2590136e-01
   1.7181055e+00
   1.7807154e+00
   5.4413231e-01
  -1.1102040e+00
  -1.9712167e+00
  -1.3940008e+00
   2.0400820e-01
   1.6453504e+00
   1.8744648e+00
   7.4097842e-01
  -9.0849240e-01
  -1.8739353e+00
  -1.4753412e+00
  -2.0059651e-02
   1.4390851e+00
   1.8558025e+00
   9.2729466e-01
  -6.8455487e-01
  -1.8100186e+00
  -1.6106801e+00
  -2.1065026e-01
   1.3656260e+00
   1.9420637e+00
   1.0792589e+00
  -5.8500356e-01
  -1.8164521e+00
  -1.7129770e+00
  -3.6535257e-01
   1.2337422e+00
   1.9299944e+00
   1.2339309e+00
  -3.4751118e-01
  -1.6804757e+00
  -1.8057156e+00
  -6.2341270e-01
   1.0175362e+00
   1.9149968e+00
   1.3949256e+00
  -1.6808672e-01
  -1.6105563e+00
  -1.8523617e+00
  -7.1757556e-01
   9.3660079e-01
   1.8776501e+00
   1.4217218e+00
  -7.8507357e-02
  -1.5185055e+00
  -1.8538875e+00
  -8.4346856e-01
   7.8669158e-01
   1.8581389e+00
   1.5799253e+00
   1.3273610e-01
  -1.4344818e+00
  -1.9584164e+00
  -1.0342671e+00
   6.5889033e-01
   1.8578434e+00
   1.6720519e+00
   2.5522070e-01
  -1.3260561e+00
  -1.9063573e+00
  -1.0807102e+00
   5.2447065e-01
   1.7315759e+00
   1.6661496e+00
   3.7746457e-01
  -1.1971267e+00
  -1.8992914e+00
  -1.1925180e+00
   4.2138614e-01
   1.7454884e+00
   1.7747887e+00
   4.6965942e-01
  -1.1957459e+00
  -1.9700424e+00
  -1.2780538e+00
   3.5217962e-01
   1.7054731e+00
   1.7942665e+00
   5.7267014e-01
  -1.0559248e+00
  -1.9071791e+00
  -1.3661162e+00
   1.7367563e-01
   1.5859468e+00
   1.8220719e+00
   6.9077848e-01
  -9.7341581e-01
  -1.9161395e+00
  -1.4150144e+00
   1.5505843e-01
   1.6015776e+00
   1.8305381e+00
   6.7930342e-01
  -9.7710896e-01
  -1.9031626e+00
  -1.4231753e+00
   9.9878039e-02
   1.5478730e+00
   1.8618341e+00
   8.0491695e-01
  -8.5841704e-01
  -1.9032460e+00
  -1.5405072e+00
  -2.2504869e-02
   1.5186561e+00
   1.9165884e+00
   8.6790047e-01
  -8.2653233e-01
  -1.8786779e+00
  -1.5036121e+00
  -5.5270607e-03
   1.4779459e+00
   1.8445642e+00
   8.3711849e-01
  -7.8911154e-01
  -1.8309924e+00
  -1.5133857e+00
  -5.7028059e-02
   1.4669297e+00
   1.9124959e+00
   9.2042355e-01
  -7.8251717e-01
  -1.9103307e+00
  -1.5987361e+00
  -8.0546084e-02
   1.4887089e+00
   1.9237051e+00
   9.1370642e-01
  -7.6227589e-01
  -1.8473660e+00
  -1.5498454e+00
  -1.1025345e-01
   1.3964314e+00
   1.8533560e+00
   9.1686299e-01
  -7.2345586e-01
  -1.8379203e+00
  -1.5695328e+00
  -9.9579934e-02
   1.4611572e+00
   1.9113678e+00
   8.9436182e-01
  -8.1442578e-01
  -1.9077032e+00
  -1.5586335e+00
  -4.5040796e-02
   1.4849147e+00
   1.8927729e+00
   8.9081011e-01
  -7.6664156e-01
  -1.8504943e+00
  -1.5570734e+00
  -9.8966602e-02
   1.4388853e+00
   1.8938387e+00
   9.0642106e-01
  -7.8128456e-01
  -1.8735761e+00
  -1.5218209e+00
   5.0898852e-03
   1.5258606e+00
   1.8707925e+00
   7.8645953e-01
  -8.8733437e-01
  -1.8796631e+00
  -1.4520768e+00
   6.5686078e-02
   1.5383433e+00
   1.8673553e+00
   7.9889812e-01
  -8.8011159e-01
  -1.9103266e+00
  -1.4998709e+00
   5.6723023e-02
   1.5759606e+00
   1.8861718e+00
   7.4492199e-01
  -9.6249897e-01
  -1.9158794e+00
  -1.3922661e+00
   1.8504277e-01
   1.5972095e+00
   1.7757514e+00
   6.0130662e-01
  -1.0301390e+00
  -1.8890979e+00
  -1.3252204e+00
   2.4868183e-01
   1.6513710e+00
   1.8080590e+00
   5.7420688e-01
  -1.1241372e+00
  -1.9800797e+00
  -1.3211201e+00
   3.5033291e-01
   1.7412869e+00
   1.7823270e+00
   4.5923503e-01
  -1.1948349e+00
  -1.9162946e+00
  -1.1761973e+00
   4.4291293e-01
   1.7096123e+00
   1.6706668e+00
   3.5662129e-01
  -1.2396875e+00
  -1.8985399e+00
  -1.0963294e+00
   5.7223261e-01
   1.8231419e+00
   1.6713152e+00
   2.1665354e-01
  -1.4147273e+00
  -1.9515213e+00
  -9.7998409e-01
   7.3833117e-01
   1.8767590e+00
   1.5764398e+00
   8.7940803e-02
  -1.4471993e+00
  -1.8718018e+00
  -8.7513958e-01
   7.8392822e-01
   1.8442981e+00
   1.4886964e+00
  -2.4603159e-02
  -1.5345583e+00
  -1.8594986e+00
  -7.2860255e-01
   9.8181936e-01
   1.9267149e+00
   1.3595682e+00
  -2.7362566e-01
  -1.6944002e+00
  -1.8044554e+00
  -5.3339672e-01
   1.1313962e+00
   1.9199717e+00
   1.2420628e+00
  -3.8205514e-01
  -1.7202410e+00
  -1.7525809e+00
  -4.4451316e-01
   1.2089541e+00
   1.9277925e+00
   1.1400271e+00
  -5.4886391e-01
  -1.8119100e+00
  -1.6490139e+00
  -1.8941430e-01
   1.4107146e+00
   1.8938190e+00
   8.9384544e-01
  -7.9540042e-01
  -1.8611756e+00
  -1.4897515e+00
   2.6236463e-02
   1.5266673e+00
   1.8652238e+00
   7.7456476e-01
  -9.2175218e-01
  -1.9199987e+00
  -1.4339118e+00
   1.7604441e-01
   1.6570588e+00
   1.8405757e+00
   5.7822488e-01
  -1.1293827e+00
  -1.9316355e+00
  -1.2069511e+00
   4.5512730e-01
   1.7419398e+00
   1.6579076e+00
   2.8508439e-01
  -1.3052423e+00
  -1.8866039e+00
  -1.0097509e+00
   6.5789470e-01
   1.8328042e+00
   1.5919143e+00
   9.8062610e-02
  -1.4972610e+00
  -1.9373675e+00
  -8.6043349e-01
   8.9130629e-01
   1.9316169e+00
   1.4407667e+00
  -1.7978689e-01
  -1.6409910e+00
  -1.8017992e+00
  -5.6025793e-01
   1.0948309e+00
   1.8748626e+00
   1.1851680e+00
  -4.3296081e-01
  -1.7243461e+00
  -1.6792925e+00
  -3.1466230e-01
   1.3183149e+00
   1.9329643e+00
   1.0216972e+00
  -7.1514276e-01
  -1.9025950e+00
  -1.5888195e+00
  -1.9401093e-02
   1.5567383e+00
   1.8948948e+00
   7.4644653e-01
  -9.6473338e-01
  -1.8950374e+00
  -1.3356898e+00
   2.5732989e-01
   1.6379573e+00
   1.7348555e+00
   4.7139467e-01
  -1.1710878e+00
  -1.9012988e+00
  -1.1250458e+00
   5.6479903e-01
   1.8294651e+00
   1.6448696e+00
   1.4019256e-01
  -1.4870645e+00
  -1.9338039e+00
  -8.4661839e-01
   8.9993763e-01
   1.9195659e+00
   1.4225079e+00
  -1.7918901e-01
  -1.6227838e+00
  -1.7901853e+00
  -5.6447166e-01
   1.0926981e+00
   1.8851492e+00
   1.1843412e+00
  -4.6959077e-01
  -1.7697825e+00
  -1.6670030e+00
  -2.2279022e-01
   1.4125592e+00
   1.9162048e+00
   8.7227131e-01
  -8.8106788e-01
  -1.9336032e+00
  -1.4482422e+00
   1.7529854e-01
   1.6426587e+00
   1.8050477e+00
   5.5277702e-01
  -1.1224112e+00
  -1.9116838e+00
  -1.2015696e+00
   4.5285290e-01
   1.7518414e+00
   1.6609097e+00
   2.3768366e-01
  -1.3876953e+00
  -1.9011994e+00
  -8.7316723e-01
   8.7243072e-01
   1.9184957e+00
   1.4145038e+00
  -2.2821879e-01
  -1.6811469e+00
  -1.7837471e+00
  -4.6842037e-01
   1.2099625e+00
   1.9276939e+00
   1.1297761e+00
  -5.5130507e-01
  -1.7962670e+00
  -1.6247600e+00
  -1.6447939e-01
   1.4327849e+00
   1.8876928e+00
   8.2030770e-01
  -9.1935682e-01
  -1.9200687e+00
  -1.3605939e+00
   3.0576017e-01
   1.7179036e+00
   1.7272016e+00
   3.3489313e-01
  -1.3253169e+00
  -1.9211325e+00
  -9.8872036e-01
   7.1944581e-01
   1.8492926e+00
   1.5120346e+00
  -2.6694005e-02
  -1.5550013e+00
  -1.8591954e+00
  -6.8440927e-01
   1.0420890e+00
   1.9313450e+00
   1.2529163e+00
  -4.5107437e-01
  -1.7902915e+00
  -1.6661294e+00
  -1.8269994e-01
   1.4405563e+00
   1.8802307e+00
   7.9147658e-01
  -9.3054162e-01
  -1.8964860e+00
  -1.3409060e+00
   2.8478657e-01
   1.6868175e+00
   1.7523921e+00
   4.2322318e-01
  -1.2518938e+00
  -1.9344715e+00
  -1.0626503e+00
   6.7628636e-01
   1.8760503e+00
   1.5511163e+00
  -4.0077565e-02
  -1.5922539e+00
  -1.8299157e+00
  -5.6566252e-01
   1.1517965e+00
   1.9155315e+00
   1.1155855e+00
  -5.8354295e-01
  -1.8052013e+00
  -1.5736166e+00
  -8.0379219e-02
   1.4809503e+00
   1.8618560e+00
   7.4699621e-01
  -9.8416831e-01
  -1.9413737e+00
  -1.3373144e+00
   3.5441754e-01
   1.7586464e+00
   1.7187758e+00
   2.6291043e-01
  -1.4071822e+00
  -1.9137493e+00
  -8.4946010e-01
   8.9507580e-01
   1.8846686e+00
   1.3231202e+00
  -3.1536327e-01
  -1.6960340e+00
  -1.7077874e+00
  -3.4379562e-01
   1.3027339e+00
   1.9083573e+00
   9.7365991e-01
  -7.6355192e-01
  -1.9001535e+00
  -1.4976402e+00
   1.3326234e-01
   1.6608835e+00
   1.8228366e+00
   4.8313656e-01
  -1.2450470e+00
  -1.9295381e+00
  -1.0154243e+00
   7.2530361e-01
   1.8536476e+00
   1.4558430e+00
  -1.2595789e-01
  -1.5972547e+00
  -1.7675954e+00
  -5.0062447e-01
   1.1838647e+00
   1.9238517e+00
   1.1063836e+00
  -6.2396465e-01
  -1.8634669e+00
  -1.5854413e+00
  -1.0549945e-03
   1.5886107e+00
   1.8631868e+00
   5.9280631e-01
  -1.1616561e+00
  -1.9403315e+00
  -1.1090061e+00
   6.2403033e-01
   1.8186439e+00
   1.5016655e+00
  -4.9994087e-02
  -1.5605239e+00
  -1.8012900e+00
  -5.7711819e-01
   1.1225084e+00
   1.9164231e+00
   1.1444510e+00
  -5.8257045e-01
  -1.8559626e+00
  -1.6153302e+00
  -4.1438003e-02
   1.5675810e+00
   1.8698264e+00
   6.1251204e-01
  -1.1481284e+00
  -1.9391702e+00
  -1.1122504e+00
   6.2548587e-01
   1.8239692e+00
   1.5028996e+00
  -5.5404966e-02
  -1.5627010e+00
  -1.7862271e+00
  -5.4342951e-01
   1.1562994e+00
   1.9249961e+00
   1.1201727e+00
  -6.1692617e-01
  -1.8621553e+00
  -1.5733207e+00
   2.7580719e-02
   1.6131515e+00
   1.8539184e+00
   5.4639903e-01
  -1.2070033e+00
  -1.9330371e+00
  -1.0350365e+00
   7.1656922e-01
   1.8522939e+00
   1.4382149e+00
  -1.6575812e-01
  -1.6280823e+00
  -1.7480987e+00
  -4.2915013e-01
   1.2501770e+00
   1.9110386e+00
   9.9664608e-01
  -7.5793205e-01
  -1.9073019e+00
  -1.4843151e+00
   1.7576875e-01
   1.6894097e+00
   1.7805154e+00
   3.6951423e-01
  -1.3493459e+00
  -1.9242549e+00
  -8.8138109e-01
   8.8476507e-01
   1.8860719e+00
   1.2969078e+00
  -3.7423078e-01
  -1.7323736e+00
  -1.6569504e+00
  -2.1303698e-01
   1.4119307e+00
   1.8784802e+00
   7.9035039e-01
  -9.6743231e-01
  -1.9385605e+00
  -1.2993481e+00
   4.3298922e-01
   1.8082184e+00
   1.6605576e+00
   1.1068642e-01
  -1.5245148e+00
  -1.8560431e+00
  -6.1164035e-01
   1.1409794e+00
   1.9178198e+00
   1.0773001e+00
  -6.5910627e-01
  -1.8352315e+00
  -1.4781358e+00
   1.0984460e-01
   1.6136862e+00
   1.7880517e+00
   4.7923181e-01
  -1.2387046e+00
  -1.9364893e+00
  -1.0171078e+00
   7.6294980e-01
   1.9050940e+00
   1.4330581e+00
  -2.5964289e-01
  -1.7302651e+00
  -1.7225033e+00
  -2.4935273e-01
   1.4229558e+00
   1.8704091e+00
   7.2548422e-01
  -1.0305827e+00
  -1.9181017e+00
  -1.2027027e+00
   5.0969792e-01
   1.7927156e+00
   1.5813320e+00
   4.7036502e-02
  -1.5397613e+00
  -1.8526890e+00
  -6.1619698e-01
   1.1421521e+00
   1.9354821e+00
   1.0786356e+00
  -7.0639191e-01
  -1.8906800e+00
  -1.4532040e+00
   2.3014048e-01
   1.7099650e+00
   1.7192856e+00
   2.6072807e-01
  -1.4132527e+00
  -1.8845553e+00
  -7.6720829e-01
   9.8978701e-01
   1.9155516e+00
   1.2429094e+00
  -4.6441975e-01
  -1.7827436e+00
  -1.6068845e+00
  -7.5064100e-02
   1.5288388e+00
   1.8412820e+00
   5.8186744e-01
  -1.1822058e+00
  -1.9330187e+00
  -1.0140541e+00
   7.8645755e-01
   1.9114618e+00
   1.3888269e+00
  -3.2703072e-01
  -1.7595405e+00
  -1.6902397e+00
  -1.9251462e-01
   1.4551232e+00
   1.8667916e+00
   7.0867716e-01
  -1.0396864e+00
  -1.9130954e+00
  -1.1807198e+00
   5.4337203e-01
   1.8044460e+00
   1.5245759e+00
  -7.2284128e-02
  -1.6252720e+00
  -1.7890954e+00
  -4.0537575e-01
   1.3368953e+00
   1.9233778e+00
   8.3837698e-01
  -9.7974768e-01
  -1.9589496e+00
  -1.2617735e+00
   5.0173547e-01
   1.8203367e+00
   1.5839662e+00
   1.2949317e-02
  -1.5537590e+00
  -1.7982827e+00
  -5.2404894e-01
   1.1882244e+00
   1.8874069e+00
   9.7279896e-01
  -7.8527269e-01
  -1.8802039e+00
  -1.3528102e+00
   3.6275686e-01
   1.7867073e+00
   1.6707556e+00
   1.0022383e-01
  -1.5648314e+00
  -1.8766007e+00
  -5.6780924e-01
   1.2220824e+00
   1.9511449e+00
   1.0102394e+00
  -7.7395542e-01
  -1.8733743e+00
  -1.3667819e+00
   2.9572004e-01
   1.6926357e+00
   1.6362187e+00
   1.7290123e-01
  -1.4510428e+00
  -1.8379809e+00
  -6.3548399e-01
   1.1367702e+00
   1.9419033e+00
   1.0589863e+00
  -7.6449515e-01
  -1.9437184e+00
  -1.4437178e+00
   3.0260523e-01
   1.7721583e+00
   1.6924721e+00
   1.5072148e-01
  -1.5026357e+00
  -1.8447941e+00
  -6.0440284e-01
   1.1320839e+00
   1.8728804e+00
   9.9309424e-01
  -7.4678188e-01
  -1.8536854e+00
  -1.3698628e+00
   3.0526173e-01
   1.7381120e+00
   1.6793389e+00
   1.5469683e-01
  -1.5268752e+00
  -1.8949158e+00
  -6.1260474e-01
   1.2066083e+00
   1.9695433e+00
   1.0117442e+00
  -8.1605275e-01
  -1.9080880e+00
  -1.3222898e+00
   4.0753216e-01
   1.7640767e+00
   1.5783951e+00
   2.7951240e-02
  -1.5399935e+00
  -1.7750757e+00
  -4.7426415e-01
   1.2488516e+00
   1.9107342e+00
   9.2641807e-01
  -8.7261786e-01
  -1.9326277e+00
  -1.3187173e+00
   4.5021394e-01
   1.8296958e+00
   1.6013917e+00
  -3.8304580e-02
  -1.6402150e+00
  -1.7888428e+00
  -3.6209177e-01
   1.3685525e+00
   1.8772103e+00
   7.2967492e-01
  -1.0554176e+00
  -1.9192064e+00
  -1.1202997e+00
   6.4119231e-01
   1.8433120e+00
   1.4512395e+00
  -2.0000974e-01
  -1.6902360e+00
  -1.7275442e+00
  -2.6739750e-01
   1.4280604e+00
   1.8719592e+00
   6.6110431e-01
  -1.1445203e+00
  -1.9420478e+00
  -1.0137091e+00
   8.1920076e-01
   1.9235593e+00
   1.3168054e+00
  -4.5717126e-01
  -1.8238511e+00
  -1.5835230e+00
   3.9520209e-02
   1.6180803e+00
   1.7838139e+00
   4.0808454e-01
  -1.3073164e+00
  -1.8785943e+00
  -8.1594844e-01
   9.5710056e-01
   1.8962020e+00
   1.1725308e+00
  -5.9130166e-01
  -1.8434931e+00
  -1.4617259e+00
   2.3488018e-01
   1.7426277e+00
   1.7061193e+00
   1.4327239e-01
  -1.5569164e+00
  -1.8784138e+00
  -5.3913070e-01
   1.2644823e+00
   1.9378883e+00
   9.0445996e-01
  -9.0673546e-01
  -1.9040040e+00
  -1.2314321e+00
   5.0324249e-01
   1.7772937e+00
   1.4796588e+00
  -1.2868598e-01
  -1.6390924e+00
  -1.7161004e+00
  -2.7201644e-01
   1.4319353e+00
   1.8784815e+00
   6.4638445e-01
  -1.1859845e+00
  -1.9830113e+00
  -1.0210867e+00
   8.4607566e-01
   1.9490047e+00
   1.3080819e+00
  -4.8883413e-01
  -1.8295352e+00
  -1.5312136e+00
   1.1689740e-01
   1.6386839e+00
   1.6939288e+00
   2.4984754e-01
  -1.4115848e+00
  -1.8267830e+00
  -6.2695185e-01
   1.1406443e+00
   1.9207527e+00
   1.0107264e+00
  -8.0514261e-01
  -1.9233409e+00
  -1.3363846e+00
   4.4961820e-01
   1.8419193e+00
   1.5854325e+00
  -9.3166348e-02
  -1.6788074e+00
  -1.7408165e+00
  -2.3220854e-01
   1.4755977e+00
   1.8450097e+00
   5.5675055e-01
  -1.2237958e+00
  -1.9089313e+00
  -9.0079989e-01
   8.9868565e-01
   1.9002023e+00
   1.2245330e+00
  -5.3369407e-01
  -1.8282584e+00
  -1.5143424e+00
   1.3880810e-01
   1.6679993e+00
   1.7022755e+00
   1.9637460e-01
  -1.5026771e+00
  -1.8537420e+00
  -5.2501393e-01
   1.2847634e+00
   1.9281508e+00
   8.1523288e-01
  -1.0445912e+00
  -1.9666428e+00
  -1.1246963e+00
   7.1273910e-01
   1.8960455e+00
   1.3822990e+00
  -3.5036193e-01
  -1.7539068e+00
  -1.5919788e+00
  -2.1897203e-02
   1.5574795e+00
   1.7427253e+00
   3.6543436e-01
  -1.3493348e+00
  -1.8592792e+00
  -6.8545168e-01
   1.1329496e+00
   1.9503305e+00
   1.0049302e+00
  -8.6485606e-01
  -1.9629272e+00
  -1.2833174e+00
   5.5987269e-01
   1.8909932e+00
   1.5082402e+00
  -2.2468540e-01
  -1.7283599e+00
  -1.6548438e+00
  -9.5948617e-02
   1.5279559e+00
   1.7613670e+00
   4.0853244e-01
  -1.3111795e+00
  -1.8580718e+00
  -7.3876562e-01
   1.0539350e+00
   1.9149118e+00
   1.0556412e+00
  -7.7286459e-01
  -1.9291373e+00
  -1.3549219e+00
   4.4618134e-01
   1.8411514e+00
   1.5521964e+00
  -1.6022214e-01
  -1.7252765e+00
  -1.7076482e+00
  -1.3164841e-01
   1.5485956e+00
   1.7965334e+00
   3.9880467e-01
  -1.3601304e+00
  -1.8852322e+00
  -7.1264566e-01
   1.0930750e+00
   1.9117023e+00
   1.0160986e+00
  -7.8876924e-01
  -1.8874033e+00
  -1.2926391e+00
   4.6747426e-01
   1.8087580e+00
   1.5091394e+00
  -1.7253110e-01
  -1.7060489e+00
  -1.6753474e+00
  -9.1241341e-02
   1.5948620e+00
   1.8213632e+00
   3.6895937e-01
  -1.4270844e+00
  -1.9133231e+00
  -6.4810888e-01
   1.2010158e+00
   1.9462585e+00
   9.2620789e-01
  -9.1264947e-01
  -1.9012467e+00
  -1.1624877e+00
   6.1635038e-01
   1.8216021e+00
   1.3670396e+00
  -3.3504139e-01
  -1.7431312e+00
  -1.5704745e+00
   4.4334533e-02
   1.6399808e+00
   1.7464215e+00
   2.3976596e-01
  -1.5138456e+00
  -1.8970213e+00
  -5.4266891e-01
   1.3065072e+00
   1.9421627e+00
   7.8075788e-01
  -1.0940135e+00
  -1.9468650e+00
  -1.0043924e+00
   8.4393888e-01
   1.8901551e+00
   1.1859622e+00
  -6.0630195e-01
  -1.8428223e+00
  -1.4008313e+00
   3.1430538e-01
   1.7468732e+00
   1.5967156e+00
  -7.4311936e-03
  -1.6158053e+00
  -1.7607130e+00
  -2.9583292e-01
   1.4477920e+00
   1.8636480e+00
   5.5526360e-01
  -1.2729227e+00
  -1.9173391e+00
  -7.6757658e-01
   1.1081474e+00
   1.9557902e+00
   9.8142938e-01
  -9.0498928e-01
  -1.9479852e+00
  -1.1874700e+00
   6.6147208e-01
   1.8921390e+00
   1.3873505e+00
  -3.7172627e-01
  -1.7708165e+00
  -1.5433681e+00
   8.8234267e-02
   1.6278997e+00
   1.6675307e+00
   1.6712772e-01
  -1.5003189e+00
  -1.7930659e+00
  -4.2086413e-01
   1.3621800e+00
   1.8953982e+00
   6.5862867e-01
  -1.2157664e+00
  -1.9798669e+00
  -9.0976088e-01
   1.0008069e+00
   1.9672336e+00
   1.0929705e+00
  -7.9219252e-01
  -1.9238680e+00
  -1.2613806e+00
   5.5563312e-01
   1.8290742e+00
   1.3888957e+00
  -3.4037458e-01
  -1.7546712e+00
  -1.5529000e+00
   7.8450734e-02
   1.6435455e+00
   1.7036083e+00
   1.9311733e-01
  -1.5083487e+00
  -1.8291996e+00
  -4.5765893e-01
   1.3465070e+00
   1.9018178e+00
   6.7767187e-01
  -1.1857754e+00
  -1.9326496e+00
  -8.5056282e-01
   1.0427665e+00
   1.9569651e+00
   1.0273520e+00
  -8.6733844e-01
  -1.9440339e+00
  -1.2003299e+00
   6.5641153e-01
   1.8929005e+00
   1.3735494e+00
  -4.0184260e-01
  -1.7854965e+00
  -1.5104880e+00
   1.5420651e-01
   1.6644187e+00
   1.6231030e+00
   6.5350049e-02
  -1.5661570e+00
  -1.7452615e+00
  -2.8485626e-01
   1.4634793e+00
   1.8522023e+00
   4.9073904e-01
  -1.3583061e+00
  -1.9506039e+00
  -7.1520551e-01
   1.1876524e+00
   1.9603601e+00
   8.7805111e-01
  -1.0249243e+00
  -1.9476670e+00
  -1.0338634e+00
   8.3387848e-01
   1.8907519e+00
   1.1566929e+00
  -6.6315044e-01
  -1.8613148e+00
  -1.3245535e+00
   4.4398659e-01
   1.8021870e+00
   1.4887889e+00
  -2.1150896e-01
  -1.7244509e+00
  -1.6373383e+00
  -1.8701997e-02
   1.6243103e+00
   1.7424851e+00
   2.1108594e-01
  -1.5268710e+00
  -1.8136962e+00
  -3.6287606e-01
   1.4483022e+00
   1.8865860e+00
   5.2659184e-01
  -1.3368213e+00
  -1.9298963e+00
  -6.9525576e-01
   1.1884594e+00
   1.9428717e+00
   8.7444778e-01
  -9.9313433e-01
  -1.9063371e+00
  -1.0280012e+00
   7.9994249e-01
   1.8612769e+00
   1.1670681e+00
  -6.2979198e-01
  -1.8435487e+00
  -1.3254952e+00
   4.5362998e-01
   1.8244715e+00
   1.4777285e+00
  -2.8481222e-01
  -1.8056382e+00
  -1.6313158e+00
   8.8785689e-02
   1.7214582e+00
   1.7049025e+00
   5.4807127e-02
  -1.6440793e+00
  -1.7642856e+00
  -2.0157938e-01
   1.5355576e+00
   1.7864695e+00
   3.2532533e-01
  -1.4442187e+00
  -1.8429789e+00
  -5.0433849e-01
   1.3008505e+00
   1.8766143e+00
   6.9080477e-01
  -1.1390112e+00
  -1.8969769e+00
  -8.7219302e-01
   9.7353968e-01
   1.8992321e+00
   1.0208209e+00
  -8.3832508e-01
  -1.9060249e+00
  -1.1443800e+00
   7.3656032e-01
   1.9333274e+00
   1.2788815e+00
  -6.1439437e-01
  -1.9279484e+00
  -1.3926216e+00
   4.7823111e-01
   1.8853151e+00
   1.4852248e+00
  -3.2104783e-01
  -1.7936885e+00
  -1.5366444e+00
   1.7867806e-01
   1.7009544e+00
   1.5865318e+00
  -4.0733578e-02
  -1.6280190e+00
  -1.6704230e+00
  -1.2672988e-01
   1.5449736e+00
   1.7584772e+00
   2.9750086e-01
  -1.4651176e+00
  -1.8522969e+00
  -4.8022643e-01
   1.3516293e+00
   1.8840026e+00
   5.9256778e-01
  -1.2836392e+00
  -1.9248360e+00
  -7.0028500e-01
   1.2044553e+00
   1.9354560e+00
   7.7953711e-01
  -1.1404463e+00
  -1.9641664e+00
  -9.0207898e-01
   1.0128980e+00
   1.9415591e+00
   1.0111048e+00
  -8.6859345e-01
  -1.8998508e+00
  -1.1151586e+00
   7.2031177e-01
   1.8533431e+00
   1.2088326e+00
  -5.9537975e-01
  -1.8343529e+00
  -1.3127258e+00
   4.8754457e-01
   1.8465679e+00
   1.4430449e+00
  -3.5998385e-01
  -1.8347788e+00
  -1.5455646e+00
   2.4443703e-01
   1.8047802e+00
   1.6155066e+00
  -1.4042664e-01
  -1.7480016e+00
  -1.6398421e+00
   6.8374569e-02
   1.6997880e+00
   1.6655803e+00
   1.0546284e-02
  -1.6503099e+00
  -1.7139164e+00
  -1.3206515e-01
   1.5652594e+00
   1.7542975e+00
   2.6565020e-01
  -1.4712393e+00
  -1.8001696e+00
  -4.1341322e-01
   1.3581568e+00
   1.8125597e+00
   5.0564666e-01
  -1.3089732e+00
  -1.8701821e+00
  -6.1317527e-01
   1.2575191e+00
   1.9152650e+00
   6.9569374e-01
  -1.2280330e+00
  -1.9743096e+00
  -8.0190235e-01
   1.1480635e+00
   1.9681132e+00
   8.6259031e-01
  -1.0735460e+00
  -1.9423206e+00
  -9.0899004e-01
   9.9652368e-01
   1.9098316e+00
   9.5521113e-01
  -9.2246826e-01
  -1.8973986e+00
  -1.0322464e+00
   8.3236870e-01
   1.8999832e+00
   1.1445079e+00
  -7.0930187e-01
  -1.8796518e+00
  -1.2355710e+00
   6.0809656e-01
   1.8678890e+00
   1.3107684e+00
  -5.3327115e-01
  -1.8630089e+00
  -1.3600685e+00
   4.9869914e-01
   1.8854310e+00
   1.4183769e+00
  -4.5782174e-01
  -1.8967578e+00
  -1.4764340e+00
   3.8875530e-01
   1.8606583e+00
   1.4995237e+00
  -3.2236115e-01
  -1.8079850e+00
  -1.5146031e+00
   2.4470321e-01
   1.7357013e+00
   1.5100170e+00
  -1.9663456e-01
  -1.7149540e+00
  -1.5692208e+00
   9.9588652e-02
   1.6748996e+00
   1.6254185e+00
  -1.2230494e-02
  -1.6564088e+00
  -1.7030246e+00
  -9.2246671e-02
   1.6099791e+00
   1.7286419e+00
   1.3430075e-01
  -1.6042204e+00
  -1.7570666e+00
  -1.5855954e-01
   1.6084971e+00
   1.7806562e+00
   1.7815581e-01
  -1.6084908e+00
  -1.8046195e+00
  -2.1929499e-01
   1.5742087e+00
   1.8112424e+00
   2.7818253e-01
  -1.5001823e+00
  -1.7825476e+00
  -3.1572615e-01
   1.4437865e+00
   1.7736612e+00
   3.6311953e-01
  -1.3998582e+00
  -1.7884750e+00
  -4.1736308e-01
   1.3796368e+00
   1.8413372e+00
   4.9874304e-01
  -1.3484182e+00
  -1.8857610e+00
  -5.6913793e-01
   1.3146731e+00
   1.8987937e+00
   5.9143667e-01
  -1.3133445e+00
  -1.9112627e+00
  -5.9666218e-01
   1.3169152e+00
   1.9083615e+00
   5.8064262e-01
  -1.3384662e+00
  -1.9324905e+00
  -6.1576730e-01
   1.2939083e+00
   1.9048697e+00
   6.3091039e-01
  -1.2506039e+00
  -1.8847510e+00
  -6.6726271e-01
   1.1838992e+00
   1.8446986e+00
   6.7424394e-01
  -1.1680937e+00
  -1.8642677e+00
  -7.1956817e-01
   1.1495031e+00
   1.8995222e+00
   7.7289685e-01
  -1.1354253e+00
  -1.9367516e+00
  -8.1936455e-01
   1.1209381e+00
   1.9500145e+00
   8.2969650e-01
  -1.1224427e+00
  -1.9415499e+00
  -7.9705043e-01
   1.1590058e+00
   1.9513552e+00
   7.7948135e-01
  -1.1752078e+00
  -1.9482403e+00
  -7.7167142e-01
   1.1678534e+00
   1.9362819e+00
   7.8576101e-01
  -1.1221956e+00
  -1.8950952e+00
  -7.8693183e-01
   1.0847401e+00
   1.8622989e+00
   7.8254328e-01
  -1.0796072e+00
  -1.8755659e+00
  -8.0746087e-01
   1.0760682e+00
   1.9034394e+00
   8.3325765e-01
  -1.0899088e+00
  -1.9510110e+00
  -8.7414193e-01
   1.0772444e+00
   1.9444037e+00
   8.4507072e-01
  -1.1171678e+00
  -1.9548384e+00
  -8.1371872e-01
   1.1498878e+00
   1.9405880e+00
   7.5491790e-01
  -1.2035401e+00
  -1.9531167e+00
  -7.4360585e-01
   1.1986344e+00
   1.9254242e+00
   7.2695004e-01
  -1.1784935e+00
  -1.8873656e+00
  -7.1162839e-01
   1.1575078e+00
   1.8541994e+00
   6.9277792e-01
  -1.1613935e+00
  -1.8542639e+00
  -6.8521130e-01
   1.1895369e+00
   1.8955890e+00
   7.0886115e-01
  -1.2010396e+00
  -1.9191990e+00
  -7.0775647e-01
   1.2271244e+00
   1.9303774e+00
   6.7921037e-01
  -1.2626145e+00
  -1.9158722e+00
  -6.0789856e-01
   1.3279603e+00
   1.9104147e+00
   5.4018851e-01
  -1.3859996e+00
  -1.9075614e+00
  -5.0122942e-01
   1.3984316e+00
   1.8723091e+00
   4.6022803e-01
  -1.3971163e+00
  -1.8338275e+00
  -4.3384501e-01
   1.3759468e+00
   1.7765581e+00
   3.7657416e-01
  -1.4102100e+00
  -1.7863024e+00
  -3.6774081e-01
   1.4284327e+00
   1.7948113e+00
   3.4690378e-01
  -1.4727319e+00
  -1.8275297e+00
  -3.4283841e-01
   1.4905661e+00
   1.8086391e+00
   2.7609330e-01
  -1.5479939e+00
  -1.7898791e+00
  -1.8938380e-01
   1.6153975e+00
   1.7649767e+00
   9.7845629e-02
  -1.6768190e+00
  -1.7384813e+00
  -2.7007332e-02
   1.7045917e+00
   1.6969779e+00
  -2.2009419e-02
  -1.6891698e+00
  -1.6194347e+00
   9.0919518e-02
   1.6901513e+00
   1.5621942e+00
  -1.4830464e-01
  -1.7019051e+00
  -1.5272000e+00
   2.0029030e-01
   1.7384065e+00
   1.5301330e+00
  -2.2616513e-01
  -1.7645816e+00
  -1.5245449e+00
   2.6239627e-01
   1.7854908e+00
   1.4840469e+00
  -3.4763565e-01
  -1.8357988e+00
  -1.4393452e+00
   4.4924410e-01
   1.8850404e+00
   1.3727281e+00
  -5.7396885e-01
  -1.9496025e+00
  -1.3312250e+00
   6.4465036e-01
   1.9423500e+00
   1.2351647e+00
  -7.3256333e-01
  -1.9315766e+00
  -1.1456072e+00
   7.9466665e-01
   1.8909859e+00
   1.0331089e+00
  -8.8401953e-01
  -1.8966924e+00
  -9.7707846e-01
   9.3490408e-01
   1.8974494e+00
   9.3543970e-01
  -9.7603825e-01
  -1.8984877e+00
  -8.9235154e-01
   1.0233985e+00
   1.8949701e+00
   8.2262248e-01
  -1.1031743e+00
  -1.8982474e+00
  -7.2355202e-01
   1.2256076e+00
   1.9298382e+00
   6.3795119e-01
  -1.3295433e+00
  -1.9323760e+00
  -5.3450114e-01
   1.4200327e+00
   1.9040877e+00
   4.2069020e-01
  -1.4813763e+00
  -1.8283793e+00
  -2.7602391e-01
   1.5479585e+00
   1.7512630e+00
   1.3682456e-01
  -1.6150370e+00
  -1.6998924e+00
  -4.2730222e-02
   1.6471596e+00
   1.6431720e+00
  -3.9016370e-02
  -1.6749771e+00
  -1.5994839e+00
   1.0022935e-01
   1.6800715e+00
   1.5198948e+00
  -2.1909545e-01
  -1.7497154e+00
  -1.4841527e+00
   3.2353473e-01
   1.8142818e+00
   1.4303326e+00
  -4.5644517e-01
  -1.8996447e+00
  -1.3884198e+00
   5.6305626e-01
   1.9281065e+00
   1.2790303e+00
  -7.0743979e-01
  -1.9491382e+00
  -1.1436943e+00
   8.6038413e-01
   1.9573144e+00
   9.9920650e-01
  -1.0043640e+00
  -1.9565023e+00
  -8.7073223e-01
   1.1131170e+00
   1.9362622e+00
   7.6304540e-01
  -1.1740178e+00
  -1.8734270e+00
  -6.3280647e-01
   1.2480693e+00
   1.8253400e+00
   5.1200270e-01
  -1.3289458e+00
  -1.7925615e+00
  -3.9265518e-01
   1.4321653e+00
   1.7916530e+00
   2.9608972e-01
  -1.5220397e+00
  -1.7761850e+00
  -1.8735346e-01
   1.6009289e+00
   1.7174983e+00
   2.7218826e-02
  -1.7029823e+00
  -1.6465217e+00
   1.4980069e-01
   1.7951852e+00
   1.5437543e+00
  -3.5156071e-01
  -1.8958564e+00
  -1.4598209e+00
   4.9684818e-01
   1.9154195e+00
   1.3148255e+00
  -6.5643667e-01
  -1.9227621e+00
  -1.1717475e+00
   7.8524919e-01
   1.8903711e+00
   1.0004338e+00
  -9.3730626e-01
  -1.8955364e+00
  -8.8083875e-01
   1.0475723e+00
   1.8886555e+00
   7.7281673e-01
  -1.1429787e+00
  -1.8735162e+00
  -6.5967527e-01
   1.2397286e+00
   1.8455710e+00
   5.1766903e-01
  -1.3610856e+00
  -1.8127890e+00
  -3.4157181e-01
   1.5189314e+00
   1.7986787e+00
   1.7723640e-01
  -1.6491387e+00
  -1.7447774e+00
   5.7677927e-03
   1.7560422e+00
   1.6509181e+00
  -1.9639517e-01
  -1.8209895e+00
  -1.5000226e+00
   4.1394875e-01
   1.8776859e+00
   1.3387085e+00
  -6.2171174e-01
  -1.9229247e+00
  -1.1972524e+00
   7.7745411e-01
   1.9206876e+00
   1.0453123e+00
  -9.1383654e-01
  -1.9033563e+00
  -9.0435432e-01
   1.0194286e+00
   1.8498045e+00
   7.2324058e-01
  -1.1743969e+00
  -1.8492446e+00
  -5.8365869e-01
   1.3049372e+00
   1.8310281e+00
   4.2359192e-01
  -1.4538427e+00
  -1.8221258e+00
  -2.7585760e-01
   1.5632231e+00
   1.7438009e+00
   6.2887223e-02
  -1.6943626e+00
  -1.6443133e+00
   1.7315230e-01
   1.8178757e+00
   1.5205026e+00
  -4.1177860e-01
  -1.9141220e+00
  -1.3770051e+00
   6.2641730e-01
   1.9582355e+00
   1.2083140e+00
  -8.0667736e-01
  -1.9345569e+00
  -9.9104591e-01
   9.9591545e-01
   1.9060878e+00
   7.8587959e-01
  -1.1598489e+00
  -1.8664226e+00
  -5.9420453e-01
   1.3069395e+00
   1.8336379e+00
   4.3585804e-01
  -1.4139866e+00
  -1.7726659e+00
  -2.6688998e-01
   1.5133453e+00
   1.6846521e+00
   5.8886892e-02
  -1.6439925e+00
  -1.6051201e+00
   1.5423006e-01
   1.7687313e+00
   1.5004831e+00
  -3.9115589e-01
  -1.8962462e+00
  -1.3935551e+00
   5.9483027e-01
   1.9411360e+00
   1.1950271e+00
  -8.4281133e-01
  -1.9742137e+00
  -9.7768069e-01
   1.0675433e+00
   1.9491882e+00
   7.1621798e-01
  -1.2975828e+00
  -1.9224448e+00
  -4.9278706e-01
   1.4504401e+00
   1.8315569e+00
   2.6327752e-01
  -1.5626806e+00
  -1.7040120e+00
  -3.3838153e-02
   1.6507735e+00
   1.5592341e+00
  -1.9573829e-01
  -1.7361112e+00
  -1.4206886e+00
   4.1713864e-01
   1.8262725e+00
   1.3056906e+00
  -6.0095766e-01
  -1.8724163e+00
  -1.1510618e+00
   8.0324656e-01
   1.9049607e+00
   9.6501904e-01
  -1.0189897e+00
  -1.9105778e+00
  -7.3079683e-01
   1.2625435e+00
   1.9093960e+00
   4.8665959e-01
  -1.4838359e+00
  -1.8670504e+00
  -2.3647178e-01
   1.6470927e+00
   1.7421623e+00
  -5.0763982e-02
  -1.7803453e+00
  -1.5717255e+00
   3.3506577e-01
   1.8579852e+00
   1.3459650e+00
  -6.3475596e-01
  -1.9333720e+00
  -1.1528083e+00
   8.5318962e-01
   1.9235356e+00
   9.2280717e-01
  -1.0571813e+00
  -1.8923906e+00
  -7.0540051e-01
   1.2141202e+00
   1.8068819e+00
   4.4662026e-01
  -1.3998486e+00
  -1.7462766e+00
  -2.1227419e-01
   1.5640787e+00
   1.6722619e+00
  -1.9604129e-02
  -1.7051135e+00
  -1.5659354e+00
   2.6329074e-01
   1.8161049e+00
   1.4058288e+00
  -5.3449486e-01
  -1.8969089e+00
  -1.1831011e+00
   8.4462560e-01
   1.9718617e+00
   9.4947316e-01
  -1.1214984e+00
  -1.9786817e+00
  -6.7719916e-01
   1.3653283e+00
   1.9185330e+00
   3.8490345e-01
  -1.5498967e+00
  -1.7729936e+00
  -5.7537815e-02
   1.7051859e+00
   1.5896622e+00
  -2.6490490e-01
  -1.8280597e+00
  -1.4042173e+00
   5.3341684e-01
   1.8796719e+00
   1.1883138e+00
  -7.7808135e-01
  -1.8939797e+00
  -9.6979607e-01
   9.7979094e-01
   1.8447831e+00
   6.9585847e-01
  -1.2194655e+00
  -1.8241264e+00
  -4.5352392e-01
   1.4181976e+00
   1.7597755e+00
   1.8290575e-01
  -1.6167669e+00
  -1.6811955e+00
   7.6152791e-02
   1.7509701e+00
   1.5095202e+00
  -3.9552631e-01
  -1.8767661e+00
  -1.2932546e+00
   7.2915862e-01
   1.9642134e+00
   1.0356147e+00
  -1.0479133e+00
  -1.9906318e+00
  -7.4546360e-01
   1.3209114e+00
   1.9349136e+00
   4.2877650e-01
  -1.5271933e+00
  -1.7789280e+00
  -6.5579915e-02
   1.7093708e+00
   1.5922267e+00
  -2.7418142e-01
  -1.8293233e+00
  -1.3720499e+00
   5.8440649e-01
   1.8972860e+00
   1.1450024e+00
  -8.3713826e-01
  -1.8891710e+00
  -8.8196211e-01
   1.0701042e+00
   1.8363859e+00
   5.8751157e-01
  -1.3096917e+00
  -1.7816114e+00
  -3.0487349e-01
   1.5163610e+00
   1.6882336e+00
   4.7524239e-03
  -1.7079820e+00
  -1.5722489e+00
   2.7780339e-01
   1.8188965e+00
   1.3484910e+00
  -6.2706085e-01
  -1.9260516e+00
  -1.0957215e+00
   9.5988816e-01
   1.9589591e+00
   7.7400392e-01
  -1.2950674e+00
  -1.9496074e+00
  -4.5205667e-01
   1.5412367e+00
   1.8192104e+00
   8.0291555e-02
  -1.7339533e+00
  -1.6079648e+00
   3.0454778e-01
   1.8654390e+00
   1.3427744e+00
  -6.7010885e-01
  -1.9329137e+00
  -1.0527868e+00
   9.8636314e-01
   1.9339101e+00
   7.6174323e-01
  -1.2225801e+00
  -1.8381181e+00
  -4.2868287e-01
   1.4377718e+00
   1.7085986e+00
   9.6922345e-02
  -1.6167177e+00
  -1.5445529e+00
   2.3828184e-01
   1.7748878e+00
   1.3702149e+00
  -5.4421818e-01
  -1.8711410e+00
  -1.1457168e+00
   8.4165073e-01
   1.8976577e+00
   8.4356272e-01
  -1.1624723e+00
  -1.8876802e+00
  -5.0608210e-01
   1.4567246e+00
   1.8020443e+00
   1.1909929e-01
  -1.7284883e+00
  -1.6705442e+00
   2.4269777e-01
   1.8776939e+00
   1.4033018e+00
  -6.4760425e-01
  -1.9709540e+00
  -1.0822317e+00
   1.0133946e+00
   1.9560818e+00
   6.8862784e-01
  -1.3606874e+00
  -1.8926321e+00
  -3.1761444e-01
   1.5979985e+00
   1.7235407e+00
  -6.0030047e-02
  -1.7517945e+00
  -1.4787288e+00
   4.2990827e-01
   1.8371491e+00
   1.1873499e+00
  -7.7949438e-01
  -1.8703244e+00
  -8.7646404e-01
   1.0974494e+00
   1.8657038e+00
   5.7907126e-01
  -1.3402098e+00
  -1.7710659e+00
  -2.3805416e-01
   1.5588773e+00
   1.6218880e+00
  -1.2539637e-01
  -1.7385395e+00
  -1.4060445e+00
   5.1991202e-01
   1.8907809e+00
   1.1527204e+00
  -8.9424389e-01
  -1.9632535e+00
  -8.4075163e-01
   1.2277110e+00
   1.9160171e+00
   4.3944592e-01
  -1.5408764e+00
  -1.7823700e+00
  -4.3655894e-03
   1.7798342e+00
   1.5398436e+00
  -4.6248126e-01
  -1.9624927e+00
  -1.2605976e+00
   8.4974358e-01
   1.9851229e+00
   8.7409915e-01
  -1.2134242e+00
  -1.9190925e+00
  -4.6459910e-01
   1.4884322e+00
   1.7356019e+00
   1.4503117e-02
  -1.7225116e+00
  -1.5229852e+00
   3.7870673e-01
   1.8466437e+00
   1.2478247e+00
  -7.3261622e-01
  -1.8778041e+00
  -9.2094070e-01
   1.0534549e+00
   1.8345904e+00
   5.5525726e-01
  -1.3455192e+00
  -1.7326531e+00
  -1.6261061e-01
   1.6129523e+00
   1.5983287e+00
  -2.0708302e-01
  -1.7894955e+00
  -1.3671386e+00
   5.9840782e-01
   1.8985459e+00
   1.0572684e+00
  -9.8598905e-01
  -1.9149766e+00
  -6.5841774e-01
   1.3707339e+00
   1.8578919e+00
   2.2430955e-01
  -1.6880907e+00
  -1.6985362e+00
   2.1805877e-01
   1.8843885e+00
   1.3999156e+00
  -6.8190451e-01
  -1.9813069e+00
  -1.0157972e+00
   1.1024958e+00
   1.9442849e+00
   5.4710830e-01
  -1.4884961e+00
  -1.8383642e+00
  -1.0994549e-01
   1.7235593e+00
   1.5854753e+00
  -3.4697408e-01
  -1.8685851e+00
  -1.2662971e+00
   7.5061315e-01
   1.8835877e+00
   8.6048221e-01
  -1.1409309e+00
  -1.8480577e+00
  -4.6580648e-01
   1.4399911e+00
   1.7215505e+00
   6.8162677e-02
  -1.6538093e+00
  -1.5078033e+00
   3.3487936e-01
   1.7915386e+00
   1.2163147e+00
  -7.4002400e-01
  -1.8575293e+00
  -8.5524332e-01
   1.1450307e+00
   1.8709203e+00
   4.7675072e-01
  -1.4726662e+00
  -1.7585881e+00
  -3.8627510e-02
   1.7367751e+00
   1.5340598e+00
  -4.2714451e-01
  -1.9010679e+00
  -1.1832874e+00
   9.1447617e-01
   1.9759319e+00
   7.6017127e-01
  -1.3500297e+00
  -1.9259317e+00
  -2.9553690e-01
   1.6695942e+00
   1.7082772e+00
  -2.1919104e-01
  -1.8862977e+00
  -1.3751656e+00
   7.1126808e-01
   1.9563152e+00
   9.2621959e-01
  -1.1832399e+00
  -1.9403375e+00
  -4.8174285e-01
   1.5094343e+00
   1.7552473e+00
  -5.9284481e-03
  -1.7439243e+00
  -1.4804562e+00
   4.5739312e-01
   1.8393670e+00
   1.0947588e+00
  -9.0704872e-01
  -1.8704282e+00
  -6.9761608e-01
   1.2709417e+00
   1.7937598e+00
   2.7919382e-01
  -1.5476467e+00
  -1.6100107e+00
   1.5920077e-01
   1.7411340e+00
   1.3291302e+00
  -6.0751380e-01
  -1.8491582e+00
  -9.5891465e-01
   1.0590879e+00
   1.8889569e+00
   5.5657862e-01
  -1.4286135e+00
  -1.7842080e+00
  -8.4086685e-02
   1.7245065e+00
   1.5494104e+00
  -4.1916696e-01
  -1.9043974e+00
  -1.1720889e+00
   9.4068506e-01
   1.9760368e+00
   7.1111771e-01
  -1.4004057e+00
  -1.9041076e+00
  -2.0500556e-01
   1.7272324e+00
   1.6472159e+00
  -3.4769059e-01
  -1.9310528e+00
  -1.2632581e+00
   8.6531675e-01
   1.9654646e+00
   7.5724399e-01
  -1.3454501e+00
  -1.8947700e+00
  -2.5945364e-01
   1.6562552e+00
   1.6394296e+00
  -2.7002110e-01
  -1.8503385e+00
  -1.2865041e+00
   7.4321303e-01
   1.8802385e+00
   8.2239192e-01
  -1.1891308e+00
  -1.8246221e+00
  -3.5561812e-01
   1.5205437e+00
   1.6471643e+00
  -1.1366153e-01
  -1.7338176e+00
  -1.3556966e+00
   5.7704396e-01
   1.8354477e+00
   9.7070647e-01
  -1.0169121e+00
  -1.8261335e+00
  -5.0849095e-01
   1.4244851e+00
   1.7323113e+00
   3.8506183e-02
  -1.7115216e+00
  -1.4860920e+00
   4.6857359e-01
   1.8891322e+00
   1.1145559e+00
  -9.6433002e-01
  -1.9193096e+00
  -6.1724313e-01
   1.4317368e+00
   1.8194691e+00
   6.6504943e-02
  -1.7893870e+00
  -1.5676404e+00
   4.8580719e-01
   1.9680466e+00
   1.1369658e+00
  -1.0319161e+00
  -1.9860814e+00
  -6.0307302e-01
   1.4830796e+00
   1.8082857e+00
  -1.4005673e-02
  -1.8379655e+00
  -1.5175532e+00
   5.6760839e-01
   1.9684652e+00
   1.0526770e+00
  -1.0877164e+00
  -1.9390245e+00
  -5.2173369e-01
   1.4801973e+00
   1.7176832e+00
  -7.0727511e-02
  -1.7758344e+00
  -1.4038320e+00
   6.0052587e-01
   1.8957210e+00
   9.8456957e-01
  -1.0556800e+00
  -1.8491712e+00
  -4.8931363e-01
   1.4242611e+00
   1.6629432e+00
  -3.9740160e-02
  -1.6898212e+00
  -1.3592235e+00
   5.7142251e-01
   1.8551938e+00
   9.9164440e-01
  -1.0230333e+00
  -1.8466448e+00
  -5.1612808e-01
   1.4203506e+00
   1.6980590e+00
  -1.6210229e-02
  -1.7168773e+00
  -1.3964914e+00
   5.8792015e-01
   1.9073892e+00
   9.8861044e-01
  -1.1136300e+00
  -1.9295292e+00
  -4.8218874e-01
   1.5354581e+00
   1.7387515e+00
  -1.2372360e-01
  -1.8504060e+00
  -1.3851549e+00
   7.3084381e-01
   1.9823479e+00
   8.6599334e-01
  -1.3068114e+00
  -1.9551179e+00
  -2.9991855e-01
   1.6990401e+00
   1.6704990e+00
  -3.4514746e-01
  -1.9455674e+00
  -1.2307192e+00
   9.3713359e-01
   1.9702081e+00
   6.4220537e-01
  -1.4592380e+00
  -1.8338470e+00
  -4.2324927e-02
   1.7864954e+00
   1.4958529e+00
  -5.4897899e-01
  -1.9180187e+00
  -1.0069318e+00
   1.0808944e+00
   1.8677550e+00
   4.3815868e-01
  -1.4997982e+00
  -1.6534236e+00
   1.5034116e-01
   1.7800814e+00
   1.3232333e+00
  -6.7084654e-01
  -1.8546326e+00
  -8.4857848e-01
   1.1481584e+00
   1.7809078e+00
   3.1049433e-01
  -1.5231265e+00
  -1.5523588e+00
   2.6417846e-01
   1.7873641e+00
   1.2128541e+00
  -7.9652269e-01
  -1.8782161e+00
  -7.5145088e-01
   1.2591338e+00
   1.7732616e+00
   1.7195771e-01
  -1.6502026e+00
  -1.5175629e+00
   4.3200302e-01
   1.8834710e+00
   1.0880882e+00
  -1.0331600e+00
  -1.9578305e+00
  -5.6711086e-01
   1.4944825e+00
   1.7630850e+00
  -9.1999340e-02
  -1.8507718e+00
  -1.3937241e+00
   7.4223437e-01
   1.9898404e+00
   8.3457039e-01
  -1.3485783e+00
  -1.9348327e+00
  -2.0925056e-01
   1.7625547e+00
   1.6154723e+00
  -4.6676889e-01
  -1.9736601e+00
  -1.0947297e+00
   1.1017273e+00
   1.9641511e+00
   4.5664143e-01
  -1.5998780e+00
  -1.7302175e+00
   2.1720952e-01
   1.9018363e+00
   1.3139175e+00
  -8.2211217e-01
  -1.9402287e+00
  -7.1935021e-01
   1.3521355e+00
   1.7863159e+00
   7.8460093e-02
  -1.7114395e+00
  -1.4429606e+00
   5.5157992e-01
   1.8858722e+00
   9.7794646e-01
  -1.0768727e+00
  -1.8321314e+00
  -4.0741139e-01
   1.4808575e+00
   1.5800207e+00
  -2.1761985e-01
  -1.7591230e+00
  -1.2026208e+00
   7.8979930e-01
   1.8423694e+00
   6.9528113e-01
  -1.2920277e+00
  -1.7550385e+00
  -1.4125042e-01
   1.6240348e+00
   1.4287630e+00
  -4.9810802e-01
  -1.8462657e+00
  -9.8394957e-01
   1.0715006e+00
   1.8513307e+00
   3.9698070e-01
  -1.5637700e+00
  -1.6706795e+00
   2.2345988e-01
   1.8488131e+00
   1.2401094e+00
  -8.7735623e-01
  -1.9398711e+00
  -6.4300375e-01
   1.4563525e+00
   1.8054293e+00
  -4.2245910e-02
  -1.8587687e+00
  -1.4317194e+00
   7.3726078e-01
   2.0221183e+00
   8.6024837e-01
  -1.3361169e+00
  -1.8903804e+00
  -1.2474269e-01
   1.8060070e+00
   1.5399387e+00
  -6.0620677e-01
  -2.0186822e+00
  -9.7485990e-01
   1.2553682e+00
   1.9605196e+00
   2.9267376e-01
  -1.7085648e+00
  -1.6124431e+00
   4.4445689e-01
   1.9421981e+00
   1.0589747e+00
  -1.1190130e+00
  -1.9384280e+00
  -4.1174156e-01
   1.5982070e+00
   1.6587138e+00
  -2.8464983e-01
  -1.8669592e+00
  -1.1867497e+00
   9.0419593e-01
   1.8613207e+00
   5.3799336e-01
  -1.4452539e+00
  -1.6835852e+00
   1.0372408e-01
   1.7518912e+00
   1.2772576e+00
  -7.3605246e-01
  -1.8575503e+00
  -7.4686516e-01
   1.2414646e+00
   1.7051140e+00
   9.3258838e-02
  -1.6361496e+00
  -1.3849052e+00
   5.5048003e-01
   1.8337570e+00
   9.0851207e-01
  -1.1162863e+00
  -1.7965522e+00
  -3.0545567e-01
   1.5567747e+00
   1.5321653e+00
  -3.5480266e-01
  -1.8107035e+00
  -1.0499908e+00
   1.0198519e+00
   1.8782213e+00
   4.5675219e-01
  -1.5344208e+00
  -1.6670640e+00
   2.3786930e-01
   1.8647634e+00
   1.2180528e+00
  -9.2253144e-01
  -1.9326156e+00
  -5.5710680e-01
   1.5269199e+00
   1.7485185e+00
  -1.9077739e-01
  -1.9228873e+00
  -1.3113059e+00
   9.0718998e-01
   2.0086796e+00
   6.3285819e-01
  -1.5282111e+00
  -1.8068827e+00
   1.4430498e-01
   1.9132572e+00
   1.3047552e+00
  -9.3986578e-01
  -2.0507922e+00
  -6.5203320e-01
   1.5347553e+00
   1.8165507e+00
  -1.4460940e-01
  -1.9203656e+00
  -1.3230554e+00
   8.9516678e-01
   1.9850277e+00
   6.0427267e-01
  -1.5324952e+00
  -1.7848737e+00
   1.5327592e-01
   1.8910781e+00
   1.3005777e+00
  -8.7066450e-01
  -1.9441720e+00
  -6.1732700e-01
   1.4530193e+00
   1.7155899e+00
  -1.3520491e-01
  -1.8068989e+00
  -1.2454841e+00
   8.4911640e-01
   1.9048309e+00
   6.4094179e-01
  -1.3789788e+00
  -1.6848018e+00
   7.5305035e-02
   1.7267935e+00
   1.2489612e+00
  -7.5706686e-01
  -1.8228172e+00
  -6.4291407e-01
   1.3336556e+00
   1.6856527e+00
  -1.7328186e-02
  -1.6935919e+00
  -1.2989494e+00
   6.7439173e-01
   1.8037534e+00
   7.0427589e-01
  -1.2723779e+00
  -1.6925182e+00
  -2.8956643e-02
   1.6801787e+00
   1.3251251e+00
  -6.7612111e-01
  -1.8728480e+00
  -7.8732306e-01
   1.2538312e+00
   1.7355144e+00
   5.4804854e-02
  -1.7154978e+00
  -1.3729266e+00
   6.7937412e-01
   1.9041862e+00
   7.6330488e-01
  -1.3534367e+00
  -1.8231959e+00
  -4.4296523e-02
   1.7904898e+00
   1.3994733e+00
  -7.4037497e-01
  -1.9630514e+00
  -7.2834983e-01
   1.4378896e+00
   1.8259197e+00
  -7.1003510e-02
  -1.8985173e+00
  -1.3668170e+00
   8.7724776e-01
   2.0386153e+00
   6.6413181e-01
  -1.5283058e+00
  -1.7907280e+00
   2.0957285e-01
   1.9631915e+00
   1.2615223e+00
  -1.0262963e+00
  -2.0349904e+00
  -4.9604503e-01
   1.6671674e+00
   1.7493785e+00
  -3.4501460e-01
  -1.9869696e+00
  -1.1252187e+00
   1.1445143e+00
   1.9651664e+00
   3.0799424e-01
  -1.7441522e+00
  -1.6194151e+00
   5.1971717e-01
   1.9931620e+00
   9.6856227e-01
  -1.2559248e+00
  -1.8977018e+00
  -1.7596521e-01
   1.7326667e+00
   1.4393664e+00
  -6.7261139e-01
  -1.9508994e+00
  -8.0290297e-01
   1.3274785e+00
   1.7847788e+00
   1.7423040e-02
  -1.7574677e+00
  -1.3382428e+00
   7.2652281e-01
   1.8500809e+00
   6.4398792e-01
  -1.3677814e+00
  -1.6699389e+00
   1.0889372e-01
   1.7501271e+00
   1.2183380e+00
  -8.1363674e-01
  -1.8176801e+00
  -5.5849919e-01
   1.3830057e+00
   1.5897957e+00
  -1.8453913e-01
  -1.7189420e+00
  -1.0956839e+00
   9.1237147e-01
   1.8045138e+00
   4.6525967e-01
  -1.4444199e+00
  -1.5509422e+00
   2.7640658e-01
   1.7581874e+00
   1.0432811e+00
  -9.7697216e-01
  -1.7722634e+00
  -3.3440897e-01
   1.5471898e+00
   1.5087893e+00
  -4.2397832e-01
  -1.8454680e+00
  -9.7040925e-01
   1.1159580e+00
   1.7973406e+00
   2.0762043e-01
  -1.6609923e+00
  -1.4461686e+00
   6.0103540e-01
   1.9044199e+00
   7.9877404e-01
  -1.3480687e+00
  -1.8318630e+00
  -2.4516667e-02
   1.8064649e+00
   1.3443511e+00
  -8.3664710e-01
  -1.9740677e+00
  -6.1048646e-01
   1.5383211e+00
   1.7381904e+00
  -2.8806163e-01
  -1.9821224e+00
  -1.1838276e+00
   1.1121515e+00
   1.9985335e+00
   3.4671951e-01
  -1.7442020e+00
  -1.6074570e+00
   5.9076784e-01
   2.0493697e+00
   8.9790774e-01
  -1.4081242e+00
  -1.9302823e+00
   6.5389561e-03
   1.9441536e+00
   1.4195223e+00
  -8.9374439e-01
  -2.0437575e+00
  -5.6760878e-01
   1.6424968e+00
   1.7584515e+00
  -3.7059211e-01
  -2.0272964e+00
  -1.0979197e+00
   1.2315529e+00
   1.9948009e+00
   2.3027048e-01
  -1.8032696e+00
  -1.5200586e+00
   6.9804360e-01
   2.0067093e+00
   7.3860183e-01
  -1.4789919e+00
  -1.8164392e+00
   1.4814775e-01
   1.9070762e+00
   1.2310805e+00
  -1.0013545e+00
  -1.9465291e+00
  -4.2337119e-01
   1.6041762e+00
   1.5520690e+00
  -4.9628300e-01
  -1.9204144e+00
  -9.1225767e-01
   1.2360829e+00
   1.7971486e+00
   7.6442645e-02
  -1.7278262e+00
  -1.3356993e+00
   7.2924623e-01
   1.8325687e+00
   5.8584972e-01
  -1.4069983e+00
  -1.6078253e+00
   2.3301766e-01
   1.7768492e+00
   1.0741976e+00
  -9.7222650e-01
  -1.7689272e+00
  -3.2175762e-01
   1.5194616e+00
   1.4207823e+00
  -4.7881321e-01
  -1.7567274e+00
  -7.8681584e-01
   1.2006957e+00
   1.6841727e+00
   4.9118142e-02
  -1.6344079e+00
  -1.2374116e+00
   7.2941233e-01
   1.7654625e+00
   5.5526907e-01
  -1.3590328e+00
  -1.5351703e+00
   2.6089589e-01
   1.7467617e+00
   1.0207100e+00
  -1.0101099e+00
  -1.7689574e+00
  -2.8635504e-01
   1.5529276e+00
   1.4002248e+00
  -5.5668731e-01
  -1.8167195e+00
  -7.5426203e-01
   1.2862694e+00
   1.6882287e+00
  -8.7364567e-02
  -1.7860444e+00
  -1.2281385e+00
   8.8771252e-01
   1.8548465e+00
   4.2373271e-01
  -1.5743026e+00
  -1.5600950e+00
   4.6944134e-01
   1.9090615e+00
   8.8582090e-01
  -1.3080236e+00
  -1.8499396e+00
  -2.2482624e-02
   1.8357559e+00
   1.3270722e+00
  -9.0068824e-01
  -1.9669001e+00
  -4.7577721e-01
   1.6571825e+00
   1.6625453e+00
  -4.9088220e-01
  -2.0277983e+00
  -9.4681302e-01
   1.3715229e+00
   1.9310049e+00
   1.4969860e-03
  -1.9174121e+00
  -1.3284050e+00
   1.0125717e+00
   2.0609555e+00
   4.3683960e-01
  -1.7650915e+00
  -1.6827781e+00
   5.8919816e-01
   2.1073875e+00
   8.9938612e-01
  -1.4653678e+00
  -1.9104651e+00
   1.4251432e-01
   2.0147603e+00
   1.2569328e+00
  -1.1545285e+00
  -2.0822180e+00
  -3.1415783e-01
   1.8530911e+00
   1.6031576e+00
  -7.3242803e-01
  -2.1093408e+00
  -7.4037778e-01
   1.5781474e+00
   1.8153303e+00
  -3.3917788e-01
  -2.0741926e+00
  -1.1271514e+00
   1.2679622e+00
   1.9961578e+00
   1.2240716e-01
  -1.9010580e+00
  -1.4428434e+00
   8.8183849e-01
   2.0307724e+00
   5.1094255e-01
  -1.6841896e+00
  -1.6888128e+00
   4.9890956e-01
   2.0293822e+00
   9.2422389e-01
  -1.3584782e+00
  -1.8451511e+00
   7.7085534e-02
   1.8843566e+00
   1.2244802e+00
  -1.0249887e+00
  -1.9232078e+00
  -3.0602878e-01
   1.7137515e+00
   1.5158837e+00
  -6.2218880e-01
  -1.9118474e+00
  -6.9477034e-01
   1.4178425e+00
   1.6698614e+00
  -2.5035604e-01
  -1.8281925e+00
  -1.0132304e+00
   1.1224735e+00
   1.8010512e+00
   1.5507532e-01
  -1.6658807e+00
  -1.3086416e+00
   7.3406287e-01
   1.7916027e+00
   4.9901085e-01
  -1.4451459e+00
  -1.5086769e+00
   3.8233419e-01
   1.7651814e+00
   8.5074837e-01
  -1.1634591e+00
  -1.6666115e+00
  -2.5864856e-02
   1.6107141e+00
   1.1197731e+00
  -8.4450555e-01
  -1.7173814e+00
  -3.6338983e-01
   1.4556255e+00
   1.3783041e+00
  -4.9016789e-01
  -1.7233248e+00
  -7.2873234e-01
   1.1905363e+00
   1.5387419e+00
  -1.2721924e-01
  -1.6278175e+00
  -1.0011044e+00
   9.4303514e-01
   1.6758003e+00
   2.4016747e-01
  -1.5009078e+00
  -1.2854264e+00
   6.0397783e-01
   1.7060159e+00
   5.8609609e-01
  -1.2906492e+00
  -1.4658328e+00
   3.0158313e-01
   1.7090499e+00
   9.0919737e-01
  -1.0695496e+00
  -1.6506758e+00
  -7.1622774e-02
   1.6081961e+00
   1.1894016e+00
  -7.8502056e-01
  -1.7258498e+00
  -3.8568396e-01
   1.4895752e+00
   1.4315883e+00
  -5.0805177e-01
  -1.8011217e+00
  -7.4673894e-01
   1.2826719e+00
   1.6225231e+00
  -1.8367054e-01
  -1.7640106e+00
  -1.0253500e+00
   1.0771686e+00
   1.7717692e+00
   1.1809866e-01
  -1.7273416e+00
  -1.3301361e+00
   8.0410684e-01
   1.8695074e+00
   4.5254146e-01
  -1.5827956e+00
  -1.5364795e+00
   5.5161219e-01
   1.9260312e+00
   7.4831502e-01
  -1.4483783e+00
  -1.7588886e+00
   2.4813201e-01
   1.9318832e+00
   1.0598416e+00
  -1.2204362e+00
  -1.8789304e+00
  -2.1828538e-02
   1.8969482e+00
   1.3152111e+00
  -1.0204256e+00
  -2.0158512e+00
  -3.3202752e-01
   1.8131237e+00
   1.5706580e+00
  -7.4563150e-01
  -2.0541436e+00
  -5.9925976e-01
   1.6923643e+00
   1.7574775e+00
  -5.1625679e-01
  -2.1135753e+00
  -8.9644383e-01
   1.5306330e+00
   1.9372484e+00
  -2.2627463e-01
  -2.0778584e+00
  -1.1393345e+00
   1.3435336e+00
   2.0464382e+00
   7.8587984e-03
  -2.0653256e+00
  -1.3994793e+00
   1.1306048e+00
   2.1515760e+00
   2.9553759e-01
  -1.9592450e+00
  -1.5932219e+00
   9.0840765e-01
   2.1916025e+00
   5.2187479e-01
  -1.8787918e+00
  -1.7939928e+00
   6.7589726e-01
   2.2338954e+00
   7.9623785e-01
  -1.7098980e+00
  -1.9223845e+00
   4.4630103e-01
   2.2157835e+00
   1.0021431e+00
  -1.5750850e+00
  -2.0563481e+00
   2.1499884e-01
   2.2028274e+00
   1.2473143e+00
  -1.3636476e+00
  -2.1212558e+00
  -8.8300391e-03
   2.1303541e+00
   1.4142946e+00
  -1.1998486e+00
  -2.1976933e+00
  -2.3167428e-01
   2.0639743e+00
   1.6118244e+00
  -9.7284354e-01
  -2.2121056e+00
  -4.4502455e-01
   1.9402536e+00
   1.7251489e+00
  -8.0440438e-01
  -2.2434733e+00
  -6.5355533e-01
   1.8280540e+00
   1.8672656e+00
  -5.8006794e-01
  -2.2160356e+00
  -8.4690273e-01
   1.6669473e+00
   1.9276136e+00
  -4.1762020e-01
  -2.2059847e+00
  -1.0275627e+00
   1.5285427e+00
   2.0225235e+00
  -1.9997195e-01
  -2.1366036e+00
  -1.1852652e+00
   1.3526901e+00
   2.0425353e+00
  -4.3977459e-02
  -2.0843879e+00
  -1.3238336e+00
   1.2097176e+00
   2.1031291e+00
   1.6616438e-01
  -1.9753009e+00
  -1.4367761e+00
   1.0358770e+00
   2.0921756e+00
   3.1127914e-01
  -1.8888168e+00
  -1.5316365e+00
   8.9791395e-01
   2.1223053e+00
   5.0455262e-01
  -1.7541576e+00
  -1.6058096e+00
   7.2860196e-01
   2.0791828e+00
   6.2560403e-01
  -1.6519335e+00
  -1.6682560e+00
   5.9358119e-01
   2.0752670e+00
   7.8812724e-01
  -1.5109798e+00
  -1.7163408e+00
   4.2602365e-01
   1.9978141e+00
   8.7444922e-01
  -1.4089269e+00
  -1.7563384e+00
   2.9424808e-01
   1.9625016e+00
   1.0019364e+00
  -1.2711729e+00
  -1.7828055e+00
   1.3405875e-01
   1.8597851e+00
   1.0567694e+00
  -1.1715346e+00
  -1.7988949e+00
   1.6272137e-02
   1.8076956e+00
   1.1586094e+00
  -1.0336720e+00
  -1.7983888e+00
  -1.2320408e-01
   1.6968166e+00
   1.1940513e+00
  -9.3117299e-01
  -1.7850046e+00
  -2.1495555e-01
   1.6433809e+00
   1.2808115e+00
  -7.9005868e-01
  -1.7556326e+00
  -3.2672407e-01
   1.5344280e+00
   1.3024399e+00
  -6.8672717e-01
  -1.7170957e+00
  -3.9262673e-01
   1.4825976e+00
   1.3733260e+00
  -5.5036662e-01
  -1.6695640e+00
  -4.8369480e-01
   1.3721594e+00
   1.3751803e+00
  -4.5843924e-01
  -1.6206502e+00
  -5.3481352e-01
   1.3152170e+00
   1.4223797e+00
  -3.3966674e-01
  -1.5698449e+00
  -6.1614968e-01
   1.1974474e+00
   1.3989262e+00
  -2.6845621e-01
  -1.5214394e+00
  -6.5937085e-01
   1.1341151e+00
   1.4225178e+00
  -1.7005948e-01
  -1.4715489e+00
  -7.3147056e-01
   1.0140959e+00
   1.3806674e+00
  -1.1512823e-01
  -1.4209023e+00
  -7.6114507e-01
   9.5499941e-01
   1.3929885e+00
  -2.7357593e-02
  -1.3645598e+00
  -8.1491930e-01
   8.4577715e-01
   1.3469749e+00
   2.2523451e-02
  -1.3036946e+00
  -8.2263891e-01
   8.0214704e-01
   1.3598281e+00
   1.0806496e-01
  -1.2364742e+00
  -8.5430149e-01
   7.0941933e-01
   1.3155460e+00
   1.5530901e-01
  -1.1672317e+00
  -8.4312619e-01
   6.7967251e-01
   1.3276313e+00
   2.3426700e-01
  -1.0974538e+00
  -8.6220235e-01
   5.9550117e-01
   1.2779990e+00
   2.6964334e-01
  -1.0322413e+00
  -8.4524714e-01
   5.6862285e-01
   1.2800403e+00
   3.3175791e-01
  -9.7230821e-01
  -8.6414647e-01
   4.8331790e-01
   1.2179840e+00
   3.4830200e-01
  -9.1929958e-01
  -8.4903462e-01
   4.5479252e-01
   1.2086284e+00
   3.9303149e-01
  -8.7043409e-01
  -8.6829558e-01
   3.7083262e-01
   1.1397911e+00
   3.9732760e-01
  -8.2375147e-01
  -8.4886211e-01
   3.4921284e-01
   1.1301984e+00
   4.3635799e-01
  -7.7548739e-01
  -8.5855163e-01
   2.7790285e-01
   1.0675702e+00
   4.4118891e-01
  -7.2431414e-01
  -8.2547479e-01
   2.7278888e-01
   1.0680693e+00
   4.8393258e-01
  -6.6983831e-01
  -8.2102981e-01
   2.1814747e-01
   1.0157492e+00
   4.9212267e-01
  -6.1416437e-01
  -7.7681894e-01
   2.2618642e-01
   1.0229505e+00
   5.3409545e-01
  -5.6042797e-01
  -7.6739210e-01
   1.7850208e-01
   9.7162273e-01
   5.3592632e-01
  -5.1160272e-01
  -7.2481137e-01
   1.8708114e-01
   9.7409688e-01
   5.6626866e-01
  -4.7003718e-01
  -7.2228901e-01
   1.3543655e-01
   9.1483583e-01
   5.5429041e-01
  -4.3515770e-01
  -6.8811868e-01
   1.3931268e-01
   9.0981463e-01
   5.7221848e-01
  -4.0571622e-01
  -6.9184295e-01
   8.5962636e-02
   8.4728467e-01
   5.5300562e-01
  -3.7749313e-01
  -6.5847135e-01
   9.3834896e-02
   8.4524959e-01
   5.7028716e-01
  -3.4832528e-01
  -6.5702124e-01
   5.0371693e-02
   7.9184053e-01
   5.5658391e-01
  -3.1480650e-01
  -6.1383941e-01
   7.2022802e-02
   8.0237455e-01
   5.8227624e-01
  -2.7839787e-01
  -6.0175192e-01
   4.2367712e-02
   7.6115357e-01
   5.7613653e-01
  -2.3937974e-01
  -5.5081809e-01
   7.4026052e-02
   7.7954756e-01
   6.0461277e-01
  -2.0292271e-01
  -5.3715654e-01
   4.7832328e-02
   7.3973000e-01
   5.9497869e-01
  -1.7023266e-01
  -4.9130391e-01
   7.6241844e-02
   7.5316171e-01
   6.1408924e-01
  -1.4562075e-01
  -4.8793979e-01
   4.2170041e-02
   7.0473097e-01
   5.9249671e-01
  -1.2658678e-01
  -4.5366191e-01
   6.2044400e-02
   7.0977993e-01
   6.0084068e-01
  -1.1367565e-01
  -4.5931864e-01
   2.2705490e-02
   6.5717793e-01
   5.7361377e-01
  -1.0063933e-01
  -4.2814627e-01
   4.3369411e-02
   6.6437699e-01
   5.8290312e-01
  -8.7126879e-02
  -4.3051919e-01
   1.1014965e-02
   6.2007114e-01
   5.6267692e-01
  -6.7848972e-02
  -3.9118480e-01
   4.2689620e-02
   6.3886008e-01
   5.8157793e-01
  -4.6306229e-02
  -3.8456947e-01
   2.1282291e-02
   6.0540134e-01
   5.6961462e-01
  -2.1125254e-02
  -3.3936214e-01
   5.9811610e-02
   6.3018459e-01
   5.9134881e-01
   3.3469504e-04
  -3.3341666e-01
   3.8327518e-02
   5.9569134e-01
   5.7526899e-01
   1.8509670e-02
  -2.9589182e-01
   6.9733688e-02
   6.1259787e-01
   5.8646625e-01
   2.7030539e-02
  -3.0305788e-01
   3.6338163e-02
   5.6631388e-01
   5.5693797e-01
   3.0267107e-02
  -2.7990776e-01
   5.5258446e-02
   5.7165650e-01
   5.5581962e-01
   2.5857277e-02
  -2.9865846e-01
   1.2945120e-02
   5.1823339e-01
   5.1925011e-01
   2.2086637e-02
  -2.8080700e-01
   2.9418731e-02
   5.2307207e-01
   5.1788764e-01
   1.7524205e-02
  -2.9810001e-01
  -8.7598911e-03
   4.7556113e-01
   4.8727964e-01
   1.9394953e-02
  -2.7368039e-01
   1.6108605e-02
   4.8971606e-01
   4.9446901e-01
   2.2225542e-02
  -2.8355436e-01
  -1.3714048e-02
   4.5068992e-01
   4.7085258e-01
   2.9134671e-02
  -2.5499384e-01
   1.5271668e-02
   4.6824478e-01
   4.7927486e-01
   3.0691510e-02
  -2.6751200e-01
  -1.7560326e-02
   4.2534873e-01
   4.4964091e-01
   2.9133759e-02
  -2.4876833e-01
   1.2901916e-03
   4.3210586e-01
   4.4551550e-01
   1.6236783e-02
  -2.7645588e-01
  -4.6283308e-02
   3.7470278e-01
   4.0062605e-01
  -1.5032730e-03
  -2.7373926e-01
  -4.2231583e-02
   3.6772816e-01
   3.8292801e-01
  -2.7966473e-02
  -3.1393642e-01
  -1.0021106e-01
   3.0186234e-01
   3.3056968e-01
  -5.2488092e-02
  -3.1649595e-01
  -9.9079953e-02
   2.9406708e-01
   3.1316305e-01
  -7.7919095e-02
  -3.5420657e-01
  -1.5236049e-01
   2.3479895e-01
   2.6823229e-01
  -9.4719935e-02
  -3.4826045e-01
  -1.4135714e-01
   2.3786330e-01
   2.6161382e-01
  -1.0996123e-01
  -3.7589918e-01
  -1.8409340e-01
   1.8927925e-01
   2.2648389e-01
  -1.1840288e-01
  -3.6263212e-01
  -1.6625050e-01
   1.9844112e-01
   2.2434627e-01
  -1.3118462e-01
  -3.8929683e-01
  -2.0880164e-01
   1.4915427e-01
   1.8689158e-01
  -1.4390943e-01
  -3.8172344e-01
  -1.9733065e-01
   1.5128445e-01
   1.7650518e-01
  -1.6632265e-01
  -4.1871948e-01
  -2.5006095e-01
   9.2106081e-02
   1.2896787e-01
  -1.8949101e-01
  -4.2133981e-01
  -2.4774818e-01
   8.6245882e-02
   1.1132545e-01
  -2.1855943e-01
  -4.6378179e-01
  -3.0395483e-01
   2.5657333e-02
   6.3936238e-02
  -2.4030418e-01
  -4.6330310e-01
  -2.9630582e-01
   2.7335827e-02
   5.5455025e-02
  -2.5893462e-01
  -4.9371388e-01
  -3.3841903e-01
  -1.7222749e-02
   2.5340253e-02
  -2.6267001e-01
  -4.7437517e-01
  -3.1076429e-01
   5.3887423e-03
   3.8011105e-02
  -2.6042468e-01
  -4.8405776e-01
  -3.3198564e-01
  -1.8306241e-02
   2.8039014e-02
  -2.4525716e-01
  -4.4697774e-01
  -2.8746092e-01
   2.0170133e-02
   5.5010546e-02
  -2.3062970e-01
  -4.4595748e-01
  -2.9921311e-01
   4.7290288e-03
   5.1646395e-02
  -2.1077561e-01
  -4.0583351e-01
  -2.5279047e-01
   4.4084540e-02
   7.8212137e-02
  -1.9793523e-01
  -4.0754409e-01
  -2.6758823e-01
   2.5517000e-02
   7.1437957e-02
  -1.8187228e-01
  -3.7120921e-01
  -2.2438224e-01
   6.2445107e-02
   9.6189232e-02
  -1.7029662e-01
  -3.7324189e-01
  -2.3801094e-01
   4.6702188e-02
   9.3622742e-02
  -1.4886155e-01
  -3.3017835e-01
  -1.8636899e-01
   9.3789264e-02
   1.2988967e-01
  -1.2470192e-01
  -3.1844273e-01
  -1.8478516e-01
   9.4613368e-02
   1.4474765e-01
  -8.5441418e-02
  -2.5722786e-01
  -1.1457428e-01
   1.6049570e-01
   1.9951060e-01
  -4.3525918e-02
  -2.2852346e-01
  -9.6688718e-02
   1.7678835e-01
   2.2848879e-01
   8.0493259e-03
  -1.5687648e-01
  -1.7811543e-02
   2.4946840e-01
   2.8780051e-01
   5.1984508e-02
  -1.2857310e-01
  -2.4536747e-03
   2.6116538e-01
   3.0986763e-01
   9.4145978e-02
  -6.8670306e-02
   6.2715718e-02
   3.1835104e-01
   3.5181959e-01
   1.1886000e-01
  -6.1096737e-02
   5.6352927e-02
   3.0762650e-01
   3.5074925e-01
   1.3717782e-01
  -2.5430101e-02
   9.7365250e-02
   3.4100800e-01
   3.6925636e-01
   1.3885154e-01
  -4.0159691e-02
   6.9892905e-02
   3.1058479e-01
   3.4979860e-01
   1.3997887e-01
  -2.0351042e-02
   9.6640630e-02
   3.3135649e-01
   3.5714537e-01
   1.3175173e-01
  -4.3660226e-02
   6.2081599e-02
   2.9528882e-01
   3.3313847e-01
   1.2906215e-01
  -2.7062150e-02
   8.6232074e-02
   3.1392094e-01
   3.3842111e-01
   1.1849806e-01
  -5.3071380e-02
   4.8653213e-02
   2.7438454e-01
   3.1012268e-01
   1.1033282e-01
  -4.3242902e-02
   6.4791443e-02
   2.8370091e-01
   3.0454830e-01
   8.7191910e-02
  -8.3460530e-02
   1.1613402e-02
   2.2728062e-01
   2.5797734e-01
   5.9283774e-02
  -9.4683875e-02
   5.7128313e-03
   2.1379698e-01
   2.2890285e-01
   1.2050783e-02
  -1.5924088e-01
  -7.1577650e-02
   1.3382368e-01
   1.5945116e-01
  -3.7962762e-02
  -1.9149605e-01
  -9.7017418e-02
   1.0259372e-01
   1.1453621e-01
  -9.9012072e-02
  -2.6754473e-01
  -1.8308909e-01
   1.6768848e-02
   4.2140022e-02
  -1.4913253e-01
  -2.9699011e-01
  -2.0263676e-01
  -5.4531609e-03
   9.1873259e-03
  -1.9544127e-01
  -3.5554068e-01
  -2.6840184e-01
  -6.8270805e-02
  -3.7836016e-02
  -2.1820128e-01
  -3.5586996e-01
  -2.5721306e-01
  -5.8372887e-02
  -3.7680923e-02
  -2.3079907e-01
  -3.8031823e-01
  -2.8859652e-01
  -8.6754930e-02
  -5.0618115e-02
  -2.2023259e-01
  -3.4831860e-01
  -2.4618454e-01
  -4.6902165e-02
  -2.2050246e-02
  -2.0618997e-01
  -3.4793634e-01
  -2.5446151e-01
  -5.3895124e-02
  -1.5454946e-02
  -1.7807801e-01
  -3.0033511e-01
  -1.9821595e-01
  -1.8439655e-03
   2.3706601e-02
  -1.5498059e-01
  -2.9220047e-01
  -1.9970409e-01
  -2.7642802e-03
   3.5745663e-02
  -1.2198680e-01
  -2.4008014e-01
  -1.3900871e-01
   5.3889698e-02
   7.9755376e-02
  -9.3707375e-02
  -2.2621888e-01
  -1.3395506e-01
   6.0475324e-02
   1.0022731e-01
  -5.1445649e-02
  -1.6399513e-01
  -6.2257880e-02
   1.2900446e-01
   1.5682016e-01
  -1.0060073e-02
  -1.3658642e-01
  -4.3247086e-02
   1.4981021e-01
   1.9145585e-01
   4.5944476e-02
  -6.1306564e-02
   4.0631820e-02
   2.2940150e-01
   2.5764247e-01
   9.5118627e-02
  -2.8120946e-02
   6.3285397e-02
   2.5152419e-01
   2.9095443e-01
   1.4684054e-01
   3.9732596e-02
   1.3652557e-01
   3.1718444e-01
   3.3978083e-01
   1.7513637e-01
   4.8589150e-02
   1.3157654e-01
   3.0856976e-01
   3.3926472e-01
   1.8999597e-01
   7.6739756e-02
   1.6258449e-01
   3.2977360e-01
   3.4166000e-01
   1.7017192e-01
   3.6206235e-02
   1.0747794e-01
   2.7067616e-01
   2.9065869e-01
   1.3484319e-01
   1.4856036e-02
   9.0135165e-02
   2.4509546e-01
   2.4815620e-01
   7.2317364e-02
  -6.5795682e-02
  -2.0854770e-03
   1.5220559e-01
   1.6684356e-01
   1.0251583e-02
  -1.1016982e-01
  -3.8567818e-02
   1.1146672e-01
   1.1314447e-01
  -5.9562813e-02
  -1.9420024e-01
  -1.3023730e-01
   2.2972888e-02
   3.9835392e-02
  -1.1031559e-01
  -2.2419872e-01
  -1.4948226e-01
   2.0834618e-03
   8.2634864e-03
  -1.5606234e-01
  -2.8247362e-01
  -2.1390807e-01
  -5.7939241e-02
  -3.5712278e-02
  -1.7700191e-01
  -2.8247091e-01
  -2.0316881e-01
  -4.9068551e-02
  -3.7993043e-02
  -1.9413484e-01
  -3.1290140e-01
  -2.4052870e-01
  -8.2841555e-02
  -5.6648025e-02
  -1.9079241e-01
  -2.8966506e-01
  -2.0752045e-01
  -5.2578056e-02
  -3.8358417e-02
  -1.8809434e-01
  -3.0082185e-01
  -2.2591949e-01
  -6.7507010e-02
  -3.8187511e-02
  -1.6587366e-01
  -2.5852302e-01
  -1.7347921e-01
  -1.7288581e-02
   6.6218755e-04
  -1.4194028e-01
  -2.4764611e-01
  -1.6890420e-01
  -8.2464426e-03
   2.5727552e-02
  -9.4037908e-02
  -1.7898818e-01
  -8.9513181e-02
   6.9376980e-02
   9.2215105e-02
  -4.2478926e-02
  -1.4069980e-01
  -5.7926382e-02
   1.0476888e-01
   1.4259157e-01
   2.9275011e-02
  -5.0024360e-02
   4.1324425e-02
   1.9975588e-01
   2.2356686e-01
   9.2085764e-02
  -3.9941884e-03
   7.6932213e-02
   2.3521385e-01
   2.6976232e-01
   1.5512829e-01
   7.3251467e-02
   1.5794683e-01
   3.0710676e-01
   3.2274303e-01
   1.8506395e-01
   8.1667101e-02
   1.5143615e-01
   2.9618439e-01
   3.1850552e-01
   1.9385429e-01
   1.0117518e-01
   1.7166060e-01
   3.0469988e-01
   3.0598589e-01
   1.5667334e-01
   4.1455169e-02
   9.6650695e-02
   2.2553822e-01
   2.3431683e-01
   9.9360781e-02
  -3.2485518e-03
   5.5154280e-02
   1.7539540e-01
   1.6671070e-01
   1.1151052e-02
  -1.0943225e-01
  -6.1256157e-02
   6.0300157e-02
   6.4844450e-02
  -7.0437914e-02
  -1.7232277e-01
  -1.1469485e-01
   4.5440894e-03
  -2.0584929e-03
  -1.5169473e-01
  -2.6537570e-01
  -2.1189623e-01
  -8.5464921e-02
  -7.3295049e-02
  -1.9752248e-01
  -2.8778943e-01
  -2.2055264e-01
  -9.2583495e-02
  -8.8214742e-02
  -2.2397236e-01
  -3.2369494e-01
  -2.5872744e-01
  -1.2219297e-01
  -9.8256642e-02
  -2.0840565e-01
  -2.8505429e-01
  -2.0714301e-01
  -7.0334686e-02
  -5.5909984e-02
  -1.7970042e-01
  -2.6822508e-01
  -1.9524113e-01
  -5.2760081e-02
  -2.1922532e-02
  -1.2350266e-01
  -1.9251249e-01
  -1.1021666e-01
   2.8874371e-02
   4.6520403e-02
  -7.2348259e-02
  -1.5676302e-01
  -8.2745987e-02
   5.8831422e-02
   8.9821169e-02
  -9.7982098e-03
  -7.7503070e-02
   3.2268718e-03
   1.3902335e-01
   1.5461452e-01
   3.5688287e-02
  -4.9212829e-02
   2.1686739e-02
   1.5860227e-01
   1.8626583e-01
   8.5364523e-02
   1.6004945e-02
   9.2520410e-02
   2.2260400e-01
   2.3381839e-01
   1.1254705e-01
   2.4939437e-02
   9.0589137e-02
   2.2071815e-01
   2.4281278e-01
   1.3821878e-01
   6.4674588e-02
   1.3436870e-01
   2.5600485e-01
   2.5988912e-01
   1.3308745e-01
   3.9442990e-02
   9.6450227e-02
   2.1633180e-01
   2.2928334e-01
   1.1734047e-01
   3.6001288e-02
   9.5431996e-02
   2.0537985e-01
   1.9888547e-01
   6.3758324e-02
  -3.8314357e-02
   8.2023196e-03
   1.1657711e-01
   1.1971267e-01
   3.9305322e-04
  -8.7985453e-02
  -3.7158667e-02
   6.3684971e-02
   5.0287000e-02
  -8.8781161e-02
  -1.9389853e-01
  -1.5142420e-01
  -4.7080774e-02
  -4.5354482e-02
  -1.6276211e-01
  -2.4799207e-01
  -1.9469066e-01
  -9.1092461e-02
  -9.8922790e-02
  -2.2896952e-01
  -3.2373188e-01
  -2.7153850e-01
  -1.5727401e-01
  -1.4303480e-01
  -2.4480771e-01
  -3.1346157e-01
  -2.4466134e-01
  -1.2587973e-01
  -1.1654061e-01
  -2.2696166e-01
  -3.0185022e-01
  -2.3159343e-01
  -1.0039797e-01
  -6.8158508e-02
  -1.5044969e-01
  -2.0034740e-01
  -1.1555329e-01
   1.7143174e-02
   4.0521318e-02
  -5.5288889e-02
  -1.1713043e-01
  -3.7363351e-02
   1.0051320e-01
   1.3881848e-01
   6.2476717e-02
   1.6383672e-02
   1.0099026e-01
   2.3032084e-01
   2.4946602e-01
   1.4917763e-01
   8.0733382e-02
   1.5005787e-01
   2.7454934e-01
   2.9889746e-01
   2.0873442e-01
   1.4720451e-01
   2.1317623e-01
   3.2167302e-01
   3.2023571e-01
   2.0041475e-01
   1.1183841e-01
   1.5892136e-01
   2.6007432e-01
   2.6241548e-01
   1.5236955e-01
   7.1456479e-02
   1.1705742e-01
   2.0519468e-01
   1.8579767e-01
   5.1175803e-02
  -5.0692438e-02
  -1.6934668e-02
   7.1747426e-02
   6.4718092e-02
  -5.0962461e-02
  -1.3551138e-01
  -9.3171742e-02
  -7.1414287e-03
  -2.5368206e-02
  -1.5501381e-01
  -2.4992447e-01
  -2.0895598e-01
  -1.1217554e-01
  -1.0825824e-01
  -2.0974483e-01
  -2.7875794e-01
  -2.2133004e-01
  -1.2009657e-01
  -1.2111852e-01
  -2.3120451e-01
  -3.0612291e-01
  -2.4654142e-01
  -1.3201812e-01
  -1.0940301e-01
  -1.9090754e-01
  -2.4054730e-01
  -1.6611421e-01
  -4.9689795e-02
  -3.5465937e-02
  -1.2985217e-01
  -1.9041460e-01
  -1.1949493e-01
   3.9528714e-03
   3.4983484e-02
  -3.8150833e-02
  -8.1156077e-02
  -3.3772386e-03
   1.1381208e-01
   1.2821690e-01
   3.3996924e-02
  -2.7986433e-02
   3.8468377e-02
   1.5516570e-01
   1.7918193e-01
   9.9380436e-02
   4.8555900e-02
   1.1598377e-01
   2.2110119e-01
   2.2376844e-01
   1.1879562e-01
   4.5589921e-02
   9.8992597e-02
   2.0159013e-01
   2.1245863e-01
   1.2107210e-01
   5.8762263e-02
   1.1344163e-01
   2.0530618e-01
   1.9617839e-01
   8.1451416e-02
  -9.4742131e-04
   4.2424219e-02
   1.3483596e-01
   1.3723154e-01
   3.9596389e-02
  -2.8251196e-02
   2.0183120e-02
   1.0574744e-01
   9.2094639e-02
  -2.4891533e-02
  -1.0880173e-01
  -6.7629380e-02
   2.2496135e-02
   2.4283823e-02
  -7.1829766e-02
  -1.3754402e-01
  -8.7784050e-02
  -1.0945217e-03
  -1.2057120e-02
  -1.2432231e-01
  -2.0297041e-01
  -1.5740205e-01
  -6.3163271e-02
  -5.5821237e-02
  -1.4449478e-01
  -2.0236023e-01
  -1.4572615e-01
  -5.2544617e-02
  -5.5675067e-02
  -1.5831621e-01
  -2.2701046e-01
  -1.7254709e-01
  -6.9923736e-02
  -5.3049928e-02
  -1.3063993e-01
  -1.7734771e-01
  -1.1087553e-01
  -8.6453346e-03
  -1.8862873e-03
  -9.3409484e-02
  -1.5124179e-01
  -8.7588720e-02
   2.3026539e-02
   4.8254917e-02
  -2.0276695e-02
  -5.8715240e-02
   1.3830471e-02
   1.2041813e-01
   1.3138347e-01
   4.4278749e-02
  -1.0376574e-02
   5.3836421e-02
   1.6287966e-01
   1.8596674e-01
   1.1511370e-01
   7.2787091e-02
   1.3859101e-01
   2.3615474e-01
   2.3746312e-01
   1.4056003e-01
   7.4694502e-02
   1.2510199e-01
   2.1838901e-01
   2.2547668e-01
   1.3894965e-01
   8.0111515e-02
   1.2750034e-01
   2.0549360e-01
   1.8787398e-01
   7.3345437e-02
  -9.9165215e-03
   2.2319245e-02
   9.7423956e-02
   8.8103567e-02
  -1.2406864e-02
  -8.3871233e-02
  -4.8752824e-02
   1.8068425e-02
  -7.8853832e-03
  -1.2731357e-01
  -2.1317140e-01
  -1.8232485e-01
  -1.0680296e-01
  -1.1233263e-01
  -2.0524920e-01
  -2.6659462e-01
  -2.2007224e-01
  -1.4011965e-01
  -1.4981572e-01
  -2.4959238e-01
  -3.1383853e-01
  -2.6082935e-01
  -1.6234652e-01
  -1.4291973e-01
  -2.0879068e-01
  -2.4256517e-01
  -1.6945664e-01
  -6.3744929e-02
  -4.7386851e-02
  -1.2076604e-01
  -1.5985144e-01
  -8.4436064e-02
   3.3843398e-02
   7.1578029e-02
   2.2616285e-02
   2.8699724e-03
   8.5744630e-02
   1.9726052e-01
   2.1675449e-01
   1.4413449e-01
   1.0217482e-01
   1.6992727e-01
   2.7626470e-01
   2.9927739e-01
   2.3333452e-01
   1.9335295e-01
   2.5185845e-01
   3.3564686e-01
   3.2580749e-01
   2.2301767e-01
   1.4929460e-01
   1.8301303e-01
   2.5397232e-01
   2.4212657e-01
   1.4271340e-01
   6.9989474e-02
   9.5881473e-02
   1.4815035e-01
   1.0974762e-01
  -1.7812175e-02
  -1.1323548e-01
  -9.8862081e-02
  -4.4106558e-02
  -6.7378676e-02
  -1.7284502e-01
  -2.4721428e-01
  -2.1952734e-01
  -1.6151617e-01
  -1.8889412e-01
  -2.9985900e-01
  -3.7439595e-01
  -3.3614557e-01
  -2.5437577e-01
  -2.4652875e-01
  -3.1682419e-01
  -3.5354605e-01
  -2.8729706e-01
  -1.8990112e-01
  -1.7631618e-01
  -2.4496502e-01
  -2.7753889e-01
  -1.9934614e-01
  -7.9836957e-02
  -3.5756470e-02
  -7.1546292e-02
  -7.7119407e-02
   1.5391462e-02
   1.3416027e-01
   1.6514626e-01
   1.0997168e-01
   8.5623866e-02
   1.6559039e-01
   2.8074739e-01
   3.1560733e-01
   2.6614819e-01
   2.4155051e-01
   3.0891409e-01
   3.9717418e-01
   3.9397349e-01
   3.0177273e-01
   2.3705499e-01
   2.7290154e-01
   3.4125298e-01
   3.2855885e-01
   2.3186159e-01
   1.6004322e-01
   1.7996676e-01
   2.2174538e-01
   1.7501291e-01
   4.3295504e-02
  -5.7278168e-02
  -5.3993856e-02
  -1.3946832e-02
  -4.8977768e-02
  -1.6129801e-01
  -2.4272127e-01
  -2.2712177e-01
  -1.8383179e-01
  -2.2195189e-01
  -3.3767391e-01
  -4.1604533e-01
  -3.8559496e-01
  -3.1339689e-01
  -3.1056504e-01
  -3.7953881e-01
  -4.1376932e-01
  -3.4878958e-01
  -2.5428900e-01
  -2.3897685e-01
  -2.9955227e-01
  -3.2292095e-01
  -2.3944488e-01
  -1.1668902e-01
  -6.5452780e-02
  -8.8675324e-02
  -8.1561884e-02
   1.8710765e-02
   1.4221997e-01
   1.8089204e-01
   1.3791503e-01
   1.2507307e-01
   2.1083891e-01
   3.2791079e-01
   3.6664472e-01
   3.2454832e-01
   3.0570785e-01
   3.7240490e-01
   4.5560069e-01
   4.4898246e-01
   3.5677122e-01
   2.9059586e-01
   3.1888239e-01
   3.7563156e-01
   3.5330765e-01
   2.5074465e-01
   1.7211820e-01
   1.7984407e-01
   2.0628446e-01
   1.4724620e-01
   8.2052223e-03
  -9.9278098e-02
  -1.0690169e-01
  -7.9627517e-02
  -1.2332332e-01
  -2.3840942e-01
  -3.2132674e-01
  -3.1037125e-01
  -2.7277567e-01
  -3.1173367e-01
  -4.2171200e-01
  -4.9246714e-01
  -4.5712390e-01
  -3.8096501e-01
  -3.6956992e-01
  -4.2396216e-01
  -4.4248647e-01
  -3.6537703e-01
  -2.6062700e-01
  -2.3150330e-01
  -2.7334696e-01
  -2.7799653e-01
  -1.8061060e-01
  -4.7249981e-02
   1.6506970e-02
   8.9517674e-03
   2.9971016e-02
   1.3772135e-01
   2.6394778e-01
   3.0598207e-01
   2.6847227e-01
   2.5854667e-01
   3.4020829e-01
   4.4791973e-01
   4.7749974e-01
   4.2804906e-01
   3.9925924e-01
   4.4928105e-01
   5.1118150e-01
   4.8443664e-01
   3.7518936e-01
   2.9097975e-01
   2.9630704e-01
   3.2733555e-01
   2.8228931e-01
   1.6192207e-01
   6.6398763e-02
   5.4320473e-02
   6.0288822e-02
  -1.4104596e-02
  -1.6146899e-01
  -2.7430967e-01
  -2.8831509e-01
  -2.6654046e-01
  -3.0949186e-01
  -4.1606867e-01
  -4.8708149e-01
  -4.6506734e-01
  -4.1561027e-01
  -4.3681609e-01
  -5.2189414e-01
  -5.6523835e-01
  -5.0455019e-01
  -4.0389697e-01
  -3.6423193e-01
  -3.8569106e-01
  -3.7147277e-01
  -2.6648550e-01
  -1.3754693e-01
  -8.3291544e-02
  -9.8100453e-02
  -7.8547606e-02
   3.5630005e-02
   1.7958455e-01
   2.5240949e-01
   2.5350675e-01
   2.7834062e-01
   3.8092128e-01
   4.9468726e-01
   5.2214822e-01
   4.6960165e-01
   4.4029467e-01
   4.9455045e-01
   5.6887390e-01
   5.6454435e-01
   4.8262942e-01
   4.1933748e-01
   4.2957206e-01
   4.4883840e-01
   3.8240807e-01
   2.3867157e-01
   1.2188405e-01
   9.3342872e-02
   9.1507571e-02
   2.0125638e-02
  -1.1809370e-01
  -2.2652625e-01
  -2.5002451e-01
  -2.5199608e-01
  -3.2569441e-01
  -4.6218637e-01
  -5.5799027e-01
  -5.5283410e-01
  -5.0850229e-01
  -5.2112812e-01
  -5.8879349e-01
  -6.1692236e-01
  -5.5258896e-01
  -4.6054964e-01
  -4.3493233e-01
  -4.6845478e-01
  -4.6039502e-01
  -3.5326185e-01
  -2.1058725e-01
  -1.2959599e-01
  -1.1002929e-01
  -5.9857803e-02
   7.1490261e-02
   2.1813431e-01
   2.8566101e-01
   2.8066949e-01
   3.0245918e-01
   4.0740680e-01
   5.3218231e-01
   5.8067392e-01
   5.5392019e-01
   5.4403645e-01
   6.0199794e-01
   6.6361135e-01
   6.3699453e-01
   5.3084860e-01
   4.4575222e-01
   4.3951250e-01
   4.5131916e-01
   3.8822149e-01
   2.5379150e-01
   1.4165540e-01
   1.0423779e-01
   7.9657549e-02
  -2.1242947e-02
  -1.8788746e-01
  -3.1906029e-01
  -3.5658990e-01
  -3.6025493e-01
  -4.2172200e-01
  -5.3709692e-01
  -6.1374059e-01
  -6.0053174e-01
  -5.6000738e-01
  -5.8171724e-01
  -6.5639178e-01
  -6.8535405e-01
  -6.1318750e-01
  -5.0165109e-01
  -4.4396014e-01
  -4.3847063e-01
  -3.9578009e-01
  -2.6796248e-01
  -1.1971597e-01
  -4.2058055e-02
  -2.7625270e-02
   1.9620363e-02
   1.5273062e-01
   3.0882886e-01
   3.9447931e-01
   4.1086517e-01
   4.4637382e-01
   5.4833075e-01
   6.5277756e-01
   6.7038348e-01
   6.0996705e-01
   5.6842920e-01
   6.0000960e-01
   6.4422615e-01
   6.1082428e-01
   5.0376079e-01
   4.1340787e-01
   3.8917256e-01
   3.7012456e-01
   2.7046688e-01
   1.0185253e-01
  -3.7072754e-02
  -9.0536544e-02
  -1.1684513e-01
  -2.0384810e-01
  -3.4611871e-01
  -4.5310215e-01
  -4.7559005e-01
  -4.7421045e-01
  -5.3433483e-01
  -6.4488269e-01
  -7.0909106e-01
  -6.7343829e-01
  -5.9792478e-01
  -5.7185890e-01
  -5.9209709e-01
  -5.7145418e-01
  -4.6420466e-01
  -3.3362750e-01
  -2.6721509e-01
  -2.5652071e-01
  -2.0818475e-01
  -7.1891906e-02
   9.0285821e-02
   1.8780097e-01
   2.2234786e-01
   2.7918017e-01
   4.0254049e-01
   5.2900557e-01
   5.7192752e-01
   5.4049546e-01
   5.2838181e-01
   5.8665427e-01
   6.5526705e-01
   6.4658228e-01
   5.6496481e-01
   4.9773587e-01
   4.9142502e-01
   4.8590253e-01
   3.9839349e-01
   2.4139081e-01
   1.1091497e-01
   6.0229456e-02
   3.2115399e-02
  -5.8015197e-02
  -2.0363864e-01
  -3.1651767e-01
  -3.4961760e-01
  -3.6216102e-01
  -4.3598216e-01
  -5.5867968e-01
  -6.3566085e-01
  -6.1554749e-01
  -5.5703408e-01
  -5.4607463e-01
  -5.7839376e-01
  -5.6912545e-01
  -4.7480546e-01
  -3.5752496e-01
  -3.0155385e-01
  -2.9745857e-01
  -2.5437245e-01
  -1.2447603e-01
   3.1044905e-02
   1.2454698e-01
   1.5845410e-01
   2.1537680e-01
   3.3700760e-01
   4.6081589e-01
   5.0310457e-01
   4.7387107e-01
   4.6422997e-01
   5.2274890e-01
   5.9027273e-01
   5.8209876e-01
   5.0343686e-01
   4.3917409e-01
   4.3353005e-01
   4.2747820e-01
   3.4138550e-01
   1.8877554e-01
   6.3369491e-02
   1.6161720e-02
  -9.0326003e-03
  -9.3798225e-02
  -2.3071920e-01
  -3.3395482e-01
  -3.5880725e-01
  -3.6353704e-01
  -4.2706910e-01
  -5.3622991e-01
  -5.9898720e-01
  -5.6653771e-01
  -4.9692941e-01
  -4.7354844e-01
  -4.9163540e-01
  -4.6907036e-01
  -3.6505143e-01
  -2.4104137e-01
  -1.7870689e-01
  -1.6804739e-01
  -1.2083246e-01
   8.1960103e-03
   1.5856197e-01
   2.4532761e-01
   2.7167343e-01
   3.1788529e-01
   4.2350864e-01
   5.2719484e-01
   5.4844949e-01
   4.9852566e-01
   4.6667705e-01
   4.9970326e-01
   5.3990231e-01
   5.0596765e-01
   4.0453803e-01
   3.1882290e-01
   2.9144669e-01
   2.6495637e-01
   1.6315486e-01
   9.3937503e-04
  -1.2982205e-01
  -1.8005933e-01
  -2.0487090e-01
  -2.8300013e-01
  -4.0628017e-01
  -4.9132092e-01
  -4.9591691e-01
  -4.7779920e-01
  -5.1360269e-01
  -5.8994341e-01
  -6.1777609e-01
  -5.5133973e-01
  -4.4870829e-01
  -3.9148097e-01
  -3.7505667e-01
  -3.2048511e-01
  -1.9000506e-01
  -4.4948315e-02
   3.5095641e-02
   6.0377246e-02
   1.1645195e-01
   2.4607405e-01
   3.8945601e-01
   4.6434175e-01
   4.7486188e-01
   4.9944280e-01
   5.7602426e-01
   6.4486911e-01
   6.2906403e-01
   5.4164928e-01
   4.7074463e-01
   4.6210174e-01
   4.5999249e-01
   3.8688424e-01
   2.5128083e-01
   1.3525243e-01
   8.0273822e-02
   3.0635046e-02
  -8.6465791e-02
  -2.5479803e-01
  -3.8432875e-01
  -4.2801275e-01
  -4.4024499e-01
  -4.9750954e-01
  -5.9144298e-01
  -6.4155753e-01
  -6.0864753e-01
  -5.5062477e-01
  -5.4265286e-01
  -5.7183052e-01
  -5.5258623e-01
  -4.4263448e-01
  -3.0059983e-01
  -2.0682017e-01
  -1.5715425e-01
  -7.5828825e-02
   7.1999127e-02
   2.2522132e-01
   3.0645846e-01
   3.2658577e-01
   3.6914784e-01
   4.7516361e-01
   5.8622657e-01
   6.2342758e-01
   5.9266529e-01
   5.7150667e-01
   5.9727071e-01
   6.1261211e-01
   5.4481463e-01
   4.0933195e-01
   2.9381669e-01
   2.4349073e-01
   2.0479273e-01
   1.0388668e-01
  -4.9014069e-02
  -1.7315969e-01
  -2.2859335e-01
  -2.6998497e-01
  -3.6769647e-01
  -5.0515272e-01
  -5.9509832e-01
  -5.9354189e-01
  -5.5541134e-01
  -5.5627212e-01
  -5.8877523e-01
  -5.7632411e-01
  -4.8360368e-01
  -3.6961744e-01
  -3.0889128e-01
  -2.8954217e-01
  -2.2963482e-01
  -9.0292727e-02
   6.9460990e-02
   1.7085378e-01
   2.1820772e-01
   2.8513475e-01
   4.0477059e-01
   5.1745693e-01
   5.4929559e-01
   5.1324998e-01
   4.9251708e-01
   5.2803934e-01
   5.6424836e-01
   5.2685205e-01
   4.2474065e-01
   3.3580696e-01
   2.9770308e-01
   2.5601830e-01
   1.4240303e-01
  -2.5310949e-02
  -1.6013427e-01
  -2.1788201e-01
  -2.5089978e-01
  -3.3063688e-01
  -4.4662427e-01
  -5.2093881e-01
  -5.1680380e-01
  -4.8975736e-01
  -5.0975596e-01
  -5.6179913e-01
  -5.6310080e-01
  -4.7427709e-01
  -3.5228971e-01
  -2.7312035e-01
  -2.3137933e-01
  -1.5483008e-01
  -1.2162758e-02
   1.3664049e-01
   2.1809497e-01
   2.4392646e-01
   2.9377956e-01
   4.0477132e-01
   5.1924929e-01
   5.6189985e-01
   5.3935636e-01
   5.2541641e-01
   5.5385369e-01
   5.6859028e-01
   5.0110879e-01
   3.6823202e-01
   2.5443477e-01
   2.0186239e-01
   1.5853448e-01
   5.5020237e-02
  -9.6909302e-02
  -2.1945966e-01
  -2.7551611e-01
  -3.1798261e-01
  -4.1273130e-01
  -5.4168032e-01
  -6.2075845e-01
  -6.0926398e-01
  -5.6101435e-01
  -5.4785500e-01
  -5.6167917e-01
  -5.2970549e-01
  -4.2040080e-01
  -2.9203505e-01
  -2.1569643e-01
  -1.7894524e-01
  -1.0381029e-01
   4.4669645e-02
   2.0809238e-01
   3.1110785e-01
   3.5878539e-01
   4.2123097e-01
   5.2836961e-01
   6.2204323e-01
   6.3275629e-01
   5.7523126e-01
   5.3011881e-01
   5.3597030e-01
   5.3935568e-01
   4.7087875e-01
   3.4161349e-01
   2.2730329e-01
   1.6354818e-01
   9.8288648e-02
  -3.1901539e-02
  -2.0720705e-01
  -3.4326088e-01
  -3.9871356e-01
  -4.2463567e-01
  -4.8882077e-01
  -5.8013015e-01
  -6.2451169e-01
  -5.8916745e-01
  -5.2940091e-01
  -5.1245116e-01
  -5.2347855e-01
  -4.8429852e-01
  -3.6014960e-01
  -2.0828865e-01
  -1.0230121e-01
  -3.6949626e-02
   5.5812942e-02
   2.0347600e-01
   3.4688626e-01
   4.1632237e-01
   4.2488791e-01
   4.4963129e-01
   5.2540153e-01
   5.9682343e-01
   5.9370077e-01
   5.2534984e-01
   4.6423758e-01
   4.4303519e-01
   4.0890899e-01
   2.9913687e-01
   1.3354096e-01
  -4.8491378e-03
  -7.5590400e-02
  -1.2849722e-01
  -2.2866622e-01
  -3.6302627e-01
  -4.5704546e-01
  -4.7718950e-01
  -4.7611407e-01
  -5.1728824e-01
  -5.8323778e-01
  -5.9500941e-01
  -5.1725597e-01
  -4.0516812e-01
  -3.2952060e-01
  -2.8369662e-01
  -2.0035492e-01
  -5.3057057e-02
   9.9354898e-02
   1.8814488e-01
   2.2595194e-01
   2.8730632e-01
   4.0427256e-01
   5.2019574e-01
   5.6450274e-01
   5.4500295e-01
   5.3098657e-01
   5.5208653e-01
   5.5432779e-01
   4.7511360e-01
   3.3358572e-01
   2.1069280e-01
   1.4514058e-01
   8.7426574e-02
  -2.5844750e-02
  -1.8060470e-01
  -3.0266034e-01
  -3.5847690e-01
  -3.9875003e-01
  -4.8377186e-01
  -5.9384022e-01
  -6.4942223e-01
  -6.1461604e-01
  -5.4248199e-01
  -5.0080781e-01
  -4.8124739e-01
  -4.1663799e-01
  -2.8097297e-01
  -1.3215696e-01
  -3.7310006e-02
   1.6424192e-02
   1.0178337e-01
   2.4872883e-01
   3.9987901e-01
   4.8471221e-01
   5.0989115e-01
   5.4182917e-01
   6.0729092e-01
   6.5113794e-01
   6.1071052e-01
   5.0419514e-01
   4.1012940e-01
   3.6505085e-01
   3.1919769e-01
   2.1020926e-01
   5.2486572e-02
  -8.0736037e-02
  -1.5653287e-01
  -2.2427299e-01
  -3.4168299e-01
  -4.8733039e-01
  -5.8144931e-01
  -5.8782458e-01
  -5.5756944e-01
  -5.5557994e-01
  -5.7171515e-01
  -5.3874682e-01
  -4.3074274e-01
  -3.0426627e-01
  -2.2436125e-01
  -1.7738361e-01
  -9.1705970e-02
   6.1245061e-02
   2.2403290e-01
   3.2681739e-01
   3.7575238e-01
   4.3502024e-01
   5.2909566e-01
   6.0211637e-01
   5.9167056e-01
   5.1523048e-01
   4.4910679e-01
   4.2773559e-01
   4.0099047e-01
   3.0729504e-01
   1.6106221e-01
   3.4207112e-02
  -4.1398385e-02
  -1.1436522e-01
  -2.4050749e-01
  -3.9731420e-01
  -5.0539928e-01
  -5.2884505e-01
  -5.1746163e-01
  -5.3389033e-01
  -5.6674126e-01
  -5.4914168e-01
  -4.5557304e-01
  -3.4155838e-01
  -2.7029899e-01
  -2.2745892e-01
  -1.4245962e-01
   1.2046236e-02
   1.7877105e-01
   2.8881637e-01
   3.4819921e-01
   4.1936052e-01
   5.2502314e-01
   6.0911896e-01
   6.0998632e-01
   5.4491777e-01
   4.8856486e-01
   4.7379314e-01
   4.5053854e-01
   3.5834032e-01
   2.1191321e-01
   8.2111778e-02
  -7.7309340e-05
  -8.2481837e-02
  -2.1909969e-01
  -3.8649068e-01
  -5.0582521e-01
  -5.4172981e-01
  -5.4306640e-01
  -5.7064835e-01
  -6.1225551e-01
  -6.0174566e-01
  -5.1438012e-01
  -4.0503253e-01
  -3.3544065e-01
  -2.9086675e-01
  -2.0195277e-01
  -4.2673915e-02
   1.2976560e-01
   2.4739707e-01
   3.1620312e-01
   3.9711278e-01
   5.1139306e-01
   6.0307069e-01
   6.1154496e-01
   5.5429413e-01
   5.0472967e-01
   4.9454889e-01
   4.7406756e-01
   3.8417585e-01
   2.4008867e-01
   1.1176568e-01
   2.9380900e-02
  -5.4185787e-02
  -1.9132140e-01
  -3.5792831e-01
  -4.7604717e-01
  -5.1124279e-01
  -5.1193551e-01
  -5.3769074e-01
  -5.7602884e-01
  -5.6205856e-01
  -4.7231597e-01
  -3.6151800e-01
  -2.9038666e-01
  -2.4410489e-01
  -1.5469813e-01
   2.4964383e-03
   1.7040286e-01
   2.8213385e-01
   3.4395239e-01
   4.1576152e-01
   5.1796652e-01
   5.9532479e-01
   5.8896940e-01
   5.1730540e-01
   4.5330042e-01
   4.2825617e-01
   3.9354044e-01
   2.9195666e-01
   1.3970514e-01
   6.2537128e-03
  -7.8779287e-02
  -1.6175212e-01
  -2.9357437e-01
  -4.4975158e-01
  -5.5355620e-01
  -5.7198476e-01
  -5.5366483e-01
  -5.5767180e-01
  -5.7204539e-01
  -5.3389531e-01
  -4.2176634e-01
  -2.9094844e-01
  -2.0182364e-01
  -1.4003371e-01
  -3.9349505e-02
   1.2331363e-01
   2.9090203e-01
   3.9763448e-01
   4.5026012e-01
   5.0804585e-01
   5.9104314e-01
   6.4529562e-01
   6.1426118e-01
   5.1791984e-01
   4.2948156e-01
   3.8049597e-01
   3.2390708e-01
   2.0482587e-01
   4.0733973e-02
  -9.9196072e-02
  -1.8585934e-01
  -2.6500923e-01
  -3.8640938e-01
  -5.2560488e-01
  -6.0760313e-01
  -6.0141821e-01
  -5.5656257e-01
  -5.3233549e-01
  -5.1795312e-01
  -4.5307240e-01
  -3.1869085e-01
  -1.7102539e-01
  -7.0339441e-02
  -2.7519531e-03
   9.6428618e-02
   2.4909722e-01
   3.9873779e-01
   4.8131438e-01
   5.0484946e-01
   5.2888778e-01
   5.7408208e-01
   5.8867024e-01
   5.1926612e-01
   3.8818572e-01
   2.6954471e-01
   1.9562646e-01
   1.2118917e-01
  -6.3602854e-03
  -1.6847601e-01
  -2.9668461e-01
  -3.6301320e-01
  -4.1345906e-01
  -4.9766543e-01
  -5.9232289e-01
  -6.2529416e-01
  -5.6873296e-01
  -4.7414513e-01
  -4.0207703e-01
  -3.4375734e-01
  -2.4198135e-01
  -8.0554351e-02
   8.3241850e-02
   1.8936696e-01
   2.5161776e-01
   3.3382559e-01
   4.5758429e-01
   5.6793183e-01
   6.0368617e-01
   5.7533521e-01
   5.4392862e-01
   5.3187702e-01
   4.9059754e-01
   3.7063466e-01
   1.9720876e-01
   4.5683558e-02
  -5.0868467e-02
  -1.3615120e-01
  -2.6104189e-01
  -4.0673736e-01
  -5.0644165e-01
  -5.3444994e-01
  -5.3827284e-01
  -5.6874927e-01
  -6.0495550e-01
  -5.7868711e-01
  -4.6612533e-01
  -3.2144787e-01
  -2.0685466e-01
  -1.1564125e-01
   6.5844818e-03
   1.7387043e-01
   3.2880349e-01
   4.1274658e-01
   4.4082870e-01
   4.7761570e-01
   5.4605158e-01
   5.9430988e-01
   5.6550113e-01
   4.7383714e-01
   3.8288759e-01
   3.1748915e-01
   2.3247373e-01
   8.2107102e-02
  -1.0609855e-01
  -2.5651642e-01
  -3.3664168e-01
  -3.9034530e-01
  -4.6874677e-01
  -5.5485519e-01
  -5.8561489e-01
  -5.3957492e-01
  -4.6759757e-01
  -4.2329231e-01
  -3.8929739e-01
  -3.0203527e-01
  -1.4191612e-01
   3.4487823e-02
   1.6409079e-01
   2.5280368e-01
   3.5394033e-01
   4.8147705e-01
   5.8014613e-01
   5.9508906e-01
   5.4516021e-01
   4.9795474e-01
   4.7980080e-01
   4.4363115e-01
   3.3798223e-01
   1.8140722e-01
   4.0067399e-02
  -5.9298151e-02
  -1.5957754e-01
  -3.0446218e-01
  -4.6624251e-01
  -5.7141717e-01
  -5.9063899e-01
  -5.7062976e-01
  -5.6536365e-01
  -5.6200992e-01
  -5.0318525e-01
  -3.7312586e-01
  -2.2692128e-01
  -1.2119173e-01
  -4.1670279e-02
   7.1770793e-02
   2.3629403e-01
   3.9523847e-01
   4.8733907e-01
   5.2072003e-01
   5.5077260e-01
   5.9449492e-01
   6.0158440e-01
   5.2335399e-01
   3.8424394e-01
   2.5609776e-01
   1.6908252e-01
   8.0499862e-02
  -5.6910771e-02
  -2.2222287e-01
  -3.4929594e-01
  -4.1265232e-01
  -4.5648714e-01
  -5.2625658e-01
  -5.9783426e-01
  -6.0337583e-01
  -5.1980691e-01
  -3.9924849e-01
  -3.0034156e-01
  -2.1533190e-01
  -9.2446251e-02
   7.9417418e-02
   2.4286230e-01
   3.4099856e-01
   3.8846637e-01
   4.4597178e-01
   5.3259120e-01
   5.9596097e-01
   5.8083783e-01
   5.0137796e-01
   4.1827715e-01
   3.5396583e-01
   2.6451866e-01
   1.0775093e-01
  -8.7058061e-02
  -2.4560531e-01
  -3.3666416e-01
  -4.0222317e-01
  -4.8966987e-01
  -5.8042776e-01
  -6.1321719e-01
  -5.6853438e-01
  -4.9622331e-01
  -4.4720489e-01
  -4.0372837e-01
  -3.0530208e-01
  -1.3563745e-01
   4.8435428e-02
   1.8549747e-01
   2.8126556e-01
   3.8594754e-01
   5.1078367e-01
   6.0132728e-01
   6.0584714e-01
   5.4467886e-01
   4.8401822e-01
   4.4902606e-01
   3.9477379e-01
   2.7395137e-01
   1.0733194e-01
  -3.9878416e-02
  -1.4200625e-01
  -2.4011672e-01
  -3.7454713e-01
  -5.1668590e-01
  -5.9581467e-01
  -5.8591869e-01
  -5.3444367e-01
  -4.9459076e-01
  -4.5495897e-01
  -3.6278353e-01
  -2.0681137e-01
  -4.3304481e-02
   7.2177407e-02
   1.5345045e-01
   2.5760831e-01
   3.9938775e-01
   5.2345048e-01
   5.7243462e-01
   5.5713779e-01
   5.3320168e-01
   5.1844167e-01
   4.6681889e-01
   3.3591477e-01
   1.5438246e-01
  -5.1704241e-03
  -1.1238755e-01
  -2.0746607e-01
  -3.3415477e-01
  -4.7083138e-01
  -5.5460901e-01
  -5.6410009e-01
  -5.4532645e-01
  -5.4440598e-01
  -5.4033623e-01
  -4.7180031e-01
  -3.2235001e-01
  -1.4752461e-01
  -7.0591861e-03
   1.0457664e-01
   2.3492480e-01
   3.9206755e-01
   5.1988240e-01
   5.6584114e-01
   5.4819363e-01
   5.2921115e-01
   5.3031037e-01
   5.0499421e-01
   4.0597165e-01
   2.5344315e-01
   1.1083034e-01
   2.6857643e-03
  -1.1072024e-01
  -2.6675217e-01
  -4.3459960e-01
  -5.4295098e-01
  -5.6509362e-01
  -5.4596887e-01
  -5.3529415e-01
  -5.1956269e-01
  -4.4603640e-01
  -3.0383685e-01
  -1.4817788e-01
  -3.2900144e-02
   5.5932713e-02
   1.7328164e-01
   3.3140106e-01
   4.7403776e-01
   5.4389897e-01
   5.5072454e-01
   5.4742371e-01
   5.4933493e-01
   5.1006638e-01
   3.8828410e-01
   2.1291533e-01
   5.5330222e-02
  -5.5078707e-02
  -1.5743939e-01
  -2.9314559e-01
  -4.3921070e-01
  -5.3310225e-01
  -5.5376488e-01
  -5.4582531e-01
  -5.5307117e-01
  -5.5353230e-01
  -4.8700405e-01
  -3.3843604e-01
  -1.6323801e-01
  -2.0122973e-02
   9.6230678e-02
   2.3135265e-01
   3.9138805e-01
   5.2018622e-01
   5.6643693e-01
   5.4866802e-01
   5.2783093e-01
   5.2421484e-01
   4.9215356e-01
   3.8644462e-01
   2.2842382e-01
   8.0995948e-02
  -3.1738524e-02
  -1.4822581e-01
  -3.0360490e-01
  -4.6617881e-01
  -5.6582080e-01
  -5.7733820e-01
  -5.4576937e-01
  -5.2014605e-01
  -4.8758719e-01
  -3.9785004e-01
  -2.4255725e-01
  -7.7596666e-02
   4.3734259e-02
   1.3503324e-01
   2.4944900e-01
   3.9776568e-01
   5.2438984e-01
   5.7417250e-01
   5.5833614e-01
   5.2993361e-01
   5.0478344e-01
   4.3891828e-01
   2.9453633e-01
   1.0288605e-01
  -6.4363838e-02
  -1.7793858e-01
  -2.7587383e-01
  -3.9798745e-01
  -5.2137628e-01
  -5.8586450e-01
  -5.7323329e-01
  -5.2963220e-01
  -4.9963283e-01
  -4.6331557e-01
  -3.6428458e-01
  -1.9115341e-01
  -9.5338117e-04
   1.4754014e-01
   2.5918997e-01
   3.7814841e-01
   5.1003636e-01
   6.0070807e-01
   6.0262160e-01
   5.3756942e-01
   4.6843201e-01
   4.1759144e-01
   3.4311512e-01
   2.0430189e-01
   2.5463196e-02
  -1.2985190e-01
  -2.3767104e-01
  -3.3576974e-01
  -4.5854986e-01
  -5.7561181e-01
  -6.2072441e-01
  -5.7334011e-01
  -4.8198780e-01
  -3.9841186e-01
  -3.1343547e-01
  -1.8182508e-01
   4.5952116e-04
   1.7576765e-01
   2.9111676e-01
   3.6050856e-01
   4.3697549e-01
   5.3230136e-01
   5.9456276e-01
   5.7412534e-01
   4.8727385e-01
   3.9076356e-01
   3.0410598e-01
   1.8832258e-01
   1.0893394e-02
  -1.9373147e-01
  -3.5362597e-01
  -4.4067528e-01
  -4.9387040e-01
  -5.5434380e-01
  -6.0272759e-01
  -5.8494849e-01
  -4.8946327e-01
  -3.6766304e-01
  -2.6820035e-01
  -1.7575077e-01
  -3.9297645e-02
   1.4834901e-01
   3.2903377e-01
   4.4545554e-01
   5.0458159e-01
   5.5262906e-01
   5.9870998e-01
   5.9492029e-01
   5.0166166e-01
   3.4787494e-01
   2.0169005e-01
   9.0014175e-02
  -2.4069830e-02
  -1.7672059e-01
  -3.4179707e-01
  -4.5735477e-01
  -5.0282243e-01
  -5.1944277e-01
  -5.4556572e-01
  -5.5690339e-01
  -4.9568441e-01
  -3.5004008e-01
  -1.7524220e-01
  -2.7930403e-02
   9.6522773e-02
   2.3894986e-01
   4.0103709e-01
   5.2654848e-01
   5.6700335e-01
   5.4179106e-01
   5.0927338e-01
   4.8767732e-01
   4.3371960e-01
   3.0741952e-01
   1.3318016e-01
  -2.6801189e-02
  -1.4912399e-01
  -2.6923931e-01
  -4.1740785e-01
  -5.6029427e-01
  -6.3101063e-01
  -6.0856563e-01
  -5.3916514e-01
  -4.7131988e-01
  -3.9452454e-01
  -2.6495739e-01
  -8.0443121e-02
   1.0132800e-01
   2.2834564e-01
   3.1390863e-01
   4.0794276e-01
   5.1910368e-01
   5.9469383e-01
   5.8594018e-01
   5.0899570e-01
   4.1873790e-01
   3.3330603e-01
   2.1500896e-01
   3.4284487e-02
  -1.7269451e-01
  -3.3450950e-01
  -4.2369864e-01
  -4.7795210e-01
  -5.3607271e-01
  -5.7808902e-01
  -5.5186519e-01
  -4.4808523e-01
  -3.1841853e-01
  -2.1065314e-01
  -1.1010708e-01
   3.1366941e-02
   2.1820796e-01
   3.9196936e-01
   4.9681458e-01
   5.4034392e-01
   5.6782859e-01
   5.8805681e-01
   5.5551697e-01
   4.3470639e-01
   2.5745265e-01
   9.2520995e-02
  -3.2814978e-02
  -1.5338038e-01
  -3.0249613e-01
  -4.5321110e-01
  -5.4564765e-01
  -5.6198880e-01
  -5.4471644e-01
  -5.3267124e-01
  -5.0385989e-01
  -4.0523277e-01
  -2.2964973e-01
  -3.4681443e-02
   1.2261255e-01
   2.4591384e-01
   3.7397842e-01
   5.0756131e-01
   5.9277905e-01
   5.8582527e-01
   5.1020719e-01
   4.2676173e-01
   3.5639457e-01
   2.6052156e-01
   1.0473727e-01
  -8.3035315e-02
  -2.4017874e-01
  -3.4401553e-01
  -4.2986905e-01
  -5.2791196e-01
  -6.0735728e-01
  -6.0713748e-01
  -5.1292506e-01
  -3.7592122e-01
  -2.4833197e-01
  -1.2419175e-01
   3.4600077e-02
   2.2583253e-01
   3.9114045e-01
   4.8084807e-01
   5.1096348e-01
   5.3356432e-01
   5.6078157e-01
   5.4648645e-01
   4.5033747e-01
   2.9571078e-01
   1.4221701e-01
   1.1860176e-02
  -1.2842594e-01
  -3.0403620e-01
  -4.7796552e-01
  -5.8219778e-01
  -5.9471949e-01
  -5.5835632e-01
  -5.1711251e-01
  -4.5830911e-01
  -3.3934012e-01
  -1.5990542e-01
   2.2505789e-02
   1.5717525e-01
   2.5654871e-01
   3.6669711e-01
   4.9233439e-01
   5.7964985e-01
   5.8076193e-01
   5.1157829e-01
   4.2470597e-01
   3.3671610e-01
   2.1164593e-01
   2.3736355e-02
  -1.8851245e-01
  -3.5407695e-01
  -4.4613075e-01
  -5.0072952e-01
  -5.5390484e-01
  -5.8511052e-01
  -5.4480754e-01
  -4.2670215e-01
  -2.8316927e-01
  -1.6131926e-01
  -4.7571122e-02
   1.0251353e-01
   2.8993158e-01
   4.5592358e-01
   5.4663375e-01
   5.7080139e-01
   5.7306165e-01
   5.6240349e-01
   4.9681824e-01
   3.4630263e-01
   1.4657296e-01
  -3.2665130e-02
  -1.6380238e-01
  -2.7954515e-01
  -4.1049109e-01
  -5.2967816e-01
  -5.8088923e-01
  -5.5089418e-01
  -4.8490825e-01
  -4.2345713e-01
  -3.4815414e-01
  -2.1212625e-01
  -1.3965591e-02
   1.8647198e-01
   3.3263354e-01
   4.2854884e-01
   5.1234047e-01
   5.8576592e-01
   5.9999352e-01
   5.1895328e-01
   3.7288080e-01
   2.2682519e-01
   1.0546789e-01
  -2.4335174e-02
  -1.9130355e-01
  -3.6509367e-01
  -4.8508620e-01
  -5.3247142e-01
  -5.4565902e-01
  -5.5793077e-01
  -5.4448710e-01
  -4.5361342e-01
  -2.8050576e-01
  -8.2817896e-02
   8.3536188e-02
   2.2098236e-01
   3.6375503e-01
   5.0830548e-01
   6.0004866e-01
   5.9698835e-01
   5.2310165e-01
   4.3716511e-01
   3.5861610e-01
   2.5105026e-01
   8.4540534e-02
  -1.1026873e-01
  -2.7117473e-01
  -3.7612309e-01
  -4.5839029e-01
  -5.4489226e-01
  -6.0442966e-01
  -5.7960203e-01
  -4.6059553e-01
  -3.0062812e-01
  -1.5230892e-01
  -1.1931532e-02
   1.5371894e-01
   3.3840160e-01
   4.8392384e-01
   5.4387960e-01
   5.3677422e-01
   5.1512430e-01
   4.9237221e-01
   4.2741183e-01
   2.8711545e-01
   1.0007071e-01
  -7.2450420e-02
  -2.0761394e-01
  -3.3578192e-01
  -4.7929487e-01
  -6.0176753e-01
  -6.4066045e-01
  -5.8100699e-01
  -4.7079231e-01
  -3.5794995e-01
  -2.3566941e-01
  -6.9641818e-02
   1.3340940e-01
   3.1379145e-01
   4.2251732e-01
   4.7402755e-01
   5.1545282e-01
   5.5450759e-01
   5.4502323e-01
   4.4972431e-01
   2.9370480e-01
   1.3550862e-01
  -3.2604833e-03
  -1.5210981e-01
  -3.3074064e-01
  -4.9922891e-01
  -5.9112187e-01
  -5.8701909e-01
  -5.2984394e-01
  -4.6247259e-01
  -3.7409125e-01
  -2.2796351e-01
  -2.9654148e-02
   1.6144357e-01
   2.9557089e-01
   3.8478219e-01
   4.7223918e-01
   5.6096872e-01
   6.0032297e-01
   5.4897488e-01
   4.2815096e-01
   2.9287409e-01
   1.6238085e-01
   6.6398161e-03
  -1.9290303e-01
  -3.9424924e-01
  -5.2834074e-01
  -5.7239219e-01
  -5.6497680e-01
  -5.4423123e-01
  -4.9523517e-01
  -3.7831534e-01
  -1.9702108e-01
  -9.3288857e-03
   1.3551031e-01
   2.4850248e-01
   3.7012366e-01
   4.9982721e-01
   5.8333277e-01
   5.7577631e-01
   4.9466969e-01
   3.9130070e-01
   2.8197427e-01
   1.3526465e-01
  -6.7332903e-02
  -2.8297095e-01
  -4.4123618e-01
  -5.1713967e-01
  -5.4593194e-01
  -5.6180403e-01
  -5.4622537e-01
  -4.5675202e-01
  -2.9475829e-01
  -1.1634954e-01
   3.0435045e-02
   1.5644791e-01
   3.0048739e-01
   4.5946072e-01
   5.7640959e-01
   6.0374040e-01
   5.5585607e-01
   4.8067214e-01
   3.9165292e-01
   2.5579220e-01
   5.4198024e-02
  -1.7006735e-01
  -3.4600444e-01
  -4.4726080e-01
  -5.0660628e-01
  -5.5505376e-01
  -5.7108047e-01
  -5.0988494e-01
  -3.7084581e-01
  -2.0813390e-01
  -6.8272962e-02
   5.9962756e-02
   2.1440311e-01
   3.9023673e-01
   5.2869983e-01
   5.8031912e-01
   5.5715597e-01
   5.0438008e-01
   4.3304501e-01
   3.0875810e-01
   1.1218664e-01
  -1.1367962e-01
  -2.9774938e-01
  -4.1297339e-01
  -4.9043168e-01
  -5.5880731e-01
  -5.9441547e-01
  -5.5084081e-01
  -4.2607193e-01
  -2.7277292e-01
  -1.3616911e-01
  -4.6471200e-03
   1.5889548e-01
   3.4836441e-01
   5.0377253e-01
   5.7444339e-01
   5.7081331e-01
   5.3599924e-01
   4.7924414e-01
   3.6521457e-01
   1.7438894e-01
  -5.0274783e-02
  -2.3776755e-01
  -3.6072516e-01
  -4.4910123e-01
  -5.2994258e-01
  -5.7815687e-01
  -5.4646041e-01
  -4.3212602e-01
  -2.8685725e-01
  -1.5494400e-01
  -2.4520629e-02
   1.4090012e-01
   3.3429070e-01
   4.9499659e-01
   5.7185934e-01
   5.7452489e-01
   5.4493819e-01
   4.9137741e-01
   3.7830065e-01
   1.8655534e-01
  -4.0589611e-02
  -2.3210696e-01
  -3.6047269e-01
  -4.5491478e-01
  -5.4144926e-01
  -5.9432174e-01
  -5.6619270e-01
  -4.5442790e-01
  -3.1050424e-01
  -1.7836338e-01
  -4.6264486e-02
   1.2153546e-01
   3.1720089e-01
   4.7977116e-01
   5.5816954e-01
   5.6196902e-01
   5.3274362e-01
   4.7860432e-01
   3.6450671e-01
   1.7220923e-01
  -5.4382948e-02
  -2.4415283e-01
  -3.6961950e-01
  -4.5975627e-01
  -5.4024630e-01
  -5.8552901e-01
  -5.4914226e-01
  -4.2947371e-01
  -2.7861583e-01
  -1.4083404e-01
  -4.9416495e-03
   1.6391844e-01
   3.5725801e-01
   5.1424347e-01
   5.8455229e-01
   5.7853860e-01
   5.3836049e-01
   4.7291855e-01
   3.4852495e-01
   1.4852828e-01
  -8.2090345e-02
  -2.7196414e-01
  -3.9379414e-01
  -4.7672507e-01
  -5.4677098e-01
  -5.7938730e-01
  -5.2987840e-01
  -3.9851839e-01
  -2.3876534e-01
  -9.5757589e-02
   4.0859997e-02
   2.0509076e-01
   3.8813368e-01
   5.2989541e-01
   5.8163787e-01
   5.5546820e-01
   4.9514508e-01
   4.1130886e-01
   2.7240618e-01
   6.3899243e-02
  -1.6793813e-01
  -3.5160522e-01
  -4.6043259e-01
  -5.2447974e-01
  -5.7105592e-01
  -5.7771439e-01
  -5.0261350e-01
  -3.4890108e-01
  -1.7219167e-01
  -1.9007483e-02
   1.2000267e-01
   2.7817283e-01
   4.4690294e-01
   5.6761992e-01
   5.9413153e-01
   5.4133962e-01
   4.5561003e-01
   3.5017399e-01
   1.9620382e-01
  -1.8462988e-02
  -2.4635713e-01
  -4.1629483e-01
  -5.0300285e-01
  -5.3846385e-01
  -5.5242230e-01
  -5.2566920e-01
  -4.2022699e-01
  -2.4288639e-01
  -5.1859695e-02
   1.0489393e-01
   2.3608010e-01
   3.7510729e-01
   5.1462951e-01
   5.9884527e-01
   5.8543018e-01
   4.9334028e-01
   3.7261205e-01
   2.3981352e-01
   6.9182549e-02
  -1.4917211e-01
  -3.6711888e-01
  -5.1469500e-01
  -5.6920524e-01
  -5.6588883e-01
  -5.3825803e-01
  -4.7151423e-01
  -3.3241735e-01
  -1.3187450e-01
   6.9287932e-02
   2.2212824e-01
   3.3559590e-01
   4.4440741e-01
   5.4390935e-01
   5.8254918e-01
   5.2321908e-01
   3.8999596e-01
   2.3724138e-01
   8.5008117e-02
  -8.9798692e-02
  -2.9571555e-01
  -4.8529218e-01
  -5.9142052e-01
  -5.9574065e-01
  -5.3844453e-01
  -4.5825723e-01
  -3.4581361e-01
  -1.7308916e-01
   4.5017533e-02
   2.4578579e-01
   3.8053772e-01
   4.6011497e-01
   5.2241513e-01
   5.6736187e-01
   5.4932875e-01
   4.3770122e-01
   2.6240572e-01
   8.2216468e-02
  -7.9911473e-02
  -2.4561083e-01
  -4.2376454e-01
  -5.6960985e-01
  -6.2097795e-01
  -5.6577198e-01
  -4.5068339e-01
  -3.2062182e-01
  -1.7191453e-01
   1.8757534e-02
   2.3374642e-01
   4.1029023e-01
   5.0225171e-01
   5.2482852e-01
   5.2148131e-01
   4.9873715e-01
   4.1832574e-01
   2.5678687e-01
   4.9702374e-02
  -1.4078640e-01
  -2.9062553e-01
  -4.2236535e-01
  -5.4793329e-01
  -6.2796635e-01
  -6.0765273e-01
  -4.8300628e-01
  -3.0827803e-01
  -1.3469554e-01
   3.6555493e-02
   2.2581592e-01
   4.1512413e-01
   5.4455008e-01
   5.7348625e-01
   5.2425218e-01
   4.4808772e-01
   3.5951135e-01
   2.2797872e-01
   3.6464192e-02
  -1.7554836e-01
  -3.4516539e-01
  -4.5044176e-01
  -5.1830156e-01
  -5.6703274e-01
  -5.6546130e-01
  -4.6806250e-01
  -2.7979537e-01
  -6.2092056e-02
   1.2908196e-01
   2.9031874e-01
   4.4239958e-01
   5.7087412e-01
   6.2244394e-01
   5.6537400e-01
   4.3160606e-01
   2.8151595e-01
   1.3764415e-01
  -2.4156894e-02
  -2.1703754e-01
  -4.0112301e-01
  -5.1683971e-01
  -5.4852621e-01
  -5.3127703e-01
  -4.9270451e-01
  -4.1158207e-01
  -2.5198790e-01
  -2.6630326e-02
   1.9848053e-01
   3.6638749e-01
   4.7595023e-01
   5.5312425e-01
   5.9140129e-01
   5.4771783e-01
   4.0155179e-01
   1.9524960e-01
  -2.5785944e-03
  -1.6389572e-01
  -3.1035159e-01
  -4.5607284e-01
  -5.6605286e-01
  -5.8910480e-01
  -5.2014132e-01
  -4.0543518e-01
  -2.8327447e-01
  -1.4188283e-01
   4.7381166e-02
   2.6796456e-01
   4.5433325e-01
   5.5417172e-01
   5.7417387e-01
   5.5031364e-01
   4.8755582e-01
   3.5484040e-01
   1.4261939e-01
  -9.8613185e-02
  -2.9606518e-01
  -4.2161743e-01
  -5.0059545e-01
  -5.5432217e-01
  -5.5818877e-01
  -4.7356640e-01
  -3.0823835e-01
  -1.1977033e-01
   4.5003638e-02
   1.9258771e-01
   3.5012361e-01
   5.0394786e-01
   5.9591534e-01
   5.8463910e-01
   4.8956484e-01
   3.5963284e-01
   2.1187394e-01
   2.5355740e-02
  -2.0265873e-01
  -4.1951805e-01
  -5.5538386e-01
  -5.8951168e-01
  -5.5780165e-01
  -4.9427915e-01
  -3.8815775e-01
  -2.1425996e-01
   8.5486755e-03
   2.1571246e-01
   3.5820439e-01
   4.4494378e-01
   5.0970152e-01
   5.4930483e-01
   5.1914619e-01
   3.9269988e-01
   2.0337030e-01
   1.1347886e-02
  -1.5876710e-01
  -3.2457848e-01
  -4.9034462e-01
  -6.1015231e-01
  -6.2552342e-01
  -5.2999806e-01
  -3.7461806e-01
  -2.0774870e-01
  -3.0885334e-02
   1.7228413e-01
   3.7893570e-01
   5.2636342e-01
   5.7286557e-01
   5.3883954e-01
   4.7219098e-01
   3.8524742e-01
   2.4880037e-01
   4.9622096e-02
  -1.6977456e-01
  -3.4555115e-01
  -4.5501882e-01
  -5.2269531e-01
  -5.6412943e-01
  -5.4823828e-01
  -4.3330196e-01
  -2.2914685e-01
  -2.5991612e-04
   1.9591105e-01
   3.5383749e-01
   4.9125804e-01
   5.9250652e-01
   6.0732684e-01
   5.1013145e-01
   3.3868101e-01
   1.5723715e-01
  -8.1453982e-03
  -1.7689123e-01
  -3.5775634e-01
  -5.1011931e-01
  -5.7835004e-01
  -5.5294645e-01
  -4.7464537e-01
  -3.7644623e-01
  -2.4430188e-01
  -5.1169081e-02
   1.8301197e-01
   3.8986860e-01
   5.1468938e-01
   5.6056904e-01
   5.5861471e-01
   5.1005055e-01
   3.8334732e-01
   1.7101955e-01
  -7.4422942e-02
  -2.7933019e-01
  -4.1445498e-01
  -5.0229813e-01
  -5.6077374e-01
  -5.6387203e-01
  -4.7439220e-01
  -3.0244162e-01
  -1.0675332e-01
   6.5379729e-02
   2.1874246e-01
   3.7719132e-01
   5.2449609e-01
   6.0286279e-01
   5.7362807e-01
   4.5899649e-01
   3.0975744e-01
   1.4531557e-01
  -5.1099413e-02
  -2.7767010e-01
  -4.7972582e-01
  -5.8907534e-01
  -5.8855302e-01
  -5.1752338e-01
  -4.1359873e-01
  -2.7129149e-01
  -7.2294355e-02
   1.5879549e-01
   3.5538849e-01
   4.6985746e-01
   5.1380746e-01
   5.2411974e-01
   5.0257052e-01
   4.1249284e-01
   2.3669117e-01
   1.6021857e-02
  -1.8539911e-01
  -3.4151882e-01
  -4.6967040e-01
  -5.7595287e-01
  -6.2048920e-01
  -5.5508109e-01
  -3.8488564e-01
  -1.7072649e-01
   3.1794257e-02
   2.1552121e-01
   3.9299301e-01
   5.4188036e-01
   6.0602833e-01
   5.5498058e-01
   4.2163269e-01
   2.6543161e-01
   1.0947587e-01
  -6.5199284e-02
  -2.6414093e-01
  -4.4288040e-01
  -5.4237743e-01
  -5.4938627e-01
  -4.9983414e-01
  -4.2201007e-01
  -2.9946074e-01
  -1.0578473e-01
   1.3687558e-01
   3.5811666e-01
   5.0132232e-01
   5.6664799e-01
   5.8126165e-01
   5.4331458e-01
   4.2073254e-01
   2.0749277e-01
  -4.2349979e-02
  -2.5437762e-01
  -3.9833404e-01
  -4.9445929e-01
  -5.5803165e-01
  -5.6199469e-01
  -4.7030944e-01
  -2.9499243e-01
  -9.5859574e-02
   7.9260219e-02
   2.3375311e-01
   3.8903669e-01
   5.2713920e-01
   5.9086760e-01
   5.4406437e-01
   4.1153555e-01
   2.4597073e-01
   6.8940553e-02
  -1.3304734e-01
  -3.5489875e-01
  -5.4087922e-01
  -6.2476089e-01
  -5.9298332e-01
  -4.8848876e-01
  -3.5244467e-01
  -1.8390876e-01
   3.0140067e-02
   2.6118643e-01
   4.4200715e-01
   5.2734428e-01
   5.3240211e-01
   4.9801472e-01
   4.3105615e-01
   3.0170741e-01
   9.9968100e-02
  -1.2832465e-01
  -3.1752804e-01
  -4.4261325e-01
  -5.2328833e-01
  -5.6974088e-01
  -5.4906628e-01
  -4.2256810e-01
  -2.0492728e-01
   3.6083084e-02
   2.4108725e-01
   4.0149677e-01
   5.3069313e-01
   6.1079146e-01
   5.9446144e-01
   4.6284672e-01
   2.6011516e-01
   5.4615964e-02
  -1.2406100e-01
  -2.9054394e-01
  -4.4938213e-01
  -5.6024100e-01
  -5.7338022e-01
  -4.8763694e-01
  -3.5103553e-01
  -2.0288625e-01
  -3.6733625e-02
   1.6579368e-01
   3.7895191e-01
   5.3507954e-01
   5.8602105e-01
   5.4365316e-01
   4.4823712e-01
   3.1193598e-01
   1.1692147e-01
  -1.3086542e-01
  -3.7101071e-01
  -5.2987630e-01
  -5.8398409e-01
  -5.6436473e-01
  -5.0021655e-01
  -3.8120930e-01
  -1.8902187e-01
   4.9306793e-02
   2.6497858e-01
   4.0807187e-01
   4.8566040e-01
   5.2780396e-01
   5.3032655e-01
   4.5446501e-01
   2.8424816e-01
   6.2210360e-02
  -1.4659557e-01
  -3.1417448e-01
  -4.5337831e-01
  -5.6504746e-01
  -6.0688992e-01
  -5.3244505e-01
  -3.5043478e-01
  -1.2435344e-01
   8.8230703e-02
   2.7690572e-01
   4.4967673e-01
   5.8145695e-01
   6.1781062e-01
   5.3352858e-01
   3.6694611e-01
   1.8149918e-01
   4.2263755e-03
  -1.7858177e-01
  -3.6764068e-01
  -5.1754289e-01
  -5.7333030e-01
  -5.2838948e-01
  -4.2499042e-01
  -2.9751703e-01
  -1.3712533e-01
   7.3826531e-02
   3.0682213e-01
   4.9076396e-01
   5.7368878e-01
   5.6288728e-01
   4.9364352e-01
   3.7430679e-01
   1.8571513e-01
  -6.5314427e-02
  -3.1662026e-01
  -4.9267531e-01
  -5.6751762e-01
  -5.6868459e-01
  -5.2171930e-01
  -4.1401221e-01
  -2.2691125e-01
   1.1827307e-02
   2.3269166e-01
   3.8492468e-01
   4.7380544e-01
   5.2665462e-01
   5.3691531e-01
   4.6502696e-01
   2.9560301e-01
   7.1987665e-02
  -1.4023994e-01
  -3.1218785e-01
  -4.5487486e-01
  -5.6711484e-01
  -6.0586084e-01
  -5.2567814e-01
  -3.3711740e-01
  -1.0514181e-01
   1.1158151e-01
   3.0119331e-01
   4.6996357e-01
   5.9202004e-01
   6.1413989e-01
   5.1386643e-01
   3.3237713e-01
   1.3525190e-01
  -4.8585118e-02
  -2.3075762e-01
  -4.1042637e-01
  -5.4252074e-01
  -5.7467012e-01
  -5.0396415e-01
  -3.7617644e-01
  -2.2883028e-01
  -5.6408872e-02
   1.5545723e-01
   3.7646764e-01
   5.3647643e-01
   5.8691390e-01
   5.3952858e-01
   4.3425636e-01
   2.8446808e-01
   7.6430793e-02
  -1.7844121e-01
  -4.1608716e-01
  -5.6254867e-01
  -5.9599557e-01
  -5.4933692e-01
  -4.5430774e-01
  -3.0541388e-01
  -9.1249866e-02
   1.5503657e-01
   3.6212396e-01
   4.8108921e-01
   5.2150980e-01
   5.1662502e-01
   4.6745505e-01
   3.4343729e-01
   1.3797872e-01
  -9.9330934e-02
  -3.0053045e-01
  -4.3786886e-01
  -5.2620717e-01
  -5.7082581e-01
  -5.3797591e-01
  -3.9337864e-01
  -1.5813861e-01
   9.5278758e-02
   3.0469032e-01
   4.5839797e-01
   5.6636648e-01
   6.1038619e-01
   5.4865074e-01
   3.7190293e-01
   1.3330600e-01
  -9.2956772e-02
  -2.7331378e-01
  -4.1870230e-01
  -5.3210169e-01
  -5.7731927e-01
  -5.1500329e-01
  -3.5671698e-01
  -1.6122956e-01
   2.4047156e-02
   1.9837273e-01
   3.7422226e-01
   5.2500907e-01
   5.9033610e-01
   5.3581535e-01
   3.8881800e-01
   2.0376581e-01
   6.0057118e-03
  -2.0981544e-01
  -4.2923545e-01
  -5.9213608e-01
  -6.3540275e-01
  -5.5266722e-01
  -3.9387809e-01
  -2.0714849e-01
  -1.1742076e-03
   2.2539364e-01
   4.3595041e-01
   5.6379079e-01
   5.7180892e-01
   4.8593113e-01
   3.5758119e-01
   2.0589841e-01
   1.6437424e-02
  -2.0606973e-01
  -4.0829376e-01
  -5.2711681e-01
  -5.4683407e-01
  -4.9909664e-01
  -4.0863037e-01
  -2.6192643e-01
  -4.2996829e-02
   2.1435174e-01
   4.3340724e-01
   5.5672701e-01
   5.8484529e-01
   5.4547851e-01
   4.4191729e-01
   2.5517440e-01
  -3.6926539e-03
  -2.6790496e-01
  -4.5890026e-01
  -5.4800992e-01
  -5.5897514e-01
  -5.1395749e-01
  -4.0045529e-01
  -2.0402384e-01
   4.2274881e-02
   2.6572265e-01
   4.1443214e-01
   4.9248861e-01
   5.2559677e-01
   5.0771658e-01
   4.0408563e-01
   2.0689330e-01
  -3.3994048e-02
  -2.4953719e-01
  -4.0922072e-01
  -5.2286374e-01
  -5.8993238e-01
  -5.7273279e-01
  -4.3606801e-01
  -2.0195996e-01
   5.5966182e-02
   2.7409352e-01
   4.3798927e-01
   5.5382256e-01
   6.0060115e-01
   5.3654244e-01
   3.5469860e-01
   1.1076532e-01
  -1.1940693e-01
  -3.0068645e-01
  -4.4178049e-01
  -5.4380264e-01
  -5.7105138e-01
  -4.8750278e-01
  -3.0911907e-01
  -9.8153223e-02
   9.5574381e-02
   2.6896795e-01
   4.3229724e-01
   5.5875779e-01
   5.9123988e-01
   5.0133596e-01
   3.2270558e-01
   1.1489453e-01
  -9.2476062e-02
  -3.0100559e-01
  -4.9439079e-01
  -6.1475022e-01
  -6.0567664e-01
  -4.6983106e-01
  -2.6586466e-01
  -4.9258759e-02
   1.6510302e-01
   3.7435502e-01
   5.4186089e-01
   6.0656485e-01
   5.4148952e-01
   3.8410739e-01
   1.9650108e-01
   7.0604663e-03
  -1.9117989e-01
  -3.8962258e-01
  -5.3704073e-01
  -5.7873526e-01
  -5.1135544e-01
  -3.7980283e-01
  -2.2141578e-01
  -3.4183935e-02
   1.8897221e-01
   4.1080971e-01
   5.5873559e-01
   5.8617507e-01
   5.0830858e-01
   3.6866793e-01
   1.8629818e-01
  -4.3476328e-02
  -2.9972511e-01
  -5.1365815e-01
  -6.1369337e-01
  -5.8507888e-01
  -4.6915550e-01
  -3.0710645e-01
  -1.0530876e-01
   1.3464665e-01
   3.7051503e-01
   5.3018188e-01
   5.7180840e-01
   5.1604214e-01
   4.0869436e-01
   2.6547224e-01
   7.2756624e-02
  -1.6064900e-01
  -3.7711709e-01
  -5.1062651e-01
  -5.4301643e-01
  -5.0287509e-01
  -4.1255732e-01
  -2.5937157e-01
  -3.1710756e-02
   2.3136045e-01
   4.4993126e-01
   5.6573482e-01
   5.7931432e-01
   5.1887744e-01
   3.9040226e-01
   1.8092622e-01
  -9.1048900e-02
  -3.5358450e-01
  -5.2717140e-01
  -5.8527965e-01
  -5.5513606e-01
  -4.6394511e-01
  -3.0702891e-01
  -7.9741316e-02
   1.7662063e-01
   3.8598868e-01
   4.9822067e-01
   5.2216974e-01
   4.9015226e-01
   4.0534441e-01
   2.4504034e-01
   1.3673512e-02
  -2.3068502e-01
  -4.1708139e-01
  -5.1838358e-01
  -5.5128231e-01
  -5.2550184e-01
  -4.1764699e-01
  -2.0924792e-01
   6.3035522e-02
   3.1739274e-01
   4.8961666e-01
   5.7081502e-01
   5.7773885e-01
   5.0526182e-01
   3.3192365e-01
   7.1488518e-02
  -2.0496652e-01
  -4.1507352e-01
  -5.2586788e-01
  -5.5527159e-01
  -5.2006627e-01
  -4.0630289e-01
  -2.0287444e-01
   5.2019727e-02
   2.8206160e-01
   4.3346960e-01
   5.0820234e-01
   5.2946658e-01
   4.9111284e-01
   3.6290047e-01
   1.4458504e-01
  -1.0740112e-01
  -3.2067786e-01
  -4.6351708e-01
  -5.4527544e-01
  -5.6709108e-01
  -4.9776625e-01
  -3.1328744e-01
  -4.7461176e-02
   2.1813250e-01
   4.1682334e-01
   5.3457331e-01
   5.8111995e-01
   5.4414351e-01
   3.9646520e-01
   1.4834316e-01
  -1.3049393e-01
  -3.5693394e-01
  -4.9498464e-01
  -5.5742822e-01
  -5.5488925e-01
  -4.6783873e-01
  -2.8124624e-01
  -3.1206951e-02
   2.0640887e-01
   3.7645624e-01
   4.7749635e-01
   5.2778965e-01
   5.1602215e-01
   4.0790805e-01
   2.0078547e-01
  -4.9881457e-02
  -2.7131904e-01
  -4.2978908e-01
  -5.3105499e-01
  -5.7197252e-01
  -5.1771913e-01
  -3.4212080e-01
  -7.8181325e-02
   1.9235846e-01
   4.0170070e-01
   5.3351649e-01
   5.9444398e-01
   5.6930088e-01
   4.2922239e-01
   1.8403096e-01
  -9.6291349e-02
  -3.2802644e-01
  -4.7402482e-01
  -5.4523560e-01
  -5.5032517e-01
  -4.6857414e-01
  -2.8487362e-01
  -3.5870771e-02
   2.0199551e-01
   3.7302750e-01
   4.7491349e-01
   5.2480012e-01
   5.1071432e-01
   3.9875029e-01
   1.8743484e-01
  -6.6550811e-02
  -2.8964557e-01
  -4.4757494e-01
  -5.4561011e-01
  -5.8052709e-01
  -5.1846097e-01
  -3.3525151e-01
  -6.6148098e-02
   2.0555514e-01
   4.1145133e-01
   5.3528118e-01
   5.8439252e-01
   5.4534303e-01
   3.9217848e-01
   1.3807662e-01
  -1.4440434e-01
  -3.7050265e-01
  -5.0345629e-01
  -5.5565997e-01
  -5.3827368e-01
  -4.3423790e-01
  -2.3276801e-01
   2.5748151e-02
   2.6288597e-01
   4.2300412e-01
   5.0545495e-01
   5.3029147e-01
   4.8966772e-01
   3.5475244e-01
   1.2902328e-01
  -1.2746770e-01
  -3.4022379e-01
  -4.7633876e-01
  -5.4422788e-01
  -5.4531419e-01
  -4.5166060e-01
  -2.4543956e-01
   3.2965615e-02
   2.9777818e-01
   4.8119775e-01
   5.7019818e-01
   5.7739314e-01
   4.9620974e-01
   3.0837694e-01
   3.3977122e-02
  -2.5017564e-01
  -4.5877873e-01
  -5.5806422e-01
  -5.6611631e-01
  -5.0169153e-01
  -3.5640471e-01
  -1.2778582e-01
   1.3781900e-01
   3.5998179e-01
   4.8532947e-01
   5.1893919e-01
   4.8894794e-01
   3.9697773e-01
   2.2378153e-01
  -1.9378016e-02
  -2.6845778e-01
  -4.4975482e-01
  -5.3551545e-01
  -5.4245663e-01
  -4.8222719e-01
  -3.3777229e-01
  -1.0099057e-01
   1.8141666e-01
   4.2245626e-01
   5.5843831e-01
   5.8467706e-01
   5.2481152e-01
   3.8445531e-01
   1.5686782e-01
  -1.2934502e-01
  -3.9406581e-01
  -5.5483881e-01
  -5.8611650e-01
  -5.1778038e-01
  -3.8202505e-01
  -1.8359472e-01
   6.9468938e-02
   3.2537189e-01
   5.0484111e-01
   5.6201729e-01
   5.1406951e-01
   4.0350639e-01
   2.4641371e-01
   3.5846570e-02
  -2.0926784e-01
  -4.2387581e-01
  -5.4038474e-01
  -5.4286808e-01
  -4.6311779e-01
  -3.2857023e-01
  -1.3629472e-01
   1.1184377e-01
   3.6570058e-01
   5.4257161e-01
   5.9001858e-01
   5.1914396e-01
   3.7094469e-01
   1.6719311e-01
  -8.6527823e-02
  -3.5569279e-01
  -5.6244717e-01
  -6.3469611e-01
  -5.6316663e-01
  -3.9658621e-01
  -1.8523767e-01
   5.1718989e-02
   2.9814028e-01
   5.0250853e-01
   5.9471017e-01
   5.4518814e-01
   3.9109317e-01
   1.9474224e-01
  -1.1455288e-02
  -2.2431807e-01
  -4.2314868e-01
  -5.5044697e-01
  -5.5437651e-01
  -4.3973428e-01
  -2.5980263e-01
  -6.0440155e-02
   1.4890864e-01
   3.6231010e-01
   5.3517224e-01
   5.9949763e-01
   5.2395018e-01
   3.4277878e-01
   1.1770988e-01
  -1.1470486e-01
  -3.4255066e-01
  -5.3494359e-01
  -6.2765430e-01
  -5.6995327e-01
  -3.7734654e-01
  -1.2169903e-01
   1.2948567e-01
   3.4863073e-01
   5.2159327e-01
   6.0948094e-01
   5.6359449e-01
   3.8046352e-01
   1.2258125e-01
  -1.2813548e-01
  -3.2882826e-01
  -4.7672648e-01
  -5.6261985e-01
  -5.5001576e-01
  -4.1386286e-01
  -1.8607604e-01
   5.8174245e-02
   2.6043971e-01
   4.0999236e-01
   5.1115729e-01
   5.3974861e-01
   4.5497530e-01
   2.5426236e-01
  -3.7799710e-03
  -2.4231588e-01
  -4.2154506e-01
  -5.3856378e-01
  -5.8238731e-01
  -5.1643581e-01
  -3.2035055e-01
  -3.6535734e-02
   2.4534195e-01
   4.5248067e-01
   5.6522364e-01
   5.8908879e-01
   5.1336304e-01
   3.2110889e-01
   3.7932421e-02
  -2.5345814e-01
  -4.6398388e-01
  -5.5783356e-01
  -5.5190591e-01
  -4.6577452e-01
  -2.9585848e-01
  -4.7952342e-02
   2.2365918e-01
   4.3473596e-01
   5.3279701e-01
   5.2662002e-01
   4.4978393e-01
   3.1194094e-01
   1.0461510e-01
  -1.5040352e-01
  -3.8338050e-01
  -5.2203674e-01
  -5.4569359e-01
  -4.8119426e-01
  -3.5243602e-01
  -1.5663761e-01
   1.0028079e-01
   3.6276712e-01
   5.4426550e-01
   5.9079554e-01
   5.1327785e-01
   3.5360104e-01
   1.3657893e-01
  -1.2662041e-01
  -3.9547532e-01
  -5.8914252e-01
  -6.3717992e-01
  -5.3532341e-01
  -3.3847609e-01
  -1.0341204e-01
   1.4391204e-01
   3.8159408e-01
   5.5639112e-01
   6.0261303e-01
   5.0018765e-01
   2.9740116e-01
   6.6555692e-02
  -1.5201665e-01
  -3.4989355e-01
  -5.0578108e-01
  -5.6837820e-01
  -4.9844492e-01
  -3.1616558e-01
  -8.8692967e-02
   1.2811577e-01
   3.1932242e-01
   4.7900849e-01
   5.6990835e-01
   5.3899428e-01
   3.7442687e-01
   1.2914708e-01
  -1.2152454e-01
  -3.3425584e-01
  -4.9772608e-01
  -5.9001963e-01
  -5.6465579e-01
  -3.9479273e-01
  -1.2002041e-01
   1.6979171e-01
   3.9872691e-01
   5.4103484e-01
   5.9439839e-01
   5.4121774e-01
   3.6091349e-01
   7.8883494e-02
  -2.2036261e-01
  -4.4505102e-01
  -5.5579963e-01
  -5.6515626e-01
  -4.8892121e-01
  -3.2216438e-01
  -7.2186317e-02
   2.0386778e-01
   4.1935603e-01
   5.2030342e-01
   5.1432923e-01
   4.3422673e-01
   2.9033013e-01
   7.6987413e-02
  -1.8016567e-01
  -4.0870639e-01
  -5.3603543e-01
  -5.4299476e-01
  -4.5882623e-01
  -3.1069499e-01
  -1.0038530e-01
   1.6109339e-01
   4.1484193e-01
   5.7468681e-01
   5.9073459e-01
   4.8005460e-01
   2.9128424e-01
   5.6035883e-02
  -2.0843946e-01
  -4.5826100e-01
  -6.1421880e-01
  -6.1291801e-01
  -4.6047958e-01
  -2.2256735e-01
   3.4919650e-02
   2.7962192e-01
   4.8735150e-01
   6.0848815e-01
   5.8736303e-01
   4.1811106e-01
   1.6340020e-01
  -9.3354915e-02
  -3.0563849e-01
  -4.6448816e-01
  -5.5450753e-01
  -5.3690596e-01
  -3.8951465e-01
  -1.4979732e-01
   1.0213326e-01
   3.0430743e-01
   4.4297655e-01
   5.2048107e-01
   5.1441931e-01
   3.9133073e-01
   1.5940922e-01
  -1.1316922e-01
  -3.4433758e-01
  -4.9336329e-01
  -5.5988353e-01
  -5.3980463e-01
  -4.0906650e-01
  -1.6367843e-01
   1.3920098e-01
   4.0224578e-01
   5.5384815e-01
   5.8283507e-01
   5.0879924e-01
   3.3998162e-01
   8.1126123e-02
  -2.2336303e-01
  -4.8170949e-01
  -6.0892597e-01
  -5.8462262e-01
  -4.4804962e-01
  -2.4436697e-01
   4.3911803e-03
   2.7184684e-01
   4.9485787e-01
   5.9638065e-01
   5.4564924e-01
   3.8143898e-01
   1.6894988e-01
  -5.3714418e-02
  -2.7414119e-01
  -4.6271314e-01
  -5.5936932e-01
  -5.1832045e-01
  -3.5548680e-01
  -1.3544275e-01
   8.6063802e-02
   2.9043530e-01
   4.6509421e-01
   5.6643378e-01
   5.3854985e-01
   3.7049709e-01
   1.1795445e-01
  -1.4057666e-01
  -3.5795457e-01
  -5.1850796e-01
  -5.9754405e-01
  -5.5018376e-01
  -3.5597721e-01
  -6.2837749e-02
   2.3270354e-01
   4.5129257e-01
   5.6674831e-01
   5.7956334e-01
   4.7939315e-01
   2.5727422e-01
  -4.8691979e-02
  -3.4516389e-01
  -5.3850955e-01
  -5.9416632e-01
  -5.3430991e-01
  -3.8793135e-01
  -1.6572497e-01
   1.1005016e-01
   3.7300966e-01
   5.3691028e-01
   5.5775237e-01
   4.5931526e-01
   2.9301769e-01
   8.7716205e-02
  -1.4659522e-01
  -3.7576043e-01
  -5.2998920e-01
  -5.5098466e-01
  -4.4164107e-01
  -2.5528294e-01
  -4.0700809e-02
   1.8422560e-01
   4.0125613e-01
   5.5665972e-01
   5.8278915e-01
   4.5777404e-01
   2.2892642e-01
  -2.9560253e-02
  -2.6958132e-01
  -4.6921081e-01
  -5.9400609e-01
  -5.8874735e-01
  -4.2455032e-01
  -1.4407014e-01
   1.5778655e-01
   3.9939169e-01
   5.4857423e-01
   5.9747836e-01
   5.2748969e-01
   3.2373111e-01
   2.1698895e-02
  -2.8484550e-01
  -4.9938667e-01
  -5.8240943e-01
  -5.4982903e-01
  -4.2467051e-01
  -2.1378567e-01
   6.1439819e-02
   3.3306066e-01
   5.1190909e-01
   5.5034903e-01
   4.6812536e-01
   3.1294735e-01
   1.1151730e-01
  -1.2595905e-01
  -3.6317719e-01
  -5.2754341e-01
  -5.5828705e-01
  -4.5634209e-01
  -2.7357687e-01
  -5.8286937e-02
   1.7061376e-01
   3.9257581e-01
   5.5152003e-01
   5.7863679e-01
   4.5230145e-01
   2.2086904e-01
  -4.0126779e-02
  -2.8095805e-01
  -4.7794797e-01
  -5.9564397e-01
  -5.7961869e-01
  -4.0371565e-01
  -1.1414084e-01
   1.9126470e-01
   4.2929639e-01
   5.6763384e-01
   5.9982845e-01
   5.1057494e-01
   2.8998191e-01
  -2.1208577e-02
  -3.2573293e-01
  -5.2657883e-01
  -5.8665361e-01
  -5.2640217e-01
  -3.7474921e-01
  -1.4504903e-01
   1.3563828e-01
   3.9650699e-01
   5.4972030e-01
   5.5290801e-01
   4.3339551e-01
   2.4696049e-01
   2.7483962e-02
  -2.0981031e-01
  -4.2727312e-01
  -5.5576063e-01
  -5.4236253e-01
  -3.9818913e-01
  -1.8489748e-01
   4.1877045e-02
   2.5953756e-01
   4.4838520e-01
   5.5827945e-01
   5.3082586e-01
   3.5693392e-01
   9.6247804e-02
  -1.6847030e-01
  -3.8569369e-01
  -5.3560579e-01
  -5.9189954e-01
  -5.1335486e-01
  -2.8840703e-01
   2.4573313e-02
   3.2142632e-01
   5.2002414e-01
   5.9602675e-01
   5.5617527e-01
   4.0122606e-01
   1.3706799e-01
  -1.8397034e-01
  -4.6072419e-01
  -6.0136202e-01
  -5.8170792e-01
  -4.3966249e-01
  -2.2243267e-01
   4.1165192e-02
   3.1496659e-01
   5.2823848e-01
   6.0313164e-01
   5.1494964e-01
   3.1189544e-01
   6.8900342e-02
  -1.6672322e-01
  -3.7482879e-01
  -5.2290287e-01
  -5.5665301e-01
  -4.4472182e-01
  -2.2118852e-01
   3.3623177e-02
   2.5390972e-01
   4.1735160e-01
   5.1499350e-01
   5.1618677e-01
   3.8700096e-01
   1.4210785e-01
  -1.4184045e-01
  -3.7606901e-01
  -5.1521089e-01
  -5.5621687e-01
  -4.9677890e-01
  -3.2216950e-01
  -4.3939784e-02
   2.6571687e-01
   5.0203434e-01
   5.9580706e-01
   5.4593559e-01
   3.8744001e-01
   1.4844076e-01
  -1.4465365e-01
  -4.3100315e-01
  -6.1583118e-01
  -6.2765432e-01
  -4.7171377e-01
  -2.1726427e-01
   6.2303571e-02
   3.2283337e-01
   5.2733652e-01
   6.1976021e-01
   5.4978553e-01
   3.2670336e-01
   3.0724788e-02
  -2.4091226e-01
  -4.3322806e-01
  -5.3464560e-01
  -5.3592293e-01
  -4.1612295e-01
  -1.7985757e-01
   1.0905919e-01
   3.5431991e-01
   4.9165015e-01
   5.1710432e-01
   4.5274310e-01
   3.0500652e-01
   7.5030882e-02
  -1.9786584e-01
  -4.2929833e-01
  -5.4191417e-01
  -5.1809284e-01
  -3.9218276e-01
  -2.0054246e-01
   4.0050659e-02
   3.0102050e-01
   5.1234259e-01
   5.9091492e-01
   5.0378235e-01
   2.9186979e-01
   2.8067487e-02
  -2.3429120e-01
  -4.6194870e-01
  -6.0772492e-01
  -6.0875081e-01
  -4.3666901e-01
  -1.4059853e-01
   1.7641545e-01
   4.2528685e-01
   5.6773243e-01
   5.9302314e-01
   4.8633533e-01
   2.4445479e-01
  -8.1650746e-02
  -3.8611244e-01
  -5.6859084e-01
  -5.9417646e-01
  -4.8963329e-01
  -2.9363541e-01
  -3.2015322e-02
   2.5599290e-01
   4.9298533e-01
   5.9406415e-01
   5.2876729e-01
   3.4099761e-01
   1.0328544e-01
  -1.3637448e-01
  -3.5375555e-01
  -5.1081040e-01
  -5.4933068e-01
  -4.3726427e-01
  -2.1037603e-01
   4.8593924e-02
   2.7128547e-01
   4.3254623e-01
   5.2114968e-01
   5.0678061e-01
   3.5966879e-01
   1.0108299e-01
  -1.8642744e-01
  -4.1120839e-01
  -5.2833111e-01
  -5.3799974e-01
  -4.4406521e-01
  -2.4084908e-01
   5.0106673e-02
   3.4960989e-01
   5.5232279e-01
   5.9540760e-01
   4.8889265e-01
   2.8093659e-01
   1.2601860e-02
  -2.7950925e-01
  -5.3070228e-01
  -6.5171488e-01
  -5.8570882e-01
  -3.5753257e-01
  -5.5241151e-02
   2.3433190e-01
   4.6161570e-01
   5.9395877e-01
   5.9009014e-01
   4.2281389e-01
   1.2697328e-01
  -1.9698707e-01
  -4.4278155e-01
  -5.5944371e-01
  -5.5114682e-01
  -4.3319606e-01
  -2.1350761e-01
   7.6880606e-02
   3.5799274e-01
   5.3314176e-01
   5.5376902e-01
   4.4318363e-01
   2.5556154e-01
   2.7611951e-02
  -2.1764197e-01
  -4.3352541e-01
  -5.4645800e-01
  -5.0641749e-01
  -3.3246467e-01
  -9.5315066e-02
   1.4108761e-01
   3.4692736e-01
   4.9848296e-01
   5.4900639e-01
   4.5309862e-01
   2.2081431e-01
  -7.0211640e-02
  -3.2625171e-01
  -4.9363523e-01
  -5.5909908e-01
  -5.1207967e-01
  -3.3585273e-01
  -4.7083772e-02
   2.7341947e-01
   5.1359713e-01
   6.0065453e-01
   5.3351145e-01
   3.5071884e-01
   8.8054143e-02
  -2.1730312e-01
  -4.9503615e-01
  -6.4777046e-01
  -6.1064465e-01
  -4.0214723e-01
  -1.0655204e-01
   1.8968028e-01
   4.3361762e-01
   5.8660780e-01
   6.0115355e-01
   4.4587401e-01
   1.5421658e-01
  -1.7261484e-01
  -4.2624303e-01
  -5.5268075e-01
  -5.5269728e-01
  -4.3905123e-01
  -2.1926363e-01
   7.3783759e-02
   3.5740336e-01
   5.3295528e-01
   5.5130068e-01
   4.3620976e-01
   2.4307722e-01
   1.0712785e-02
  -2.3511429e-01
  -4.4558206e-01
  -5.4713178e-01
  -4.9240826e-01
  -3.0469825e-01
  -5.8862742e-02
   1.7810155e-01
   3.7480752e-01
   5.0799782e-01
   5.3420935e-01
   4.1411897e-01
   1.6497915e-01
  -1.2987635e-01
  -3.7446579e-01
  -5.1673352e-01
  -5.4836520e-01
  -4.6637507e-01
  -2.6316308e-01
   3.6116039e-02
   3.4580798e-01
   5.5488346e-01
   5.9747113e-01
   4.8326236e-01
   2.6267609e-01
  -1.8074324e-02
  -3.1522077e-01
  -5.5807430e-01
  -6.5640317e-01
  -5.5881638e-01
  -2.9982529e-01
   2.2416165e-02
   3.1335028e-01
   5.1959455e-01
   6.1011499e-01
   5.5212371e-01
   3.3304150e-01
   4.1448535e-03
  -3.2203027e-01
  -5.3582140e-01
  -5.9226099e-01
  -5.0897913e-01
  -3.1954207e-01
  -5.1559059e-02
   2.4788747e-01
   4.9236471e-01
   5.9187997e-01
   5.1627943e-01
   3.1334025e-01
   6.1159808e-02
  -1.8548243e-01
  -3.9543589e-01
  -5.2706021e-01
  -5.2574620e-01
  -3.7047360e-01
  -1.1105382e-01
   1.5836778e-01
   3.6373574e-01
   4.8032678e-01
   5.0374561e-01
   4.1762803e-01
   2.1176357e-01
  -7.3163739e-02
  -3.4297600e-01
  -5.0679971e-01
  -5.3222278e-01
  -4.3991908e-01
  -2.5824997e-01
  -5.9705982e-03
   2.7718006e-01
   5.0743852e-01
   5.9270127e-01
   4.9844055e-01
   2.6966231e-01
  -1.3187907e-02
  -2.8657875e-01
  -5.0650069e-01
  -6.1992024e-01
  -5.6877575e-01
  -3.4057512e-01
  -4.9001652e-03
   3.1871457e-01
   5.3381607e-01
   6.0499749e-01
   5.3471531e-01
   3.3135895e-01
   2.1104167e-02
  -3.1896336e-01
  -5.7128625e-01
  -6.4402954e-01
  -5.2820647e-01
  -2.8596771e-01
   7.4166142e-03
   2.9588053e-01
   5.2477220e-01
   6.2399626e-01
   5.4052727e-01
   2.9222494e-01
  -2.7240579e-02
  -3.0838785e-01
  -4.8759164e-01
  -5.4961140e-01
  -4.8992739e-01
  -3.0349058e-01
  -1.8590463e-02
   2.7948610e-01
   4.8508690e-01
   5.3982330e-01
   4.5743464e-01
   2.8479471e-01
   5.6842383e-02
  -1.9828184e-01
  -4.2501709e-01
  -5.4273236e-01
  -4.9958717e-01
  -3.1724643e-01
  -7.0953787e-02
   1.7001663e-01
   3.6997328e-01
   5.0085958e-01
   5.1713976e-01
   3.8237046e-01
   1.2050333e-01
  -1.7821353e-01
  -4.1369452e-01
  -5.3344456e-01
  -5.3223940e-01
  -4.1401721e-01
  -1.8177789e-01
   1.2773342e-01
   4.2134264e-01
   5.8882754e-01
   5.7385218e-01
   4.0114633e-01
   1.3747453e-01
  -1.5681292e-01
  -4.2947947e-01
  -6.1092201e-01
  -6.2387626e-01
  -4.3960664e-01
  -1.1798619e-01
   2.2310658e-01
   4.8076626e-01
   6.0661339e-01
   5.8733153e-01
   4.1779019e-01
   1.1699028e-01
  -2.3761604e-01
  -5.2210916e-01
  -6.3489199e-01
  -5.5624994e-01
  -3.3902112e-01
  -5.3115169e-02
   2.4507533e-01
   4.9537000e-01
   6.1967632e-01
   5.5770266e-01
   3.2259255e-01
   6.1193767e-03
  -2.8150675e-01
  -4.7344487e-01
  -5.4952331e-01
  -5.0051366e-01
  -3.1903664e-01
  -3.4117929e-02
   2.6639635e-01
   4.7431844e-01
   5.2968707e-01
   4.4562647e-01
   2.6941002e-01
   3.7803664e-02
  -2.1798840e-01
  -4.3964312e-01
  -5.4608751e-01
  -4.8810919e-01
  -2.9192170e-01
  -3.7330457e-02
   2.0308051e-01
   3.9211677e-01
   5.0270033e-01
   4.9357323e-01
   3.3561159e-01
   6.0910749e-02
  -2.3456812e-01
  -4.4972592e-01
  -5.3597110e-01
  -4.9573339e-01
  -3.4285104e-01
  -9.0598856e-02
   2.1646407e-01
   4.8310738e-01
   6.0465242e-01
   5.3673796e-01
   3.1880375e-01
   3.0816144e-02
  -2.5849724e-01
  -4.9561727e-01
  -6.1805936e-01
  -5.6352371e-01
  -3.2255953e-01
   2.7319874e-02
   3.5812911e-01
   5.6759852e-01
   6.1851655e-01
   5.1655604e-01
   2.7908783e-01
  -5.4551234e-02
  -3.9505672e-01
  -6.1988463e-01
  -6.4262276e-01
  -4.6826862e-01
  -1.7665254e-01
   1.4044055e-01
   4.1563928e-01
   5.9216764e-01
   6.1008062e-01
   4.3805095e-01
   1.2088393e-01
  -2.2504926e-01
  -4.7955993e-01
  -5.8322506e-01
  -5.3860403e-01
  -3.6884864e-01
  -1.0050050e-01
   2.1134414e-01
   4.6894558e-01
   5.7434962e-01
   4.9540889e-01
   2.8249694e-01
   1.9073006e-02
  -2.3259781e-01
  -4.3338147e-01
  -5.3757432e-01
  -4.9504841e-01
  -2.9785239e-01
  -1.1789502e-02
   2.5721015e-01
   4.3131748e-01
   4.9017733e-01
   4.4122764e-01
   2.8680073e-01
   3.9064948e-02
  -2.4277321e-01
  -4.5854443e-01
  -5.2780804e-01
  -4.4167942e-01
  -2.5007216e-01
  -9.2396639e-03
   2.4142064e-01
   4.5502265e-01
   5.5970214e-01
   4.9456434e-01
   2.6743074e-01
  -3.6890756e-02
  -3.1302367e-01
  -4.9380544e-01
  -5.5389658e-01
  -4.7862299e-01
  -2.6094058e-01
   6.1077096e-02
   3.8439719e-01
   5.8593742e-01
   5.9790921e-01
   4.3738751e-01
   1.6903464e-01
  -1.4207100e-01
  -4.3339653e-01
  -6.2443466e-01
  -6.3251237e-01
  -4.3179793e-01
  -9.1169312e-02
   2.6113973e-01
   5.1436614e-01
   6.1693419e-01
   5.5870127e-01
   3.4517707e-01
   1.1588774e-02
  -3.4892115e-01
  -6.0489841e-01
  -6.5958373e-01
  -5.0893220e-01
  -2.2695210e-01
   9.5647122e-02
   3.8737884e-01
   5.8393273e-01
   6.1801534e-01
   4.5433851e-01
   1.3791881e-01
  -2.1193516e-01
  -4.7125472e-01
  -5.7717414e-01
  -5.3004910e-01
  -3.5325270e-01
  -7.6655275e-02
   2.3940087e-01
   4.9295740e-01
   5.8552263e-01
   4.8850330e-01
   2.5820993e-01
  -1.5731728e-02
  -2.6620338e-01
  -4.5187181e-01
  -5.2904983e-01
  -4.5462165e-01
  -2.3107284e-01
   6.5817496e-02
   3.2464592e-01
   4.6853555e-01
   4.8397723e-01
   3.8937675e-01
   1.9990878e-01
  -6.0658523e-02
  -3.2680529e-01
  -5.0065124e-01
  -5.1289631e-01
  -3.7121122e-01
  -1.4219946e-01
   1.0574180e-01
   3.2870214e-01
   4.8461684e-01
   5.1580389e-01
   3.8206744e-01
   1.1240484e-01
  -1.9390930e-01
  -4.2873999e-01
  -5.3472151e-01
  -5.0608878e-01
  -3.5267822e-01
  -9.0837843e-02
   2.2588058e-01
   4.9275080e-01
   6.0085019e-01
   5.0882794e-01
   2.6442358e-01
  -4.1947065e-02
  -3.3158547e-01
  -5.4454130e-01
  -6.1956614e-01
  -5.0599638e-01
  -2.1411444e-01
   1.5833512e-01
   4.7123725e-01
   6.2305173e-01
   5.8992158e-01
   4.0025970e-01
   9.8646551e-02
  -2.5113021e-01
  -5.4726988e-01
  -6.7396076e-01
  -5.7098815e-01
  -2.8089858e-01
   7.9982817e-02
   3.9552569e-01
   5.9316124e-01
   6.3285815e-01
   4.9133764e-01
   1.8522027e-01
  -1.9633923e-01
  -5.1212076e-01
  -6.4606421e-01
  -5.7088346e-01
  -3.3963393e-01
  -3.0452077e-02
   2.8551543e-01
   5.3270867e-01
   6.2605693e-01
   5.1256403e-01
   2.2452758e-01
  -1.2424281e-01
  -4.0762700e-01
  -5.5376143e-01
  -5.4978793e-01
  -4.0622159e-01
  -1.4507362e-01
   1.7415104e-01
   4.4474153e-01
   5.6095590e-01
   4.8692867e-01
   2.7305911e-01
   5.6297898e-03
  -2.4783778e-01
  -4.4199124e-01
  -5.2778969e-01
  -4.5854530e-01
  -2.3646718e-01
   6.0636652e-02
   3.1903364e-01
   4.6036323e-01
   4.7064105e-01
   3.6911786e-01
   1.7379561e-01
  -8.7073625e-02
  -3.4407935e-01
  -4.9896137e-01
  -4.8668955e-01
  -3.2225747e-01
  -7.9761921e-02
   1.6697351e-01
   3.7195241e-01
   4.9549151e-01
   4.8759721e-01
   3.2004441e-01
   3.4247329e-02
  -2.6276374e-01
  -4.6314231e-01
  -5.1787160e-01
  -4.3508517e-01
  -2.4064545e-01
   3.4824493e-02
   3.2978858e-01
   5.4193568e-01
   5.7623174e-01
   4.1299845e-01
   1.2226102e-01
  -1.8991486e-01
  -4.4048646e-01
  -5.7803278e-01
  -5.6148126e-01
  -3.6758833e-01
  -3.3459082e-02
   3.2632655e-01
   5.7166646e-01
   6.1874419e-01
   4.7379796e-01
   1.9882168e-01
  -1.3403458e-01
  -4.4772843e-01
  -6.4698233e-01
  -6.4247305e-01
  -4.1356070e-01
  -4.2902857e-02
   3.2592521e-01
   5.7135099e-01
   6.3906355e-01
   5.2622080e-01
   2.5575731e-01
  -1.1379282e-01
  -4.6942472e-01
  -6.7349945e-01
  -6.4137586e-01
  -3.9555118e-01
  -4.1581189e-02
   3.0322967e-01
   5.5375787e-01
   6.5077178e-01
   5.5269135e-01
   2.6530782e-01
  -1.2324502e-01
  -4.6490140e-01
  -6.3263383e-01
  -5.8759565e-01
  -3.7382972e-01
  -6.5886781e-02
   2.6190262e-01
   5.2587697e-01
   6.3251432e-01
   5.2430639e-01
   2.3420516e-01
  -1.1993980e-01
  -4.0714552e-01
  -5.5164350e-01
  -5.3895066e-01
  -3.8162259e-01
  -1.0777742e-01
   2.1509259e-01
   4.7476840e-01
   5.6613215e-01
   4.6035468e-01
   2.1834486e-01
  -6.3448495e-02
  -3.1064534e-01
  -4.7654470e-01
  -5.1796260e-01
  -4.0119907e-01
  -1.4506969e-01
   1.5875913e-01
   3.9136338e-01
   4.8005608e-01
   4.2539165e-01
   2.6571842e-01
   3.7733348e-02
  -2.1733862e-01
  -4.2796826e-01
  -5.0729623e-01
  -4.1281380e-01
  -1.8574236e-01
   7.8928861e-02
   2.9846368e-01
   4.3244972e-01
   4.6016177e-01
   3.5971283e-01
   1.3265963e-01
  -1.5786851e-01
  -3.9968040e-01
  -4.9923082e-01
  -4.3694479e-01
  -2.5624572e-01
  -1.3741683e-02
   2.4256224e-01
   4.5303339e-01
   5.3794600e-01
   4.4041102e-01
   1.8286357e-01
  -1.3278493e-01
  -3.8970729e-01
  -5.1878604e-01
  -5.0321326e-01
  -3.4773140e-01
  -7.3312618e-02
   2.5409527e-01
   5.1727196e-01
   6.0267420e-01
   4.7484512e-01
   1.9476244e-01
  -1.3184730e-01
  -4.1359823e-01
  -5.8508667e-01
  -5.9163462e-01
  -4.0295066e-01
  -5.8143292e-02
   3.1963687e-01
   5.8022242e-01
   6.3252003e-01
   4.8046395e-01
   1.8941582e-01
  -1.6005884e-01
  -4.8039753e-01
  -6.6898275e-01
  -6.3726445e-01
  -3.7438858e-01
   2.2380000e-02
   3.9662194e-01
   6.2092560e-01
   6.4440376e-01
   4.7659718e-01
   1.5914510e-01
  -2.2998006e-01
  -5.6551146e-01
  -7.1148950e-01
  -6.0016443e-01
  -2.8053170e-01
   1.1534527e-01
   4.5277771e-01
   6.4430775e-01
   6.4539054e-01
   4.4353242e-01
   7.9940135e-02
  -3.2786222e-01
  -6.2039804e-01
  -6.8284005e-01
  -5.0862755e-01
  -1.8352676e-01
   1.7997983e-01
   4.8541795e-01
   6.5099504e-01
   6.1090715e-01
   3.5426390e-01
  -3.5608308e-02
  -4.0473942e-01
  -6.1350189e-01
  -6.0822408e-01
  -4.2038787e-01
  -1.1853757e-01
   2.2023523e-01
   5.0279059e-01
   6.2511872e-01
   5.2377142e-01
   2.3211840e-01
  -1.2725203e-01
  -4.1750683e-01
  -5.5829076e-01
  -5.3354720e-01
  -3.5888683e-01
  -7.0307660e-02
   2.5502815e-01
   4.9898669e-01
   5.5865559e-01
   4.1541312e-01
   1.4407749e-01
  -1.4665036e-01
  -3.7576382e-01
  -4.9797855e-01
  -4.8070547e-01
  -3.0858722e-01
  -2.0995103e-02
   2.7602028e-01
   4.6216017e-01
   4.7764097e-01
   3.4567610e-01
   1.2970220e-01
  -1.1338222e-01
  -3.3335060e-01
  -4.6534237e-01
  -4.4510973e-01
  -2.6254438e-01
   1.0312409e-02
   2.6072495e-01
   4.0758189e-01
   4.3080351e-01
   3.4274846e-01
   1.5828821e-01
  -9.1484479e-02
  -3.3176436e-01
  -4.6272110e-01
  -4.2479010e-01
  -2.4284878e-01
  -1.4707547e-04
   2.2432965e-01
   3.8451704e-01
   4.4725715e-01
   3.7749625e-01
   1.6854183e-01
  -1.1805892e-01
  -3.6700882e-01
  -4.7975600e-01
  -4.3149655e-01
  -2.6143840e-01
  -2.4733987e-02
   2.2823398e-01
   4.3330256e-01
   5.0814869e-01
   3.9833032e-01
   1.3294226e-01
  -1.7928259e-01
  -4.1840507e-01
  -5.1736559e-01
  -4.6623980e-01
  -2.8054187e-01
   6.2343955e-03
   3.1848692e-01
   5.3811204e-01
   5.6261856e-01
   3.7677420e-01
   6.3329533e-02
  -2.5686646e-01
  -4.8926342e-01
  -5.7903714e-01
  -4.9447067e-01
  -2.3537974e-01
   1.3153538e-01
   4.6951900e-01
   6.3631326e-01
   5.6914668e-01
   3.1126660e-01
  -3.4807770e-02
  -3.6555338e-01
  -5.9290626e-01
  -6.3892065e-01
  -4.5985401e-01
  -9.6132516e-02
   3.1585650e-01
   6.0842497e-01
   6.7620447e-01
   5.1694834e-01
   2.0003518e-01
  -1.8064508e-01
  -5.1995409e-01
  -7.0208474e-01
  -6.3760226e-01
  -3.2884768e-01
   1.0560628e-01
   4.8984437e-01
   6.8712564e-01
   6.5127532e-01
   4.1002191e-01
   3.1988514e-02
  -3.7807102e-01
  -6.7992107e-01
  -7.4339946e-01
  -5.2769740e-01
  -1.2028983e-01
   3.1164067e-01
   6.1489400e-01
   7.0725940e-01
   5.7311797e-01
   2.4521367e-01
  -1.8795583e-01
  -5.7747784e-01
  -7.6281431e-01
  -6.6154978e-01
  -3.2238293e-01
   1.1044793e-01
   4.8317515e-01
   6.8976104e-01
   6.7570251e-01
   4.3317048e-01
   2.2242398e-02
  -4.1494304e-01
  -7.0096724e-01
  -7.1882285e-01
  -4.7667755e-01
  -8.5994695e-02
   3.1338846e-01
   6.0582842e-01
   7.0708934e-01
   5.6982539e-01
   2.1839948e-01
  -2.2489912e-01
  -5.8013367e-01
  -7.0647787e-01
  -5.7514698e-01
  -2.6008614e-01
   1.2415923e-01
   4.6639426e-01
   6.6460617e-01
   6.3776601e-01
   3.7233344e-01
  -3.8619025e-02
  -4.2591307e-01
  -6.3753260e-01
  -6.1544078e-01
  -3.9628160e-01
  -6.2062923e-02
   2.9261926e-01
   5.6083401e-01
   6.3705009e-01
   4.7224580e-01
   1.2519826e-01
  -2.5642923e-01
  -5.2213021e-01
  -5.9490730e-01
  -4.7851184e-01
  -2.1951551e-01
   1.1320203e-01
   4.1992950e-01
   5.8160148e-01
   5.1977633e-01
   2.5807884e-01
  -8.4737135e-02
  -3.7099339e-01
  -5.1605140e-01
  -4.9821659e-01
  -3.2970150e-01
  -4.8094918e-02
   2.6433564e-01
   4.8629426e-01
   5.1840947e-01
   3.5195538e-01
   7.3006686e-02
  -2.0254056e-01
  -3.9339410e-01
  -4.6162655e-01
  -3.8938363e-01
  -1.8092390e-01
   1.0651226e-01
   3.5983992e-01
   4.6842436e-01
   3.9676503e-01
   1.9788426e-01
  -4.0207450e-02
  -2.4920473e-01
  -3.8474255e-01
  -4.0546185e-01
  -2.8339790e-01
  -4.6111184e-02
   2.1024542e-01
   3.7348928e-01
   3.8868165e-01
   2.7824945e-01
   9.9120520e-02
  -1.0104325e-01
  -2.8083406e-01
  -3.8323932e-01
  -3.5168241e-01
  -1.8223189e-01
   5.2410097e-02
   2.4739837e-01
   3.3648271e-01
   3.1604988e-01
   2.1140118e-01
   4.4181014e-02
  -1.5542040e-01
  -3.2296744e-01
  -3.7861417e-01
  -2.8758589e-01
  -9.4947385e-02
   1.0927102e-01
   2.5561069e-01
   3.2030951e-01
   2.9870401e-01
   1.8334590e-01
  -1.3450153e-02
  -2.2768145e-01
  -3.6252525e-01
  -3.5492589e-01
  -2.2031712e-01
  -2.8145479e-02
   1.5638110e-01
   2.9586365e-01
   3.5898245e-01
   3.0820783e-01
   1.3312429e-01
  -1.0964271e-01
  -3.1285339e-01
  -3.8905434e-01
  -3.2394496e-01
  -1.6241031e-01
   4.0977015e-02
   2.4169122e-01
   3.8611216e-01
   4.0735290e-01
   2.6918629e-01
   1.5138440e-02
  -2.4342989e-01
  -3.9931346e-01
  -4.0987616e-01
  -2.9317123e-01
  -8.8072265e-02
   1.5978686e-01
   3.7932597e-01
   4.7629050e-01
   3.8714719e-01
   1.3794900e-01
  -1.6147301e-01
  -3.8907597e-01
  -4.7635911e-01
  -4.1376461e-01
  -2.2079332e-01
   6.1015984e-02
   3.4798575e-01
   5.2131154e-01
   4.8998379e-01
   2.5955576e-01
  -6.6421535e-02
  -3.5583168e-01
  -5.1741683e-01
  -5.1441467e-01
  -3.4459182e-01
  -4.1170218e-02
   3.0412021e-01
   5.5118477e-01
   5.8239998e-01
   3.8104655e-01
   4.0682939e-02
  -3.0079530e-01
  -5.3272552e-01
  -5.9240175e-01
  -4.5464375e-01
  -1.4116780e-01
   2.5223311e-01
   5.6754330e-01
   6.6211487e-01
   4.9626645e-01
   1.5091064e-01
  -2.3390105e-01
  -5.3139175e-01
  -6.5472520e-01
  -5.5551943e-01
  -2.4181328e-01
   1.8980925e-01
   5.6660968e-01
   7.2293072e-01
   5.9630119e-01
   2.5332254e-01
  -1.6665584e-01
  -5.2375630e-01
  -7.0912572e-01
  -6.5168870e-01
  -3.4458719e-01
   1.1726941e-01
   5.4923447e-01
   7.6481852e-01
   6.7956903e-01
   3.4498342e-01
  -1.0235748e-01
  -5.1206055e-01
  -7.5545462e-01
  -7.3984338e-01
  -4.4309227e-01
   4.3211634e-02
   5.2481734e-01
   7.9654829e-01
   7.5322517e-01
   4.3120278e-01
  -3.6986378e-02
  -4.9248278e-01
  -7.8889790e-01
  -8.1335543e-01
  -5.2876015e-01
  -2.2497231e-02
   5.0331796e-01
   8.2680729e-01
   8.2361648e-01
   5.1556194e-01
   3.0602996e-02
  -4.6538519e-01
  -8.1016401e-01
  -8.7232259e-01
  -6.0067724e-01
  -7.8228084e-02
   4.8620737e-01
   8.5578776e-01
   8.8870771e-01
   5.9337586e-01
   9.3342237e-02
  -4.3935052e-01
  -8.2817769e-01
  -9.2493632e-01
  -6.6567819e-01
  -1.2946805e-01
   4.6875902e-01
   8.7862539e-01
   9.4266279e-01
   6.5741223e-01
   1.4277570e-01
  -4.2332361e-01
  -8.5132074e-01
  -9.7800287e-01
  -7.2835985e-01
  -1.7854536e-01
   4.5041376e-01
   8.9568935e-01
   9.8593161e-01
   7.0767179e-01
   1.7843732e-01
  -4.1774786e-01
  -8.7921623e-01
  -1.0295334e+00
  -7.8464571e-01
  -2.1932558e-01
   4.3882824e-01
   9.1530147e-01
   1.0266196e+00
   7.5143318e-01
   2.0662316e-01
  -4.1700535e-01
  -9.0632933e-01
  -1.0734661e+00
  -8.2759605e-01
  -2.4406693e-01
   4.4204398e-01
   9.4503899e-01
   1.0710768e+00
   7.9331491e-01
   2.3013026e-01
  -4.1980055e-01
  -9.3229326e-01
  -1.1097825e+00
  -8.5718836e-01
  -2.5275293e-01
   4.5971453e-01
   9.8364502e-01
   1.1166291e+00
   8.2897399e-01
   2.4306171e-01
  -4.3313351e-01
  -9.6458359e-01
  -1.1458499e+00
  -8.8033491e-01
  -2.5182166e-01
   4.8561380e-01
   1.0247216e+00
   1.1564066e+00
   8.5101860e-01
   2.3776304e-01
  -4.6442302e-01
  -1.0098155e+00
  -1.1870403e+00
  -9.0099741e-01
  -2.4396272e-01
   5.1797209e-01
   1.0670276e+00
   1.1894511e+00
   8.5878873e-01
   2.1414805e-01
  -5.1276447e-01
  -1.0657205e+00
  -1.2295651e+00
  -9.1401630e-01
  -2.2306227e-01
   5.6332106e-01
   1.1170539e+00
   1.2219950e+00
   8.5834236e-01
   1.7841265e-01
  -5.7145811e-01
  -1.1248811e+00
  -1.2653757e+00
  -9.1112103e-01
  -1.8124452e-01
   6.2852855e-01
   1.1802709e+00
   1.2580827e+00
   8.5261982e-01
   1.3291222e-01
  -6.3825979e-01
  -1.1849642e+00
  -1.2922395e+00
  -8.9071123e-01
  -1.1821277e-01
   7.1205312e-01
   1.2531395e+00
   1.2924901e+00
   8.3540677e-01
   7.1267701e-02
  -7.1906827e-01
  -1.2511707e+00
  -1.3149459e+00
  -8.5781984e-01
  -3.9970310e-02
   8.0646592e-01
   1.3268701e+00
   1.3156956e+00
   7.9745558e-01
  -1.4464600e-02
  -8.1984974e-01
  -1.3274243e+00
  -1.3359348e+00
  -8.1434692e-01
   5.1197169e-02
   9.0859789e-01
   1.3975860e+00
   1.3239383e+00
   7.3629309e-01
  -1.2441044e-01
  -9.3787452e-01
  -1.4084208e+00
  -1.3483256e+00
  -7.5318831e-01
   1.6142758e-01
   1.0230608e+00
   1.4686652e+00
   1.3203859e+00
   6.5620036e-01
  -2.5212144e-01
  -1.0642290e+00
  -1.4834349e+00
  -1.3410007e+00
  -6.6451352e-01
   2.9795697e-01
   1.1540651e+00
   1.5419044e+00
   1.3058240e+00
   5.5856739e-01
  -3.9446134e-01
  -1.1938712e+00
  -1.5464631e+00
  -1.3087127e+00
  -5.4565707e-01
   4.5967143e-01
   1.2966600e+00
   1.6096666e+00
   1.2718708e+00
   4.3624797e-01
  -5.5610553e-01
  -1.3290188e+00
  -1.5985312e+00
  -1.2532999e+00
  -4.0117882e-01
   6.3830294e-01
   1.4392821e+00
   1.6588262e+00
   1.2062701e+00
   2.8005811e-01
  -7.4205693e-01
  -1.4709237e+00
  -1.6389388e+00
  -1.1745450e+00
  -2.3340217e-01
   8.2819357e-01
   1.5737998e+00
   1.6810123e+00
   1.1031611e+00
   8.8809401e-02
  -9.4815684e-01
  -1.6112156e+00
  -1.6576448e+00
  -1.0636926e+00
  -3.7044945e-02
   1.0306325e+00
   1.6988927e+00
   1.6750372e+00
   9.6446600e-01
  -1.3051166e-01
  -1.1622990e+00
  -1.7346348e+00
  -1.6395195e+00
  -9.0907572e-01
   1.9404054e-01
   1.2463069e+00
   1.8119559e+00
   1.6384073e+00
   7.9103486e-01
  -3.7202262e-01
  -1.3741962e+00
  -1.8292672e+00
  -1.5748859e+00
  -7.0665664e-01
   4.5672030e-01
   1.4659312e+00
   1.9007768e+00
   1.5601497e+00
   5.7656025e-01
  -6.3610098e-01
  -1.5797534e+00
  -1.8901709e+00
  -1.4622776e+00
  -4.6165726e-01
   7.3838313e-01
   1.6717189e+00
   1.9467327e+00
   1.4255773e+00
   3.1357512e-01
  -9.2255353e-01
  -1.7737393e+00
  -1.9117152e+00
  -1.3004111e+00
  -1.7998938e-01
   1.0262418e+00
   1.8474826e+00
   1.9355377e+00
   1.2273029e+00
   4.2142730e-03
  -1.2206208e+00
  -1.9409088e+00
  -1.8799213e+00
  -1.0815977e+00
   1.3754659e-01
   1.3126085e+00
   1.9834644e+00
   1.8614513e+00
   9.6842840e-01
  -3.3809699e-01
  -1.5091682e+00
  -2.0581934e+00
  -1.7764481e+00
  -7.9706396e-01
   4.8915964e-01
   1.5884502e+00
   2.0697185e+00
   1.7203487e+00
   6.5494693e-01
  -6.9728778e-01
  -1.7665604e+00
  -2.1056481e+00
  -1.5901071e+00
  -4.4831766e-01
   8.6154988e-01
   1.8341677e+00
   2.0882515e+00
   1.5029214e+00
   2.8951059e-01
  -1.0607333e+00
  -1.9767441e+00
  -2.0722512e+00
  -1.3217633e+00
  -5.0412730e-02
   1.2288505e+00
   2.0209145e+00
   2.0164088e+00
   1.1994509e+00
  -1.2319253e-01
  -1.4138548e+00
  -2.1239716e+00
  -1.9504209e+00
  -9.7800407e-01
   3.7587454e-01
   1.5622657e+00
   2.1218433e+00
   1.8390006e+00
   8.1179538e-01
  -5.6554532e-01
  -1.7308645e+00
  -2.1851394e+00
  -1.7293766e+00
  -5.6470933e-01
   8.1092325e-01
   1.8375596e+00
   2.1197367e+00
   1.5551129e+00
   3.5827835e-01
  -1.0048391e+00
  -1.9755044e+00
  -2.1328891e+00
  -1.3995598e+00
  -9.1672450e-02
   1.2321834e+00
   2.0315497e+00
   2.0034147e+00
   1.1733485e+00
  -1.3324155e-01
  -1.4028258e+00
  -2.1128509e+00
  -1.9485491e+00
  -9.6524020e-01
   4.1640536e-01
   1.6053842e+00
   2.1152156e+00
   1.7617086e+00
   7.0538467e-01
  -6.3315681e-01
  -1.7249549e+00
  -2.1191606e+00
  -1.6310773e+00
  -4.5095683e-01
   9.1701389e-01
   1.8852162e+00
   2.0569792e+00
   1.3877296e+00
   1.6966602e-01
  -1.1078416e+00
  -1.9392818e+00
  -1.9807068e+00
  -1.1941037e+00
   1.0466957e-01
   1.3597334e+00
   2.0281818e+00
   1.8367362e+00
   8.9196868e-01
  -3.9804335e-01
  -1.5121220e+00
  -2.0111164e+00
  -1.6888297e+00
  -6.5947088e-01
   6.5806785e-01
   1.6978636e+00
   2.0051844e+00
   1.4570675e+00
   3.0992656e-01
  -9.4177271e-01
  -1.7907473e+00
  -1.9070677e+00
  -1.2441114e+00
  -5.9485282e-02
   1.1611521e+00
   1.8906515e+00
   1.8033403e+00
   9.4204510e-01
  -3.0392555e-01
  -1.3964585e+00
  -1.8930073e+00
  -1.6103638e+00
  -6.6948597e-01
   5.5401206e-01
   1.5562705e+00
   1.9004039e+00
   1.4223736e+00
   3.3028298e-01
  -8.8759832e-01
  -1.7029802e+00
  -1.7886225e+00
  -1.1341230e+00
  -1.8101618e-02
   1.1081131e+00
   1.7796402e+00
   1.6977979e+00
   8.7829269e-01
  -3.2541650e-01
  -1.3761643e+00
  -1.8148058e+00
  -1.4728034e+00
  -5.2123905e-01
   6.3391054e-01
   1.5225658e+00
   1.7785217e+00
   1.2782531e+00
   2.1525863e-01
  -9.5227852e-01
  -1.7008214e+00
  -1.6983609e+00
  -9.6361546e-01
   1.6441912e-01
   1.2029365e+00
   1.7294978e+00
   1.5306046e+00
   6.7619173e-01
  -4.8827249e-01
  -1.4594204e+00
  -1.7955532e+00
  -1.3395210e+00
  -3.0373146e-01
   8.4313878e-01
   1.6085798e+00
   1.6853735e+00
   1.0516965e+00
  -3.5891755e-02
  -1.1303300e+00
  -1.7559369e+00
  -1.6171669e+00
  -7.5966028e-01
   4.3150047e-01
   1.4195649e+00
   1.7785366e+00
   1.3745775e+00
   3.9228701e-01
  -7.6080116e-01
  -1.6074032e+00
  -1.7762957e+00
  -1.1671632e+00
  -2.8215738e-02
   1.1329083e+00
   1.7904292e+00
   1.6590471e+00
   8.1545878e-01
  -3.6578042e-01
  -1.3898564e+00
  -1.8332400e+00
  -1.4973102e+00
  -4.9953469e-01
   7.4275371e-01
   1.6750670e+00
   1.8682930e+00
   1.2364592e+00
   7.2545282e-02
  -1.1092779e+00
  -1.8122235e+00
  -1.7501828e+00
  -9.4276349e-01
   2.8754684e-01
   1.4206672e+00
   1.9470707e+00
   1.6119268e+00
   5.5802066e-01
  -7.3759318e-01
  -1.7017485e+00
  -1.9302104e+00
  -1.3416860e+00
  -1.8453318e-01
   1.0654156e+00
   1.8774453e+00
   1.8798384e+00
   1.0450788e+00
  -2.6575940e-01
  -1.4617571e+00
  -2.0107734e+00
  -1.6875941e+00
  -6.5066085e-01
   6.5547831e-01
   1.6882768e+00
   2.0098226e+00
   1.4613444e+00
   2.5619171e-01
  -1.0810159e+00
  -1.9453773e+00
  -1.9475419e+00
  -1.1003289e+00
   2.0825845e-01
   1.4132276e+00
   2.0141699e+00
   1.7605120e+00
   7.4492112e-01
  -6.1354301e-01
  -1.7209473e+00
  -2.0709664e+00
  -1.4985970e+00
  -2.6895948e-01
   1.0605033e+00
   1.9132752e+00
   1.9413888e+00
   1.1446844e+00
  -1.4526330e-01
  -1.3871878e+00
  -2.0363035e+00
  -1.7863909e+00
  -7.3635030e-01
   6.3702336e-01
   1.7106483e+00
   2.0183143e+00
   1.4506892e+00
   2.7003906e-01
  -1.0215039e+00
  -1.8798570e+00
  -1.9275386e+00
  -1.1230046e+00
   1.8918495e-01
   1.4144831e+00
   1.9929889e+00
   1.6757712e+00
   6.2954006e-01
  -6.7057510e-01
  -1.6674045e+00
  -1.9449728e+00
  -1.3814383e+00
  -2.0594364e-01
   1.0712027e+00
   1.8689554e+00
   1.8153687e+00
   9.4147700e-01
  -3.3797577e-01
  -1.4422398e+00
  -1.8986947e+00
  -1.5295568e+00
  -4.9980604e-01
   7.5322611e-01
   1.6828120e+00
   1.8605924e+00
   1.1895929e+00
  -2.3764456e-02
  -1.2118270e+00
  -1.8323760e+00
  -1.6266121e+00
  -7.1136702e-01
   5.0401325e-01
   1.4974190e+00
   1.8357081e+00
   1.3529330e+00
   2.4696552e-01
  -9.8022234e-01
  -1.7528960e+00
  -1.7129379e+00
  -8.9639822e-01
   3.0583158e-01
   1.3540325e+00
   1.7985598e+00
   1.4501910e+00
   4.4998271e-01
  -7.7143359e-01
  -1.6585037e+00
  -1.7862491e+00
  -1.0850827e+00
   1.1163457e-01
   1.2406218e+00
   1.7928807e+00
   1.5397926e+00
   6.0500655e-01
  -6.0597611e-01
  -1.5657904e+00
  -1.8343954e+00
  -1.2637754e+00
  -9.8793157e-02
   1.1169645e+00
   1.8097216e+00
   1.6655062e+00
   7.6919682e-01
  -4.6458692e-01
  -1.4934206e+00
  -1.8697145e+00
  -1.4150428e+00
  -3.0760036e-01
   9.6417310e-01
   1.8065387e+00
   1.8128359e+00
   9.7891466e-01
  -2.9755172e-01
  -1.4279932e+00
  -1.9144362e+00
  -1.5530834e+00
  -4.9912722e-01
   7.9664998e-01
   1.7583394e+00
   1.9306777e+00
   1.2098070e+00
  -7.8086616e-02
  -1.3276392e+00
  -1.9604147e+00
  -1.7028839e+00
  -6.8890822e-01
   6.2856668e-01
   1.6766666e+00
   1.9896155e+00
   1.4056529e+00
   1.6503812e-01
  -1.1680406e+00
  -1.9656124e+00
  -1.8535443e+00
  -8.9736954e-01
   4.4946554e-01
   1.5800143e+00
   2.0041713e+00
   1.5391043e+00
   3.7792240e-01
  -9.7421452e-01
  -1.8999448e+00
  -1.9554366e+00
  -1.1049745e+00
   2.4751997e-01
   1.4654115e+00
   1.9985428e+00
   1.6287041e+00
   5.3643856e-01
  -7.9647907e-01
  -1.7837623e+00
  -1.9728468e+00
  -1.2563207e+00
   4.7145577e-02
   1.3241669e+00
   1.9707196e+00
   1.6975548e+00
   6.5669103e-01
  -6.6166147e-01
  -1.6694358e+00
  -1.9273512e+00
  -1.3167496e+00
  -9.8190954e-02
   1.1770614e+00
   1.9064510e+00
   1.7365193e+00
   7.5385074e-01
  -5.6142476e-01
  -1.5905113e+00
  -1.8765980e+00
  -1.3120495e+00
  -1.5794646e-01
   1.0725914e+00
   1.8203545e+00
   1.7244154e+00
   8.1196657e-01
  -4.8636598e-01
  -1.5426783e+00
  -1.8561258e+00
  -1.3000873e+00
  -1.5716549e-01
   1.0419882e+00
   1.7609250e+00
   1.6753242e+00
   8.0960204e-01
  -4.5146099e-01
  -1.5137420e+00
  -1.8569534e+00
  -1.3102379e+00
  -1.4677637e-01
   1.0670274e+00
   1.7653538e+00
   1.6426561e+00
   7.6522675e-01
  -4.7340291e-01
  -1.5129305e+00
  -1.8600934e+00
  -1.3261790e+00
  -1.4897837e-01
   1.1031130e+00
   1.8203890e+00
   1.6669994e+00
   7.3431661e-01
  -5.3233047e-01
  -1.5555282e+00
  -1.8730974e+00
  -1.3273191e+00
  -1.4655477e-01
   1.1277231e+00
   1.8797100e+00
   1.7320456e+00
   7.5330202e-01
  -5.7763740e-01
  -1.6267638e+00
  -1.9162050e+00
  -1.3260614e+00
  -1.2403766e-01
   1.1523173e+00
   1.9143940e+00
   1.7847582e+00
   7.9922658e-01
  -5.7925078e-01
  -1.6820028e+00
  -1.9801480e+00
  -1.3476270e+00
  -9.8356595e-02
   1.1881674e+00
   1.9320764e+00
   1.7930877e+00
   8.1703009e-01
  -5.6091638e-01
  -1.6909925e+00
  -2.0195638e+00
  -1.3817120e+00
  -9.3347197e-02
   1.2202721e+00
   1.9467187e+00
   1.7683575e+00
   7.7955638e-01
  -5.7162804e-01
  -1.6707063e+00
  -1.9974968e+00
  -1.3769494e+00
  -9.3480271e-02
   1.2296963e+00
   1.9485067e+00
   1.7303929e+00
   7.0470314e-01
  -6.3155996e-01
  -1.6633629e+00
  -1.9251841e+00
  -1.2924126e+00
  -4.5350341e-02
   1.2326643e+00
   1.9188748e+00
   1.6702244e+00
   6.1374235e-01
  -7.2129617e-01
  -1.6883935e+00
  -1.8456866e+00
  -1.1422776e+00
   8.6960629e-02
   1.2762161e+00
   1.8675358e+00
   1.5637415e+00
   4.9347877e-01
  -8.2307747e-01
  -1.7303174e+00
  -1.7837565e+00
  -9.7662290e-01
   2.8098146e-01
   1.3876678e+00
   1.8338449e+00
   1.4149230e+00
   3.1633880e-01
  -9.5196425e-01
  -1.7730016e+00
  -1.7265312e+00
  -8.2414928e-01
   4.8208280e-01
   1.5407359e+00
   1.8433168e+00
   1.2640222e+00
   8.9752373e-02
  -1.1305139e+00
  -1.8264346e+00
  -1.6540892e+00
  -6.6987546e-01
   6.6289410e-01
   1.6830011e+00
   1.8742197e+00
   1.1438749e+00
  -1.3672471e-01
  -1.3415993e+00
  -1.9047939e+00
  -1.5705227e+00
  -4.9056290e-01
   8.4027394e-01
   1.7894453e+00
   1.8786196e+00
   1.0397339e+00
  -3.2201508e-01
  -1.5283745e+00
  -1.9866344e+00
  -1.4895489e+00
  -2.9312297e-01
   1.0331219e+00
   1.8732847e+00
   1.8302424e+00
   9.0504278e-01
  -4.7836630e-01
  -1.6487460e+00
  -2.0178756e+00
  -1.3969604e+00
  -1.0167853e-01
   1.2235649e+00
   1.9445655e+00
   1.7371118e+00
   7.1178054e-01
  -6.5257489e-01
  -1.7165448e+00
  -1.9617127e+00
  -1.2481836e+00
   8.6062476e-02
   1.3764551e+00
   1.9783689e+00
   1.6075385e+00
   4.7055789e-01
  -8.6848900e-01
  -1.7760029e+00
  -1.8332141e+00
  -1.0115491e+00
   3.0787256e-01
   1.4892415e+00
   1.9398486e+00
   1.4230415e+00
   2.0044854e-01
  -1.1040919e+00
  -1.8425868e+00
  -1.6731464e+00
  -7.0287834e-01
   5.9337128e-01
   1.6001555e+00
   1.8322846e+00
   1.1603373e+00
  -1.0231276e-01
  -1.3268191e+00
  -1.8859563e+00
  -1.4952587e+00
  -3.6606372e-01
   9.2273838e-01
   1.7380887e+00
   1.6987552e+00
   8.3245774e-01
  -4.4981053e-01
  -1.5325175e+00
  -1.8725936e+00
  -1.2758518e+00
  -2.6147044e-02
   1.2412102e+00
   1.8773218e+00
   1.5688992e+00
   4.8787427e-01
  -8.2359802e-01
  -1.7328209e+00
  -1.8057826e+00
  -9.9604023e-01
   3.2297096e-01
   1.5090526e+00
   1.9558847e+00
   1.4180907e+00
   1.6214739e-01
  -1.1704063e+00
  -1.9109270e+00
  -1.7072003e+00
  -6.7514432e-01
   6.8382333e-01
   1.7220086e+00
   1.9335782e+00
   1.1931813e+00
  -1.5629693e-01
  -1.4444887e+00
  -2.0117030e+00
  -1.5673791e+00
  -3.4714013e-01
   1.0270140e+00
   1.8812723e+00
   1.8161425e+00
   8.7263862e-01
  -5.0007936e-01
  -1.6428137e+00
  -1.9856224e+00
  -1.3376021e+00
  -1.3107898e-02
   1.3123497e+00
   1.9619851e+00
   1.6210305e+00
   4.8512049e-01
  -8.6976460e-01
  -1.7869375e+00
  -1.8319001e+00
  -9.8098164e-01
   3.6064356e-01
   1.5305597e+00
   1.9282836e+00
   1.3392218e+00
   6.8005457e-02
  -1.2227718e+00
  -1.8770590e+00
  -1.5864132e+00
  -5.1982986e-01
   7.8921158e-01
   1.7041888e+00
   1.7743199e+00
   9.4918868e-01
  -3.7214370e-01
  -1.5157606e+00
  -1.8806172e+00
  -1.2736671e+00
  -1.9524131e-02
   1.2275092e+00
   1.8409874e+00
   1.5318105e+00
   4.6364714e-01
  -8.4079795e-01
  -1.7393944e+00
  -1.7688538e+00
  -8.8797669e-01
   4.6824064e-01
   1.5955478e+00
   1.9008964e+00
   1.2305773e+00
  -5.7623602e-02
  -1.3051172e+00
  -1.8967159e+00
  -1.5482939e+00
  -4.2566576e-01
   9.2926258e-01
   1.8394960e+00
   1.8236273e+00
   8.6519469e-01
  -5.4994587e-01
  -1.6853111e+00
  -1.9573113e+00
  -1.2429394e+00
   8.0750311e-02
   1.3524939e+00
   1.9525182e+00
   1.5844877e+00
   4.1460316e-01
  -9.8692587e-01
  -1.9068022e+00
  -1.8572748e+00
  -8.5491017e-01
   5.7576400e-01
   1.6920834e+00
   1.9360800e+00
   1.2091241e+00
  -1.1006805e-01
  -1.3695524e+00
  -1.9507453e+00
  -1.5555449e+00
  -3.6499036e-01
   1.0221346e+00
   1.8830544e+00
   1.7633881e+00
   7.3444547e-01
  -6.5241117e-01
  -1.6797436e+00
  -1.8422051e+00
  -1.0797546e+00
   2.1938749e-01
   1.4105825e+00
   1.8920821e+00
   1.4019253e+00
   1.7603445e-01
  -1.1472837e+00
  -1.8639613e+00
  -1.5978036e+00
  -5.0526625e-01
   8.2974086e-01
   1.7232648e+00
   1.7359559e+00
   8.6861641e-01
  -4.4891689e-01
  -1.5546467e+00
  -1.8697427e+00
  -1.2062789e+00
   1.0300057e-01
   1.3640014e+00
   1.9037436e+00
   1.4450489e+00
   2.4327113e-01
  -1.0750397e+00
  -1.8457812e+00
  -1.6860996e+00
  -6.6751415e-01
   7.1042399e-01
   1.7448686e+00
   1.8811067e+00
   1.0248148e+00
  -3.8066676e-01
  -1.5894371e+00
  -1.9686374e+00
  -1.3368613e+00
  -3.4893259e-02
   1.2746299e+00
   1.9397297e+00
   1.6241136e+00
   4.7060449e-01
  -9.4669446e-01
  -1.8915455e+00
  -1.8538035e+00
  -8.4456730e-01
   5.9808665e-01
   1.7114140e+00
   1.9282285e+00
   1.1614498e+00
  -1.8268040e-01
  -1.4261714e+00
  -1.9457551e+00
  -1.4691897e+00
  -2.2402368e-01
   1.1499742e+00
   1.9225606e+00
   1.6768144e+00
   5.5104354e-01
  -8.4297292e-01
  -1.7708357e+00
  -1.7691749e+00
  -8.6189511e-01
   4.7954483e-01
   1.5748383e+00
   1.8595026e+00
   1.1690831e+00
  -1.5079332e-01
  -1.4001410e+00
  -1.9005141e+00
  -1.3822666e+00
  -1.3682846e-01
   1.1609190e+00
   1.8331641e+00
   1.5471212e+00
   4.5948802e-01
  -8.7571233e-01
  -1.7733128e+00
  -1.7518229e+00
  -7.9663817e-01
   5.9932974e-01
   1.6830748e+00
   1.8622798e+00
   1.0441493e+00
  -3.2230570e-01
  -1.5117887e+00
  -1.9141434e+00
  -1.3315343e+00
  -5.8814796e-02
   1.2604819e+00
   1.9400160e+00
   1.6013500e+00
   3.9941814e-01
  -1.0309549e+00
  -1.9161527e+00
  -1.7815847e+00
  -7.1268813e-01
   7.1329529e-01
   1.7554042e+00
   1.8892074e+00
   1.0515453e+00
  -3.3606391e-01
  -1.5637141e+00
  -1.9805054e+00
  -1.3459002e+00
   1.2477327e-02
   1.3612122e+00
   1.9725636e+00
   1.5336644e+00
   3.0190759e-01
  -1.0631141e+00
  -1.8590014e+00
  -1.6868754e+00
  -6.3580144e-01
   7.5664930e-01
   1.7589989e+00
   1.8236370e+00
   9.0157804e-01
  -5.0709226e-01
  -1.6290885e+00
  -1.8608550e+00
  -1.0998147e+00
   2.2649604e-01
   1.4145703e+00
   1.8516017e+00
   1.3116665e+00
   6.6317435e-02
  -1.2356289e+00
  -1.8895434e+00
  -1.5213450e+00
  -3.1956602e-01
   1.0544407e+00
   1.8447699e+00
   1.6314549e+00
   5.4757518e-01
  -8.2125275e-01
  -1.7591950e+00
  -1.7786369e+00
  -8.5734229e-01
   5.3815356e-01
   1.6692646e+00
   1.9101602e+00
   1.1088302e+00
  -3.0387105e-01
  -1.5518256e+00
  -1.9590459e+00
  -1.3219324e+00
   4.9895857e-03
   1.3221636e+00
   1.9487505e+00
   1.5557167e+00
   3.3289221e-01
  -1.0863088e+00
  -1.9374958e+00
  -1.7433950e+00
  -6.0064262e-01
   8.6170495e-01
   1.8437861e+00
   1.8285188e+00
   8.4897271e-01
  -5.6100671e-01
  -1.6634796e+00
  -1.8875179e+00
  -1.1099767e+00
   2.6997347e-01
   1.5154964e+00
   1.9393437e+00
   1.2986063e+00
  -5.0275097e-02
  -1.3544945e+00
  -1.9030652e+00
  -1.4205756e+00
  -1.9031796e-01
   1.1251345e+00
   1.8339666e+00
   1.5592898e+00
   4.3374324e-01
  -9.4773246e-01
  -1.8260869e+00
  -1.7003280e+00
  -6.3127974e-01
   7.8117890e-01
   1.7488540e+00
   1.7492173e+00
   8.0124504e-01
  -5.7420582e-01
  -1.6460616e+00
  -1.8456678e+00
  -1.0525003e+00
   3.2846610e-01
   1.5541725e+00
   1.9375262e+00
   1.2472733e+00
  -1.3897233e-01
  -1.4474547e+00
  -1.9588569e+00
  -1.4094194e+00
  -1.1103751e-01
   1.2412076e+00
   1.9359173e+00
   1.6011115e+00
   3.9805764e-01
  -1.0398642e+00
  -1.9255670e+00
  -1.7556998e+00
  -6.1563424e-01
   8.5717753e-01
   1.8449274e+00
   1.8192825e+00
   8.1894745e-01
  -6.0288679e-01
  -1.6898506e+00
  -1.8697561e+00
  -1.0413860e+00
   3.6148657e-01
   1.5772723e+00
   1.9242233e+00
   1.1982474e+00
  -1.9167080e-01
  -1.4587446e+00
  -1.9015420e+00
  -1.2981322e+00
  -2.0901582e-03
   1.2775501e+00
   1.8571847e+00
   1.4244644e+00
   2.0121479e-01
  -1.1538219e+00
  -1.8838629e+00
  -1.5620388e+00
  -3.5857913e-01
   1.0432056e+00
   1.8489984e+00
   1.6173211e+00
   4.9490684e-01
  -8.9331353e-01
  -1.7973029e+00
  -1.7312960e+00
  -7.1923585e-01
   7.0607087e-01
   1.7646376e+00
   1.8508009e+00
   8.9435938e-01
  -5.7370454e-01
  -1.7224085e+00
  -1.9096437e+00
  -1.0464752e+00
   3.7722308e-01
   1.5859999e+00
   1.9359000e+00
   1.2393465e+00
  -1.3929922e-01
  -1.4586098e+00
  -1.9843723e+00
  -1.4051092e+00
  -3.5003650e-02
   1.3508740e+00
   1.9704106e+00
   1.4913017e+00
   2.0409141e-01
  -1.1703761e+00
  -1.8897747e+00
  -1.5764219e+00
  -4.0146528e-01
   1.0012247e+00
   1.8575462e+00
   1.6750725e+00
   5.4171441e-01
  -9.0003281e-01
  -1.8224666e+00
  -1.7054858e+00
  -6.3544500e-01
   7.6886012e-01
   1.7268925e+00
   1.7231158e+00
   7.6535432e-01
  -6.2768786e-01
  -1.6913167e+00
  -1.8192753e+00
  -9.1483338e-01
   5.2285632e-01
   1.6687190e+00
   1.8594438e+00
   9.9082659e-01
  -4.3197507e-01
  -1.6062326e+00
  -1.8894625e+00
  -1.1352604e+00
   2.4653163e-01
   1.5067460e+00
   1.9448973e+00
   1.2937302e+00
  -1.0379608e-01
  -1.4603852e+00
  -1.9946856e+00
  -1.3997035e+00
  -2.4258454e-02
   1.3466164e+00
   1.9548106e+00
   1.4831437e+00
   2.0256561e-01
  -1.1879683e+00
  -1.9278231e+00
  -1.5969734e+00
  -3.6173679e-01
   1.0887316e+00
   1.9218464e+00
   1.6550702e+00
   4.5060594e-01
  -9.8779010e-01
  -1.8429398e+00
  -1.6535246e+00
  -5.4826253e-01
   8.5196592e-01
   1.7754466e+00
   1.7060339e+00
   6.6689213e-01
  -7.6769887e-01
  -1.7744363e+00
  -1.7590097e+00
  -7.2429594e-01
   7.2255803e-01
   1.7400217e+00
   1.7543879e+00
   7.7618418e-01
  -6.3467695e-01
  -1.6939983e+00
  -1.8135038e+00
  -9.1275651e-01
   5.2211438e-01
   1.6822493e+00
   1.8870935e+00
   9.9785449e-01
  -4.7741096e-01
  -1.6809682e+00
  -1.9222210e+00
  -1.0787923e+00
   3.5761887e-01
   1.5823994e+00
   1.9231404e+00
   1.1911792e+00
  -2.1829270e-01
  -1.5240634e+00
  -1.9782299e+00
  -1.3018195e+00
   1.2615313e-01
   1.4762163e+00
   1.9657442e+00
   1.3276778e+00
  -4.9127649e-02
  -1.3728249e+00
  -1.9083925e+00
  -1.3710486e+00
  -6.4070358e-02
   1.2848231e+00
   1.9099506e+00
   1.4379033e+00
   1.2613715e-01
  -1.2619975e+00
  -1.9067640e+00
  -1.4331288e+00
  -1.3384569e-01
   1.2245092e+00
   1.8661003e+00
   1.4416277e+00
   1.9985227e-01
  -1.1624003e+00
  -1.8754678e+00
  -1.5171589e+00
  -2.6855193e-01
   1.1580505e+00
   1.9205453e+00
   1.5580486e+00
   2.8176837e-01
  -1.1552054e+00
  -1.9201906e+00
  -1.5880302e+00
  -3.6194721e-01
   1.0645172e+00
   1.8937810e+00
   1.6525757e+00
   4.5777477e-01
  -1.0235305e+00
  -1.9331557e+00
  -1.7264482e+00
  -5.1642348e-01
   9.8318491e-01
   1.8941400e+00
   1.7026315e+00
   5.4368457e-01
  -9.0757571e-01
  -1.8332435e+00
  -1.7188523e+00
  -6.2631342e-01
   8.3179197e-01
   1.8171357e+00
   1.7435453e+00
   6.4146487e-01
  -8.3760344e-01
  -1.8113389e+00
  -1.7094514e+00
  -6.1214979e-01
   8.2267429e-01
   1.7658954e+00
   1.6888922e+00
   6.4170109e-01
  -7.8291099e-01
  -1.7689381e+00
  -1.7300263e+00
  -6.6393327e-01
   8.1431332e-01
   1.8225947e+00
   1.7519581e+00
   6.4654328e-01
  -8.3113613e-01
  -1.8148307e+00
  -1.7466288e+00
  -6.7803694e-01
   7.8071098e-01
   1.8028621e+00
   1.7962127e+00
   7.4204943e-01
  -7.6631512e-01
  -1.8445486e+00
  -1.8434858e+00
  -7.5799511e-01
   7.6209237e-01
   1.8159165e+00
   1.7995479e+00
   7.4639989e-01
  -7.2283660e-01
  -1.7699529e+00
  -1.8029251e+00
  -7.9819454e-01
   6.7509272e-01
   1.7589793e+00
   1.8023702e+00
   7.6777018e-01
  -7.2497548e-01
  -1.7752364e+00
  -1.7612507e+00
  -7.1241546e-01
   7.3437678e-01
   1.7331704e+00
   1.7161168e+00
   6.9854741e-01
  -7.3652554e-01
  -1.7562760e+00
  -1.7469779e+00
  -6.8904523e-01
   7.9972590e-01
   1.8207374e+00
   1.7509359e+00
   6.3505589e-01
  -8.5006752e-01
  -1.8231645e+00
  -1.7252618e+00
  -6.2529765e-01
   8.4086120e-01
   1.8317919e+00
   1.7663006e+00
   6.6051281e-01
  -8.5390702e-01
  -1.8779831e+00
  -1.7869070e+00
  -6.2902774e-01
   8.9517719e-01
   1.8717304e+00
   1.7349937e+00
   5.8944895e-01
  -8.8252169e-01
  -1.8309732e+00
  -1.7149561e+00
  -5.9910414e-01
   8.7393957e-01
   1.8352393e+00
   1.6983154e+00
   5.3231707e-01
  -9.5761218e-01
  -1.8623122e+00
  -1.6396685e+00
  -4.4365523e-01
   9.9370559e-01
   1.8216269e+00
   1.5664316e+00
   3.8486086e-01
  -1.0353085e+00
  -1.8596490e+00
  -1.5833495e+00
  -3.4614891e-01
   1.1193661e+00
   1.9176681e+00
   1.5514677e+00
   2.4317831e-01
  -1.2073882e+00
  -1.9288736e+00
  -1.5052573e+00
  -2.0014007e-01
   1.2206452e+00
   1.9323958e+00
   1.5136528e+00
   1.9247499e-01
  -1.2620770e+00
  -1.9753118e+00
  -1.5007591e+00
  -1.1687946e-01
   1.3324497e+00
   1.9676530e+00
   1.4210526e+00
   4.3883884e-02
  -1.3344389e+00
  -1.9094343e+00
  -1.3570005e+00
  -4.2181653e-03
   1.3559075e+00
   1.9113173e+00
   1.3122861e+00
  -9.3217733e-02
  -1.4475675e+00
  -1.9126267e+00
  -1.2046745e+00
   2.2835633e-01
   1.5030268e+00
   1.8559124e+00
   1.0929186e+00
  -3.2209320e-01
  -1.5524681e+00
  -1.8678971e+00
  -1.0644979e+00
   3.9761999e-01
   1.6404810e+00
   1.8917466e+00
   9.7836307e-01
  -5.4428825e-01
  -1.7376920e+00
  -1.8756608e+00
  -8.8966578e-01
   6.1382661e-01
   1.7396327e+00
   1.8308818e+00
   8.3597548e-01
  -6.6534496e-01
  -1.7849746e+00
  -1.8399995e+00
  -7.7728256e-01
   7.6488539e-01
   1.8368114e+00
   1.7776736e+00
   6.3674896e-01
  -8.6998892e-01
  -1.8243750e+00
  -1.6688825e+00
  -5.1813221e-01
   9.3393529e-01
   1.8243407e+00
   1.6166038e+00
   4.2115274e-01
  -1.0463803e+00
  -1.8798011e+00
  -1.5478600e+00
  -2.4862296e-01
   1.2048188e+00
   1.9063507e+00
   1.4325651e+00
   9.0443116e-02
  -1.2977690e+00
  -1.9013742e+00
  -1.3630653e+00
   2.5846475e-03
   1.3860587e+00
   1.9459881e+00
   1.3174460e+00
  -1.3719876e-01
  -1.5252227e+00
  -1.9795363e+00
  -1.2175294e+00
   2.7962440e-01
   1.5853797e+00
   1.9142336e+00
   1.0882320e+00
  -3.8401507e-01
  -1.6235010e+00
  -1.8914769e+00
  -1.0186626e+00
   4.7943258e-01
   1.6892463e+00
   1.8533107e+00
   8.5999303e-01
  -6.6753934e-01
  -1.7676661e+00
  -1.7610132e+00
  -6.7331545e-01
   8.0719618e-01
   1.7757047e+00
   1.6558272e+00
   5.2577306e-01
  -9.3482183e-01
  -1.8376545e+00
  -1.6126170e+00
  -3.7373691e-01
   1.1198873e+00
   1.9259513e+00
   1.5270090e+00
   1.7336624e-01
  -1.2816212e+00
  -1.9359090e+00
  -1.4008860e+00
  -1.6854023e-02
   1.3759595e+00
   1.9411107e+00
   1.3321995e+00
  -9.7644327e-02
  -1.4857508e+00
  -1.9693402e+00
  -1.2302990e+00
   2.7891160e-01
   1.6089497e+00
   1.9256240e+00
   1.0460675e+00
  -4.6207905e-01
  -1.6619725e+00
  -1.8327153e+00
  -8.8885356e-01
   5.8933650e-01
   1.7038384e+00
   1.7672130e+00
   7.2402124e-01
  -7.8921682e-01
  -1.8191405e+00
  -1.7022372e+00
  -5.0775192e-01
   9.9977663e-01
   1.8627749e+00
   1.5492099e+00
   2.7263703e-01
  -1.1684494e+00
  -1.8924009e+00
  -1.4583527e+00
  -1.2187054e-01
   1.3086895e+00
   1.9450713e+00
   1.3679968e+00
  -8.3282943e-02
  -1.4986628e+00
  -1.9758582e+00
  -1.2119940e+00
   3.0146123e-01
   1.6097346e+00
   1.9099536e+00
   1.0379929e+00
  -4.5857526e-01
  -1.6667473e+00
  -1.8510111e+00
  -8.9053192e-01
   6.3313256e-01
   1.7709001e+00
   1.7948479e+00
   6.7926613e-01
  -8.6333787e-01
  -1.8430143e+00
  -1.6428370e+00
  -4.1062622e-01
   1.0607103e+00
   1.8530026e+00
   1.4873393e+00
   1.9673778e-01
  -1.2245371e+00
  -1.8943285e+00
  -1.3776315e+00
   2.4487615e-02
   1.4332603e+00
   1.9398181e+00
   1.2045959e+00
  -3.0551018e-01
  -1.6218330e+00
  -1.9116436e+00
  -1.0076827e+00
   5.1080097e-01
   1.7013362e+00
   1.8367513e+00
   8.3373053e-01
  -6.9833333e-01
  -1.8133326e+00
  -1.8022863e+00
  -6.5280631e-01
   9.1405793e-01
   1.8935978e+00
   1.6568992e+00
   3.6759425e-01
  -1.1360303e+00
  -1.9005201e+00
  -1.4644347e+00
  -1.2300263e-01
   1.2807394e+00
   1.8773052e+00
   1.2930195e+00
  -1.1761319e-01
  -1.4708023e+00
  -1.8942343e+00
  -1.0954133e+00
   4.2223319e-01
   1.6737801e+00
   1.8450900e+00
   8.3240652e-01
  -7.0292574e-01
  -1.7819726e+00
  -1.7344911e+00
  -6.0011075e-01
   9.1492276e-01
   1.8707533e+00
   1.6614265e+00
   3.9668753e-01
  -1.1393143e+00
  -1.9638902e+00
  -1.5332392e+00
  -1.1745555e-01
   1.3661197e+00
   1.9619022e+00
   1.3038597e+00
  -1.6594780e-01
  -1.5084817e+00
  -1.8902732e+00
  -1.0875803e+00
   3.9271744e-01
   1.6240862e+00
   1.8235609e+00
   8.4761065e-01
  -6.9044867e-01
  -1.7932090e+00
  -1.7321334e+00
  -5.4375159e-01
   9.8914179e-01
   1.8656589e+00
   1.5298480e+00
   2.1509791e-01
  -1.2327535e+00
  -1.9012679e+00
  -1.3711204e+00
   3.3072848e-02
   1.4346241e+00
   1.9367703e+00
   1.1943796e+00
  -3.3607036e-01
  -1.6664306e+00
  -1.9231439e+00
  -9.3668892e-01
   6.4442179e-01
   1.7947771e+00
   1.7894432e+00
   6.5485885e-01
  -8.7726500e-01
  -1.8437673e+00
  -1.6418954e+00
  -3.9548897e-01
   1.1118638e+00
   1.9129463e+00
   1.4757958e+00
   7.2145375e-02
  -1.3786809e+00
  -1.9178412e+00
  -1.1953638e+00
   2.9987409e-01
   1.5828962e+00
   1.8304187e+00
   9.0052968e-01
  -6.0299790e-01
  -1.7243925e+00
  -1.7483455e+00
  -6.4457343e-01
   8.9613948e-01
   1.8784893e+00
   1.6431470e+00
   3.2194059e-01
  -1.2246112e+00
  -1.9763764e+00
  -1.4424925e+00
   1.5859951e-02
   1.4439147e+00
   1.9301084e+00
   1.1816184e+00
  -3.1470521e-01
  -1.6109077e+00
  -1.8849630e+00
  -9.5272228e-01
   5.9941253e-01
   1.7668245e+00
   1.7752820e+00
   6.0969195e-01
  -9.5727552e-01
  -1.8830361e+00
  -1.5629507e+00
  -2.2755918e-01
   1.2347457e+00
   1.8776733e+00
   1.3009970e+00
  -1.1604086e-01
  -1.4651232e+00
  -1.8754964e+00
  -1.0639710e+00
   4.6374486e-01
   1.7127157e+00
   1.8446850e+00
   7.5365063e-01
  -8.4230009e-01
  -1.8819259e+00
  -1.6819802e+00
  -3.8807777e-01
   1.1448682e+00
   1.9290650e+00
   1.4739536e+00
   7.8200526e-02
  -1.3680759e+00
  -1.9375479e+00
  -1.2512607e+00
   2.5991231e-01
   1.6090185e+00
   1.8957832e+00
   9.2223664e-01
  -6.5892584e-01
  -1.7879160e+00
  -1.7225385e+00
  -5.2867433e-01
   9.9030894e-01
   1.8423105e+00
   1.4855125e+00
   1.5710482e-01
  -1.2855644e+00
  -1.9030480e+00
  -1.2739844e+00
   2.1094399e-01
   1.5759180e+00
   1.8990729e+00
   9.4778896e-01
  -6.4575413e-01
  -1.8130868e+00
  -1.7810925e+00
  -5.8560139e-01
   9.7663576e-01
   1.8904636e+00
   1.5757211e+00
   2.4118622e-01
  -1.2552283e+00
  -1.9443099e+00
  -1.3641607e+00
   1.2124277e-01
   1.5340776e+00
   1.9251115e+00
   1.0267091e+00
  -5.5190650e-01
  -1.7433009e+00
  -1.7573297e+00
  -6.0719030e-01
   9.2671111e-01
   1.8345236e+00
   1.5330297e+00
   2.2492455e-01
  -1.2382316e+00
  -1.8949816e+00
  -1.2942535e+00
   1.8841238e-01
   1.5700361e+00
   1.9097938e+00
   9.6212329e-01
  -6.3805455e-01
  -1.8093999e+00
  -1.7702153e+00
  -5.6181283e-01
   1.0033894e+00
   1.8990170e+00
   1.5511100e+00
   1.9135639e-01
  -1.2988152e+00
  -1.9464691e+00
  -1.3139440e+00
   1.9592906e-01
   1.5799077e+00
   1.8994972e+00
   9.3219522e-01
  -6.6207813e-01
  -1.7970716e+00
  -1.7141445e+00
  -4.9145994e-01
   1.0356565e+00
   1.8533296e+00
   1.4334189e+00
   5.9419165e-02
  -1.3654744e+00
  -1.8966595e+00
  -1.1628640e+00
   3.6823578e-01
   1.6731010e+00
   1.8549532e+00
   7.7280411e-01
  -8.4220156e-01
  -1.8891339e+00
  -1.6625267e+00
  -3.2886398e-01
   1.2094877e+00
   1.9361149e+00
   1.3859033e+00
  -7.1345639e-02
  -1.4805540e+00
  -1.9140378e+00
  -1.0737237e+00
   4.9468055e-01
   1.7401887e+00
   1.8097944e+00
   6.4765031e-01
  -9.4956309e-01
  -1.8847150e+00
  -1.5275889e+00
  -1.4170253e-01
   1.3206378e+00
   1.8803030e+00
   1.1778689e+00
  -3.1099860e-01
  -1.5983741e+00
  -1.8246754e+00
  -8.2177524e-01
   7.5608757e-01
   1.8441433e+00
   1.6837776e+00
   3.6354158e-01
  -1.2189396e+00
  -1.9762055e+00
  -1.3933650e+00
   1.2040383e-01
   1.5330051e+00
   1.9039829e+00
   1.0042063e+00
  -5.5734076e-01
  -1.7469411e+00
  -1.7775602e+00
  -6.2145607e-01
   9.5684865e-01
   1.8906474e+00
   1.5313550e+00
   1.1408442e-01
  -1.3842572e+00
  -1.9241677e+00
  -1.1380849e+00
   4.1767597e-01
   1.6682580e+00
   1.7707849e+00
   6.7386088e-01
  -8.7413966e-01
  -1.8358152e+00
  -1.5647765e+00
  -2.2909481e-01
   1.2853105e+00
   1.9481512e+00
   1.2845437e+00
  -2.7264985e-01
  -1.6561840e+00
  -1.9047187e+00
  -8.4558005e-01
   7.8421619e-01
   1.8650716e+00
   1.6748711e+00
   3.6508655e-01
  -1.1706449e+00
  -1.9075076e+00
  -1.3609128e+00
   1.0254324e-01
   1.5011486e+00
   1.8812401e+00
   9.6683809e-01
  -6.2566110e-01
  -1.7918117e+00
  -1.7115571e+00
  -4.3962152e-01
   1.1297245e+00
   1.9027672e+00
   1.3559594e+00
  -1.1849445e-01
  -1.5078835e+00
  -1.8751243e+00
  -9.7619685e-01
   5.8823771e-01
   1.7670370e+00
   1.7508979e+00
   5.2691860e-01
  -1.0833535e+00
  -1.9670663e+00
  -1.4982751e+00
   4.1249572e-03
   1.4924739e+00
   1.9354711e+00
   1.0439724e+00
  -5.4660828e-01
  -1.7414921e+00
  -1.7410635e+00
  -5.6336142e-01
   9.8793883e-01
   1.8627030e+00
   1.4606944e+00
   4.3608124e-02
  -1.4192765e+00
  -1.9027976e+00
  -1.0505345e+00
   5.4990698e-01
   1.7705553e+00
   1.7499841e+00
   5.0887840e-01
  -1.0773544e+00
  -1.9099739e+00
  -1.4284040e+00
   2.6944934e-02
   1.4654713e+00
   1.9137955e+00
   1.0608321e+00
  -5.2725469e-01
  -1.7697808e+00
  -1.7993996e+00
  -5.7722025e-01
   1.0523501e+00
   1.9441239e+00
   1.4712884e+00
  -2.3256670e-02
  -1.4813325e+00
  -1.8917344e+00
  -9.9315372e-01
   5.7220256e-01
   1.7239495e+00
   1.6796700e+00
   4.7184810e-01
  -1.0758961e+00
  -1.8954062e+00
  -1.4006770e+00
   8.6510382e-02
   1.5311594e+00
   1.9040133e+00
   9.2674364e-01
  -7.1346516e-01
  -1.8558667e+00
  -1.7016226e+00
  -3.7282437e-01
   1.1971210e+00
   1.9296219e+00
   1.3356338e+00
  -1.7100643e-01
  -1.5623309e+00
  -1.8848307e+00
  -9.0547478e-01
   7.1064700e-01
   1.8372136e+00
   1.6716980e+00
   3.2209272e-01
  -1.2519478e+00
  -1.9272460e+00
  -1.2312662e+00
   3.2591955e-01
   1.6363876e+00
   1.7895459e+00
   6.9591348e-01
  -8.7639105e-01
  -1.8408900e+00
  -1.5287621e+00
  -1.4249151e-01
   1.3676660e+00
   1.9413467e+00
   1.1516221e+00
  -4.6611508e-01
  -1.7694060e+00
  -1.8249166e+00
  -5.9129180e-01
   1.0493532e+00
   1.9360424e+00
   1.4606804e+00
  -2.1483674e-02
  -1.4692056e+00
  -1.8877897e+00
  -1.0006985e+00
   5.7479733e-01
   1.7471652e+00
   1.6922622e+00
   4.3281823e-01
  -1.1514285e+00
  -1.9276432e+00
  -1.3264111e+00
   2.2778620e-01
   1.6148483e+00
   1.8376426e+00
   7.4575299e-01
  -8.7195701e-01
  -1.8705879e+00
  -1.5593041e+00
  -1.6465301e-01
   1.3442313e+00
   1.9224080e+00
   1.1599920e+00
  -4.2749102e-01
  -1.7344760e+00
  -1.8279375e+00
  -6.2276427e-01
   1.0303585e+00
   1.9454471e+00
   1.4668037e+00
  -5.0284550e-02
  -1.5084895e+00
  -1.8742472e+00
  -9.1125073e-01
   6.7977704e-01
   1.7771113e+00
   1.6195485e+00
   3.2060520e-01
  -1.2126010e+00
  -1.8978569e+00
  -1.2316420e+00
   3.3433456e-01
   1.6854013e+00
   1.8362469e+00
   6.6085779e-01
  -9.9759956e-01
  -1.9408303e+00
  -1.4951948e+00
   6.7531675e-03
   1.4877043e+00
   1.9079829e+00
   9.8874791e-01
  -6.1652145e-01
  -1.7872529e+00
  -1.7061926e+00
  -4.2363852e-01
   1.1629803e+00
   1.9224864e+00
   1.2966143e+00
  -2.7519802e-01
  -1.6538107e+00
  -1.8321847e+00
  -6.8360182e-01
   9.4704595e-01
   1.8755479e+00
   1.4447542e+00
  -1.9304108e-02
  -1.4666139e+00
  -1.8755746e+00
  -9.5950026e-01
   6.4231660e-01
   1.8038094e+00
   1.6910876e+00
   3.6098573e-01
  -1.2501717e+00
  -1.9784866e+00
  -1.2824983e+00
   3.4089351e-01
   1.7113749e+00
   1.8378485e+00
   6.4568746e-01
  -9.8704135e-01
  -1.8878775e+00
  -1.4324763e+00
   3.4547234e-02
   1.4657526e+00
   1.8491647e+00
   9.1022649e-01
  -6.9069100e-01
  -1.8076651e+00
  -1.6194845e+00
  -2.4004671e-01
   1.3350325e+00
   1.9459304e+00
   1.1337270e+00
  -5.0888810e-01
  -1.7792981e+00
  -1.7589847e+00
  -4.7772515e-01
   1.1324720e+00
   1.9246122e+00
   1.3469569e+00
  -1.8546201e-01
  -1.5894754e+00
  -1.8676893e+00
  -8.1111212e-01
   8.3390621e-01
   1.8784833e+00
   1.5507829e+00
   8.0720745e-02
  -1.4509534e+00
  -1.9133211e+00
  -9.7259405e-01
   6.6583418e-01
   1.7967161e+00
   1.6074777e+00
   2.5300107e-01
  -1.2823470e+00
  -1.8991001e+00
  -1.1554507e+00
   4.2590136e-01
   1.7181055e+00
   1.7807154e+00
   5.4413231e-01
  -1.1102040e+00
  -1.9712167e+00
  -1.3940008e+00
   2.0400820e-01
   1.6453504e+00
   1.8744648e+00
   7.4097842e-01
  -9.0849240e-01
  -1.8739353e+00
  -1.4753412e+00
  -2.0059651e-02
   1.4390851e+00
   1.8558025e+00
   9.2729466e-01
  -6.8455487e-01
  -1.8100186e+00
  -1.6106801e+00
  -2.1065026e-01
   1.3656260e+00
   1.9420637e+00
   1.0792589e+00
  -5.8500356e-01
  -1.8164521e+00
  -1.7129770e+00
  -3.6535257e-01
   1.2337422e+00
   1.9299944e+00
   1.2339309e+00
  -3.4751118e-01
  -1.6804757e+00
  -1.8057156e+00
  -6.2341270e-01
   1.0175362e+00
   1.9149968e+00
   1.3949256e+00
  -1.6808672e-01
  -1.6105563e+00
  -1.8523617e+00
  -7.1757556e-01
   9.3660079e-01
   1.8776501e+00
   1.4217218e+00
  -7.8507357e-02
  -1.5185055e+00
  -1.8538875e+00
  -8.4346856e-01
   7.8669158e-01
   1.8581389e+00
   1.5799253e+00
   1.3273610e-01
  -1.4344818e+00
  -1.9584164e+00
  -1.0342671e+00
   6.5889033e-01
   1.8578434e+00
   1.6720519e+00
   2.5522070e-01
  -1.3260561e+00
  -1.9063573e+00
  -1.0807102e+00
   5.2447065e-01
   1.7315759e+00
   1.6661496e+00
   3.7746457e-01
  -1.1971267e+00
  -1.8992914e+00
  -1.1925180e+00
   4.2138614e-01
   1.7454884e+00
   1.7747887e+00
   4.6965942e-01
  -1.1957459e+00
  -1.9700424e+00
  -1.2780538e+00
   3.5217962e-01
   1.7054731e+00
   1.7942665e+00
   5.7267014e-01
  -1.0559248e+00
  -1.9071791e+00
  -1.3661162e+00
   1.7367563e-01
   1.5859468e+00
   1.8220719e+00
   6.9077848e-01
  -9.7341581e-01
  -1.9161395e+00
  -1.4150144e+00
   1.5505843e-01
   1.6015776e+00
   1.8305381e+00
   6.7930342e-01
  -9.7710896e-01
  -1.9031626e+00
  -1.4231753e+00
   9.9878039e-02
   1.5478730e+00
   1.8618341e+00
   8.0491695e-01
  -8.5841704e-01
  -1.9032460e+00
  -1.5405072e+00
  -2.2504869e-02
   1.5186561e+00
   1.9165884e+00
   8.6790047e-01
  -8.2653233e-01
  -1.8786779e+00
  -1.5036121e+00
  -5.5270607e-03
   1.4779459e+00
   1.8445642e+00
   8.3711849e-01
  -7.8911154e-01
  -1.8309924e+00
  -1.5133857e+00
  -5.7028059e-02
   1.4669297e+00
   1.9124959e+00
   9.2042355e-01
  -7.8251717e-01
  -1.9103307e+00
  -1.5987361e+00
  -8.0546084e-02
   1.4887089e+00
   1.9237051e+00
   9.1370642e-01
  -7.6227589e-01
  -1.8473660e+00
  -1.5498454e+00
  -1.1025345e-01
   1.3964314e+00
   1.8533560e+00
   9.1686299e-01
  -7.2345586e-01
  -1.8379203e+00
  -1.5695328e+00
  -9.9579934e-02
   1.4611572e+00
   1.9113678e+00
   8.9436182e-01
  -8.1442578e-01
  -1.9077032e+00
  -1.5586335e+00
  -4.5040796e-02
   1.4849147e+00
   1.8927729e+00
   8.9081011e-01
  -7.6664156e-01
  -1.8504943e+00
  -1.5570734e+00
  -9.8966602e-02
   1.4388853e+00
   1.8938387e+00
   9.0642106e-01
  -7.8128456e-01
  -1.8735761e+00
  -1.5218209e+00
   5.0898852e-03
   1.5258606e+00
   1.8707925e+00
   7.8645953e-01
  -8.8733437e-01
  -1.8796631e+00
  -1.4520768e+00
   6.5686078e-02
   1.5383433e+00
   1.8673553e+00
   7.9889812e-01
  -8.8011159e-01
  -1.9103266e+00
  -1.4998709e+00
   5.6723023e-02
   1.5759606e+00
   1.8861718e+00
   7.4492199e-01
  -9.6249897e-01
  -1.9158794e+00
  -1.3922661e+00
   1.8504277e-01
   1.5972095e+00
   1.7757514e+00
   6.0130662e-01
  -1.0301390e+00
  -1.8890979e+00
  -1.3252204e+00
   2.4868183e-01
   1.6513710e+00
   1.8080590e+00
   5.7420688e-01
  -1.1241372e+00
  -1.9800797e+00
  -1.3211201e+00
   3.5033291e-01
   1.7412869e+00
   1.7823270e+00
   4.5923503e-01
  -1.1948349e+00
  -1.9162946e+00
  -1.1761973e+00
   4.4291293e-01
   1.7096123e+00
   1.6706668e+00
   3.5662129e-01
  -1.2396875e+00
  -1.8985399e+00
  -1.0963294e+00
   5.7223261e-01
   1.8231419e+00
   1.6713152e+00
   2.1665354e-01
  -1.4147273e+00
  -1.9515213e+00
  -9.7998409e-01
   7.3833117e-01
   1.8767590e+00
   1.5764398e+00
   8.7940803e-02
  -1.4471993e+00
  -1.8718018e+00
  -8.7513958e-01
   7.8392822e-01
   1.8442981e+00
   1.4886964e+00
  -2.4603159e-02
  -1.5345583e+00
  -1.8594986e+00
  -7.2860255e-01
   9.8181936e-01
   1.9267149e+00
   1.3595682e+00
  -2.7362566e-01
  -1.6944002e+00
  -1.8044554e+00
  -5.3339672e-01
   1.1313962e+00
   1.9199717e+00
   1.2420628e+00
  -3.8205514e-01
  -1.7202410e+00
  -1.7525809e+00
  -4.4451316e-01
   1.2089541e+00
   1.9277925e+00
   1.1400271e+00
  -5.4886391e-01
  -1.8119100e+00
  -1.6490139e+00
  -1.8941430e-01
   1.4107146e+00
   1.8938190e+00
   8.9384544e-01
  -7.9540042e-01
  -1.8611756e+00
  -1.4897515e+00
   2.6236463e-02
   1.5266673e+00
   1.8652238e+00
   7.7456476e-01
  -9.2175218e-01
  -1.9199987e+00
  -1.4339118e+00
   1.7604441e-01
   1.6570588e+00
   1.8405757e+00
   5.7822488e-01
  -1.1293827e+00
  -1.9316355e+00
  -1.2069511e+00
   4.5512730e-01
   1.7419398e+00
   1.6579076e+00
   2.8508439e-01
  -1.3052423e+00
  -1.8866039e+00
  -1.0097509e+00
   6.5789470e-01
   1.8328042e+00
   1.5919143e+00
   9.8062610e-02
  -1.4972610e+00
  -1.9373675e+00
  -8.6043349e-01
   8.9130629e-01
   1.9316169e+00
   1.4407667e+00
  -1.7978689e-01
  -1.6409910e+00
  -1.8017992e+00
  -5.6025793e-01
   1.0948309e+00
   1.8748626e+00
   1.1851680e+00
  -4.3296081e-01
  -1.7243461e+00
  -1.6792925e+00
  -3.1466230e-01
   1.3183149e+00
   1.9329643e+00
   1.0216972e+00
  -7.1514276e-01
  -1.9025950e+00
  -1.5888195e+00
  -1.9401093e-02
   1.5567383e+00
   1.8948948e+00
   7.4644653e-01
  -9.6473338e-01
  -1.8950374e+00
  -1.3356898e+00
   2.5732989e-01
   1.6379573e+00
   1.7348555e+00
   4.7139467e-01
  -1.1710878e+00
  -1.9012988e+00
  -1.1250458e+00
   5.6479903e-01
   1.8294651e+00
   1.6448696e+00
   1.4019256e-01
  -1.4870645e+00
  -1.9338039e+00
  -8.4661839e-01
   8.9993763e-01
   1.9195659e+00
   1.4225079e+00
  -1.7918901e-01
  -1.6227838e+00
  -1.7901853e+00
  -5.6447166e-01
   1.0926981e+00
   1.8851492e+00
   1.1843412e+00
  -4.6959077e-01
  -1.7697825e+00
  -1.6670030e+00
  -2.2279022e-01
   1.4125592e+00
   1.9162048e+00
   8.7227131e-01
  -8.8106788e-01
  -1.9336032e+00
  -1.4482422e+00
   1.7529854e-01
   1.6426587e+00
   1.8050477e+00
   5.5277702e-01
  -1.1224112e+00
  -1.9116838e+00
  -1.2015696e+00
   4.5285290e-01
   1.7518414e+00
   1.6609097e+00
   2.3768366e-01
  -1.3876953e+00
  -1.9011994e+00
  -8.7316723e-01
   8.7243072e-01
   1.9184957e+00
   1.4145038e+00
  -2.2821879e-01
  -1.6811469e+00
  -1.7837471e+00
  -4.6842037e-01
   1.2099625e+00
   1.9276939e+00
   1.1297761e+00
  -5.5130507e-01
  -1.7962670e+00
  -1.6247600e+00
  -1.6447939e-01
   1.4327849e+00
   1.8876928e+00
   8.2030770e-01
  -9.1935682e-01
  -1.9200687e+00
  -1.3605939e+00
   3.0576017e-01
   1.7179036e+00
   1.7272016e+00
   3.3489313e-01
  -1.3253169e+00
  -1.9211325e+00
  -9.8872036e-01
   7.1944581e-01
   1.8492926e+00
   1.5120346e+00
  -2.6694005e-02
  -1.5550013e+00
  -1.8591954e+00
  -6.8440927e-01
   1.0420890e+00
   1.9313450e+00
   1.2529163e+00
  -4.5107437e-01
  -1.7902915e+00
  -1.6661294e+00
  -1.8269994e-01
   1.4405563e+00
   1.8802307e+00
   7.9147658e-01
  -9.3054162e-01
  -1.8964860e+00
  -1.3409060e+00
   2.8478657e-01
   1.6868175e+00
   1.7523921e+00
   4.2322318e-01
  -1.2518938e+00
  -1.9344715e+00
  -1.0626503e+00
   6.7628636e-01
   1.8760503e+00
   1.5511163e+00
  -4.0077565e-02
  -1.5922539e+00
  -1.8299157e+00
  -5.6566252e-01
   1.1517965e+00
   1.9155315e+00
   1.1155855e+00
  -5.8354295e-01
  -1.8052013e+00
  -1.5736166e+00
  -8.0379219e-02
   1.4809503e+00
   1.8618560e+00
   7.4699621e-01
  -9.8416831e-01
  -1.9413737e+00
  -1.3373144e+00
   3.5441754e-01
   1.7586464e+00
   1.7187758e+00
   2.6291043e-01
  -1.4071822e+00
  -1.9137493e+00
  -8.4946010e-01
   8.9507580e-01
   1.8846686e+00
   1.3231202e+00
  -3.1536327e-01
  -1.6960340e+00
  -1.7077874e+00
  -3.4379562e-01
   1.3027339e+00
   1.9083573e+00
   9.7365991e-01
  -7.6355192e-01
  -1.9001535e+00
  -1.4976402e+00
   1.3326234e-01
   1.6608835e+00
   1.8228366e+00
   4.8313656e-01
  -1.2450470e+00
  -1.9295381e+00
  -1.0154243e+00
   7.2530361e-01
   1.8536476e+00
   1.4558430e+00
  -1.2595789e-01
  -1.5972547e+00
  -1.7675954e+00
  -5.0062447e-01
   1.1838647e+00
   1.9238517e+00
   1.1063836e+00
  -6.2396465e-01
  -1.8634669e+00
  -1.5854413e+00
  -1.0549945e-03
   1.5886107e+00
   1.8631868e+00
   5.9280631e-01
  -1.1616561e+00
  -1.9403315e+00
  -1.1090061e+00
   6.2403033e-01
   1.8186439e+00
   1.5016655e+00
  -4.9994087e-02
  -1.5605239e+00
  -1.8012900e+00
  -5.7711819e-01
   1.1225084e+00
   1.9164231e+00
   1.1444510e+00
  -5.8257045e-01
  -1.8559626e+00
  -1.6153302e+00
  -4.1438003e-02
   1.5675810e+00
   1.8698264e+00
   6.1251204e-01
  -1.1481284e+00
  -1.9391702e+00
  -1.1122504e+00
   6.2548587e-01
   1.8239692e+00
   1.5028996e+00
  -5.5404966e-02
  -1.5627010e+00
  -1.7862271e+00
  -5.4342951e-01
   1.1562994e+00
   1.9249961e+00
   1.1201727e+00
  -6.1692617e-01
  -1.8621553e+00
  -1.5733207e+00
   2.7580719e-02
   1.6131515e+00
   1.8539184e+00
   5.4639903e-01
  -1.2070033e+00
  -1.9330371e+00
  -1.0350365e+00
   7.1656922e-01
   1.8522939e+00
   1.4382149e+00
  -1.6575812e-01
  -1.6280823e+00
  -1.7480987e+00
  -4.2915013e-01
   1.2501770e+00
   1.9110386e+00
   9.9664608e-01
  -7.5793205e-01
  -1.9073019e+00
  -1.4843151e+00
   1.7576875e-01
   1.6894097e+00
   1.7805154e+00
   3.6951423e-01
  -1.3493459e+00
  -1.9242549e+00
  -8.8138109e-01
   8.8476507e-01
   1.8860719e+00
   1.2969078e+00
  -3.7423078e-01
  -1.7323736e+00
  -1.6569504e+00
  -2.1303698e-01
   1.4119307e+00
   1.8784802e+00
   7.9035039e-01
  -9.6743231e-01
  -1.9385605e+00
  -1.2993481e+00
   4.3298922e-01
   1.8082184e+00
   1.6605576e+00
   1.1068642e-01
  -1.5245148e+00
  -1.8560431e+00
  -6.1164035e-01
   1.1409794e+00
   1.9178198e+00
   1.0773001e+00
  -6.5910627e-01
  -1.8352315e+00
  -1.4781358e+00
   1.0984460e-01
   1.6136862e+00
   1.7880517e+00
   4.7923181e-01
  -1.2387046e+00
  -1.9364893e+00
  -1.0171078e+00
   7.6294980e-01
   1.9050940e+00
   1.4330581e+00
  -2.5964289e-01
  -1.7302651e+00
  -1.7225033e+00
  -2.4935273e-01
   1.4229558e+00
   1.8704091e+00
   7.2548422e-01
  -1.0305827e+00
  -1.9181017e+00
  -1.2027027e+00
   5.0969792e-01
   1.7927156e+00
   1.5813320e+00
   4.7036502e-02
  -1.5397613e+00
  -1.8526890e+00
  -6.1619698e-01
   1.1421521e+00
   1.9354821e+00
   1.0786356e+00
  -7.0639191e-01
  -1.8906800e+00
  -1.4532040e+00
   2.3014048e-01
   1.7099650e+00
   1.7192856e+00
   2.6072807e-01
  -1.4132527e+00
  -1.8845553e+00
  -7.6720829e-01
   9.8978701e-01
   1.9155516e+00
   1.2429094e+00
  -4.6441975e-01
  -1.7827436e+00
  -1.6068845e+00
  -7.5064100e-02
   1.5288388e+00
   1.8412820e+00
   5.8186744e-01
  -1.1822058e+00
  -1.9330187e+00
  -1.0140541e+00
   7.8645755e-01
   1.9114618e+00
   1.3888269e+00
  -3.2703072e-01
  -1.7595405e+00
  -1.6902397e+00
  -1.9251462e-01
   1.4551232e+00
   1.8667916e+00
   7.0867716e-01
  -1.0396864e+00
  -1.9130954e+00
  -1.1807198e+00
   5.4337203e-01
   1.8044460e+00
   1.5245759e+00
  -7.2284128e-02
  -1.6252720e+00
  -1.7890954e+00
  -4.0537575e-01
   1.3368953e+00
   1.9233778e+00
   8.3837698e-01
  -9.7974768e-01
  -1.9589496e+00
  -1.2617735e+00
   5.0173547e-01
   1.8203367e+00
   1.5839662e+00
   1.2949317e-02
  -1.5537590e+00
  -1.7982827e+00
  -5.2404894e-01
   1.1882244e+00
   1.8874069e+00
   9.7279896e-01
  -7.8527269e-01
  -1.8802039e+00
  -1.3528102e+00
   3.6275686e-01
   1.7867073e+00
   1.6707556e+00
   1.0022383e-01
  -1.5648314e+00
  -1.8766007e+00
  -5.6780924e-01
   1.2220824e+00
   1.9511449e+00
   1.0102394e+00
  -7.7395542e-01
  -1.8733743e+00
  -1.3667819e+00
   2.9572004e-01
   1.6926357e+00
   1.6362187e+00
   1.7290123e-01
  -1.4510428e+00
  -1.8379809e+00
  -6.3548399e-01
   1.1367702e+00
   1.9419033e+00
   1.0589863e+00
  -7.6449515e-01
  -1.9437184e+00
  -1.4437178e+00
   3.0260523e-01
   1.7721583e+00
   1.6924721e+00
   1.5072148e-01
  -1.5026357e+00
  -1.8447941e+00
  -6.0440284e-01
   1.1320839e+00
   1.8728804e+00
   9.9309424e-01
  -7.4678188e-01
  -1.8536854e+00
  -1.3698628e+00
   3.0526173e-01
   1.7381120e+00
   1.6793389e+00
   1.5469683e-01
  -1.5268752e+00
  -1.8949158e+00
  -6.1260474e-01
   1.2066083e+00
   1.9695433e+00
   1.0117442e+00
  -8.1605275e-01
  -1.9080880e+00
  -1.3222898e+00
   4.0753216e-01
   1.7640767e+00
   1.5783951e+00
   2.7951240e-02
  -1.5399935e+00
  -1.7750757e+00
  -4.7426415e-01
   1.2488516e+00
   1.9107342e+00
   9.2641807e-01
  -8.7261786e-01
  -1.9326277e+00
  -1.3187173e+00
   4.5021394e-01
   1.8296958e+00
   1.6013917e+00
  -3.8304580e-02
  -1.6402150e+00
  -1.7888428e+00
  -3.6209177e-01
   1.3685525e+00
   1.8772103e+00
   7.2967492e-01
  -1.0554176e+00
  -1.9192064e+00
  -1.1202997e+00
   6.4119231e-01
   1.8433120e+00
   1.4512395e+00
  -2.0000974e-01
  -1.6902360e+00
  -1.7275442e+00
  -2.6739750e-01
   1.4280604e+00
   1.8719592e+00
   6.6110431e-01
  -1.1445203e+00
  -1.9420478e+00
  -1.0137091e+00
   8.1920076e-01
   1.9235593e+00
   1.3168054e+00
  -4.5717126e-01
  -1.8238511e+00
  -1.5835230e+00
   3.9520209e-02
   1.6180803e+00
   1.7838139e+00
   4.0808454e-01
  -1.3073164e+00
  -1.8785943e+00
  -8.1594844e-01
   9.5710056e-01
   1.8962020e+00
   1.1725308e+00
  -5.9130166e-01
  -1.8434931e+00
  -1.4617259e+00
   2.3488018e-01
   1.7426277e+00
   1.7061193e+00
   1.4327239e-01
  -1.5569164e+00
  -1.8784138e+00
  -5.3913070e-01
   1.2644823e+00
   1.9378883e+00
   9.0445996e-01
  -9.0673546e-01
  -1.9040040e+00
  -1.2314321e+00
   5.0324249e-01
   1.7772937e+00
   1.4796588e+00
  -1.2868598e-01
  -1.6390924e+00
  -1.7161004e+00
  -2.7201644e-01
   1.4319353e+00
   1.8784815e+00
   6.4638445e-01
  -1.1859845e+00
  -1.9830113e+00
  -1.0210867e+00
   8.4607566e-01
   1.9490047e+00
   1.3080819e+00
  -4.8883413e-01
  -1.8295352e+00
  -1.5312136e+00
   1.1689740e-01
   1.6386839e+00
   1.6939288e+00
   2.4984754e-01
  -1.4115848e+00
  -1.8267830e+00
  -6.2695185e-01
   1.1406443e+00
   1.9207527e+00
   1.0107264e+00
  -8.0514261e-01
  -1.9233409e+00
  -1.3363846e+00
   4.4961820e-01
   1.8419193e+00
   1.5854325e+00
  -9.3166348e-02
  -1.6788074e+00
  -1.7408165e+00
  -2.3220854e-01
   1.4755977e+00
   1.8450097e+00
   5.5675055e-01
  -1.2237958e+00
  -1.9089313e+00
  -9.0079989e-01
   8.9868565e-01
   1.9002023e+00
   1.2245330e+00
  -5.3369407e-01
  -1.8282584e+00
  -1.5143424e+00
   1.3880810e-01
   1.6679993e+00
   1.7022755e+00
   1.9637460e-01
  -1.5026771e+00
  -1.8537420e+00
  -5.2501393e-01
   1.2847634e+00
   1.9281508e+00
   8.1523288e-01
  -1.0445912e+00
  -1.9666428e+00
  -1.1246963e+00
   7.1273910e-01
   1.8960455e+00
   1.3822990e+00
  -3.5036193e-01
  -1.7539068e+00
  -1.5919788e+00
  -2.1897203e-02
   1.5574795e+00
   1.7427253e+00
   3.6543436e-01
  -1.3493348e+00
  -1.8592792e+00
  -6.8545168e-01
   1.1329496e+00
   1.9503305e+00
   1.0049302e+00
  -8.6485606e-01
  -1.9629272e+00
  -1.2833174e+00
   5.5987269e-01
   1.8909932e+00
   1.5082402e+00
  -2.2468540e-01
  -1.7283599e+00
  -1.6548438e+00
  -9.5948617e-02
   1.5279559e+00
   1.7613670e+00
   4.0853244e-01
  -1.3111795e+00
  -1.8580718e+00
  -7.3876562e-01
   1.0539350e+00
   1.9149118e+00
   1.0556412e+00
  -7.7286459e-01
  -1.9291373e+00
  -1.3549219e+00
   4.4618134e-01
   1.8411514e+00
   1.5521964e+00
  -1.6022214e-01
  -1.7252765e+00
  -1.7076482e+00
  -1.3164841e-01
   1.5485956e+00
   1.7965334e+00
   3.9880467e-01
  -1.3601304e+00
  -1.8852322e+00
  -7.1264566e-01
   1.0930750e+00
   1.9117023e+00
   1.0160986e+00
  -7.8876924e-01
  -1.8874033e+00
  -1.2926391e+00
   4.6747426e-01
   1.8087580e+00
   1.5091394e+00
  -1.7253110e-01
  -1.7060489e+00
  -1.6753474e+00
  -9.1241341e-02
   1.5948620e+00
   1.8213632e+00
   3.6895937e-01
  -1.4270844e+00
  -1.9133231e+00
  -6.4810888e-01
   1.2010158e+00
   1.9462585e+00
   9.2620789e-01
  -9.1264947e-01
  -1.9012467e+00
  -1.1624877e+00
   6.1635038e-01
   1.8216021e+00
   1.3670396e+00
  -3.3504139e-01
  -1.7431312e+00
  -1.5704745e+00
   4.4334533e-02
   1.6399808e+00
   1.7464215e+00
   2.3976596e-01
  -1.5138456e+00
  -1.8970213e+00
  -5.4266891e-01
   1.3065072e+00
   1.9421627e+00
   7.8075788e-01
  -1.0940135e+00
  -1.9468650e+00
  -1.0043924e+00
   8.4393888e-01
   1.8901551e+00
   1.1859622e+00
  -6.0630195e-01
  -1.8428223e+00
  -1.4008313e+00
   3.1430538e-01
   1.7468732e+00
   1.5967156e+00
  -7.4311936e-03
  -1.6158053e+00
  -1.7607130e+00
  -2.9583292e-01
   1.4477920e+00
   1.8636480e+00
   5.5526360e-01
  -1.2729227e+00
  -1.9173391e+00
  -7.6757658e-01
   1.1081474e+00
   1.9557902e+00
   9.8142938e-01
  -9.0498928e-01
  -1.9479852e+00
  -1.1874700e+00
   6.6147208e-01
   1.8921390e+00
   1.3873505e+00
  -3.7172627e-01
  -1.7708165e+00
  -1.5433681e+00
   8.8234267e-02
   1.6278997e+00
   1.6675307e+00
   1.6712772e-01
  -1.5003189e+00
  -1.7930659e+00
  -4.2086413e-01
   1.3621800e+00
   1.8953982e+00
   6.5862867e-01
  -1.2157664e+00
  -1.9798669e+00
  -9.0976088e-01
   1.0008069e+00
   1.9672336e+00
   1.0929705e+00
  -7.9219252e-01
  -1.9238680e+00
  -1.2613806e+00
   5.5563312e-01
   1.8290742e+00
   1.3888957e+00
  -3.4037458e-01
  -1.7546712e+00
  -1.5529000e+00
   7.8450734e-02
   1.6435455e+00
   1.7036083e+00
   1.9311733e-01
  -1.5083487e+00
  -1.8291996e+00
  -4.5765893e-01
   1.3465070e+00
   1.9018178e+00
   6.7767187e-01
  -1.1857754e+00
  -1.9326496e+00
  -8.5056282e-01
   1.0427665e+00
   1.9569651e+00
   1.0273520e+00
  -8.6733844e-01
  -1.9440339e+00
  -1.2003299e+00
   6.5641153e-01
   1.8929005e+00
   1.3735494e+00
  -4.0184260e-01
  -1.7854965e+00
  -1.5104880e+00
   1.5420651e-01
   1.6644187e+00
   1.6231030e+00
   6.5350049e-02
  -1.5661570e+00
  -1.7452615e+00
  -2.8485626e-01
   1.4634793e+00
   1.8522023e+00
   4.9073904e-01
  -1.3583061e+00
  -1.9506039e+00
  -7.1520551e-01
   1.1876524e+00
   1.9603601e+00
   8.7805111e-01
  -1.0249243e+00
  -1.9476670e+00
  -1.0338634e+00
   8.3387848e-01
   1.8907519e+00
   1.1566929e+00
  -6.6315044e-01
  -1.8613148e+00
  -1.3245535e+00
   4.4398659e-01
   1.8021870e+00
   1.4887889e+00
  -2.1150896e-01
  -1.7244509e+00
  -1.6373383e+00
  -1.8701997e-02
   1.6243103e+00
   1.7424851e+00
   2.1108594e-01
  -1.5268710e+00
  -1.8136962e+00
  -3.6287606e-01
   1.4483022e+00
   1.8865860e+00
   5.2659184e-01
  -1.3368213e+00
  -1.9298963e+00
  -6.9525576e-01
   1.1884594e+00
   1.9428717e+00
   8.7444778e-01
  -9.9313433e-01
  -1.9063371e+00
  -1.0280012e+00
   7.9994249e-01
   1.8612769e+00
   1.1670681e+00
  -6.2979198e-01
  -1.8435487e+00
  -1.3254952e+00
   4.5362998e-01
   1.8244715e+00
   1.4777285e+00
  -2.8481222e-01
  -1.8056382e+00
  -1.6313158e+00
   8.8785689e-02
   1.7214582e+00
   1.7049025e+00
   5.4807127e-02
  -1.6440793e+00
  -1.7642856e+00
  -2.0157938e-01
   1.5355576e+00
   1.7864695e+00
   3.2532533e-01
  -1.4442187e+00
  -1.8429789e+00
  -5.0433849e-01
   1.3008505e+00
   1.8766143e+00
   6.9080477e-01
  -1.1390112e+00
  -1.8969769e+00
  -8.7219302e-01
   9.7353968e-01
   1.8992321e+00
   1.0208209e+00
  -8.3832508e-01
  -1.9060249e+00
  -1.1443800e+00
   7.3656032e-01
   1.9333274e+00
   1.2788815e+00
  -6.1439437e-01
  -1.9279484e+00
  -1.3926216e+00
   4.7823111e-01
   1.8853151e+00
   1.4852248e+00
  -3.2104783e-01
  -1.7936885e+00
  -1.5366444e+00
   1.7867806e-01
   1.7009544e+00
   1.5865318e+00
  -4.0733578e-02
  -1.6280190e+00
  -1.6704230e+00
  -1.2672988e-01
   1.5449736e+00
   1.7584772e+00
   2.9750086e-01
  -1.4651176e+00
  -1.8522969e+00
  -4.8022643e-01
   1.3516293e+00
   1.8840026e+00
   5.9256778e-01
  -1.2836392e+00
  -1.9248360e+00
  -7.0028500e-01
   1.2044553e+00
   1.9354560e+00
   7.7953711e-01
  -1.1404463e+00
  -1.9641664e+00
  -9.0207898e-01
   1.0128980e+00
   1.9415591e+00
   1.0111048e+00
  -8.6859345e-01
  -1.8998508e+00
  -1.1151586e+00
   7.2031177e-01
   1.8533431e+00
   1.2088326e+00
  -5.9537975e-01
  -1.8343529e+00
  -1.3127258e+00
   4.8754457e-01
   1.8465679e+00
   1.4430449e+00
  -3.5998385e-01
  -1.8347788e+00
  -1.5455646e+00
   2.4443703e-01
   1.8047802e+00
   1.6155066e+00
  -1.4042664e-01
  -1.7480016e+00
  -1.6398421e+00
   6.8374569e-02
   1.6997880e+00
   1.6655803e+00
   1.0546284e-02
  -1.6503099e+00
  -1.7139164e+00
  -1.3206515e-01
   1.5652594e+00
   1.7542975e+00
   2.6565020e-01
  -1.4712393e+00
  -1.8001696e+00
  -4.1341322e-01
   1.3581568e+00
   1.8125597e+00
   5.0564666e-01
  -1.3089732e+00
  -1.8701821e+00
  -6.1317527e-01
   1.2575191e+00
   1.9152650e+00
   6.9569374e-01
  -1.2280330e+00
  -1.9743096e+00
  -8.0190235e-01
   1.1480635e+00
   1.9681132e+00
   8.6259031e-01
  -1.0735460e+00
  -1.9423206e+00
  -9.0899004e-01
   9.9652368e-01
   1.9098316e+00
   9.5521113e-01
  -9.2246826e-01
  -1.8973986e+00
  -1.0322464e+00
   8.3236870e-01
   1.8999832e+00
   1.1445079e+00
  -7.0930187e-01
  -1.8796518e+00
  -1.2355710e+00
   6.0809656e-01
   1.8678890e+00
   1.3107684e+00
  -5.3327115e-01
  -1.8630089e+00
  -1.3600685e+00
   4.9869914e-01
   1.8854310e+00
   1.4183769e+00
  -4.5782174e-01
  -1.8967578e+00
  -1.4764340e+00
   3.8875530e-01
   1.8606583e+00
   1.4995237e+00
  -3.2236115e-01
  -1.8079850e+00
  -1.5146031e+00
   2.4470321e-01
   1.7357013e+00
   1.5100170e+00
  -1.9663456e-01
  -1.7149540e+00
  -1.5692208e+00
   9.9588652e-02
   1.6748996e+00
   1.6254185e+00
  -1.2230494e-02
  -1.6564088e+00
  -1.7030246e+00
  -9.2246671e-02
   1.6099791e+00
   1.7286419e+00
   1.3430075e-01
  -1.6042204e+00
  -1.7570666e+00
  -1.5855954e-01
   1.6084971e+00
   1.7806562e+00
   1.7815581e-01
  -1.6084908e+00
  -1.8046195e+00
  -2.1929499e-01
   1.5742087e+00
   1.8112424e+00
   2.7818253e-01
  -1.5001823e+00
  -1.7825476e+00
  -3.1572615e-01
   1.4437865e+00
   1.7736612e+00
   3.6311953e-01
  -1.3998582e+00
  -1.7884750e+00
  -4.1736308e-01
   1.3796368e+00
   1.8413372e+00
   4.9874304e-01
  -1.3484182e+00
  -1.8857610e+00
  -5.6913793e-01
   1.3146731e+00
   1.8987937e+00
   5.9143667e-01
  -1.3133445e+00
  -1.9112627e+00
  -5.9666218e-01
   1.3169152e+00
   1.9083615e+00
   5.8064262e-01
  -1.3384662e+00
  -1.9324905e+00
  -6.1576730e-01
   1.2939083e+00
   1.9048697e+00
   6.3091039e-01
  -1.2506039e+00
  -1.8847510e+00
  -6.6726271e-01
   1.1838992e+00
   1.8446986e+00
   6.7424394e-01
  -1.1680937e+00
  -1.8642677e+00
  -7.1956817e-01
   1.1495031e+00
   1.8995222e+00
   7.7289685e-01
  -1.1354253e+00
  -1.9367516e+00
  -8.1936455e-01
   1.1209381e+00
   1.9500145e+00
   8.2969650e-01
  -1.1224427e+00
  -1.9415499e+00
  -7.9705043e-01
   1.1590058e+00
   1.9513552e+00
   7.7948135e-01
  -1.1752078e+00
  -1.9482403e+00
  -7.7167142e-01
   1.1678534e+00
   1.9362819e+00
   7.8576101e-01
  -1.1221956e+00
  -1.8950952e+00
  -7.8693183e-01
   1.0847401e+00
   1.8622989e+00
   7.8254328e-01
  -1.0796072e+00
  -1.8755659e+00
  -8.0746087e-01
   1.0760682e+00
   1.9034394e+00
   8.3325765e-01
  -1.0899088e+00
  -1.9510110e+00
  -8.7414193e-01
   1.0772444e+00
   1.9444037e+00
   8.4507072e-01
  -1.1171678e+00
  -1.9548384e+00
  -8.1371872e-01
   1.1498878e+00
   1.9405880e+00
   7.5491790e-01
  -1.2035401e+00
  -1.9531167e+00
  -7.4360585e-01
   1.1986344e+00
   1.9254242e+00
   7.2695004e-01
  -1.1784935e+00
  -1.8873656e+00
  -7.1162839e-01
   1.1575078e+00
   1.8541994e+00
   6.9277792e-01
  -1.1613935e+00
  -1.8542639e+00
  -6.8521130e-01
   1.1895369e+00
   1.8955890e+00
   7.0886115e-01
  -1.2010396e+00
  -1.9191990e+00
  -7.0775647e-01
   1.2271244e+00
   1.9303774e+00
   6.7921037e-01
  -1.2626145e+00
  -1.9158722e+00
  -6.0789856e-01
   1.3279603e+00
   1.9104147e+00
   5.4018851e-01
  -1.3859996e+00
  -1.9075614e+00
  -5.0122942e-01
   1.3984316e+00
   1.8723091e+00
   4.6022803e-01
  -1.3971163e+00
  -1.8338275e+00
  -4.3384501e-01
   1.3759468e+00
   1.7765581e+00
   3.7657416e-01
  -1.4102100e+00
  -1.7863024e+00
  -3.6774081e-01
   1.4284327e+00
   1.7948113e+00
   3.4690378e-01
  -1.4727319e+00
  -1.8275297e+00
  -3.4283841e-01
   1.4905661e+00
   1.8086391e+00
   2.7609330e-01
  -1.5479939e+00
  -1.7898791e+00
  -1.8938380e-01
   1.6153975e+00
   1.7649767e+00
   9.7845629e-02
  -1.6768190e+00
  -1.7384813e+00
  -2.7007332e-02
   1.7045917e+00
   1.6969779e+00
  -2.2009419e-02
  -1.6891698e+00
  -1.6194347e+00
   9.0919518e-02
   1.6901513e+00
   1.5621942e+00
  -1.4830464e-01
  -1.7019051e+00
  -1.5272000e+00
   2.0029030e-01
   1.7384065e+00
   1.5301330e+00
  -2.2616513e-01
  -1.7645816e+00
  -1.5245449e+00
   2.6239627e-01
   1.7854908e+00
   1.4840469e+00
  -3.4763565e-01
  -1.8357988e+00
  -1.4393452e+00
   4.4924410e-01
   1.8850404e+00
   1.3727281e+00
  -5.7396885e-01
  -1.9496025e+00
  -1.3312250e+00
   6.4465036e-01
   1.9423500e+00
   1.2351647e+00
  -7.3256333e-01
  -1.9315766e+00
  -1.1456072e+00
   7.9466665e-01
   1.8909859e+00
   1.0331089e+00
  -8.8401953e-01
  -1.8966924e+00
  -9.7707846e-01
   9.3490408e-01
   1.8974494e+00
   9.3543970e-01
  -9.7603825e-01
  -1.8984877e+00
  -8.9235154e-01
   1.0233985e+00
   1.8949701e+00
   8.2262248e-01
  -1.1031743e+00
  -1.8982474e+00
  -7.2355202e-01
   1.2256076e+00
   1.9298382e+00
   6.3795119e-01
  -1.3295433e+00
  -1.9323760e+00
  -5.3450114e-01
   1.4200327e+00
   1.9040877e+00
   4.2069020e-01
  -1.4813763e+00
  -1.8283793e+00
  -2.7602391e-01
   1.5479585e+00
   1.7512630e+00
   1.3682456e-01
  -1.6150370e+00
  -1.6998924e+00
  -4.2730222e-02
   1.6471596e+00
   1.6431720e+00
  -3.9016370e-02
  -1.6749771e+00
  -1.5994839e+00
   1.0022935e-01
   1.6800715e+00
   1.5198948e+00
  -2.1909545e-01
  -1.7497154e+00
  -1.4841527e+00
   3.2353473e-01
   1.8142818e+00
   1.4303326e+00
  -4.5644517e-01
  -1.8996447e+00
  -1.3884198e+00
   5.6305626e-01
   1.9281065e+00
   1.2790303e+00
  -7.0743979e-01
  -1.9491382e+00
  -1.1436943e+00
   8.6038413e-01
   1.9573144e+00
   9.9920650e-01
  -1.0043640e+00
  -1.9565023e+00
  -8.7073223e-01
   1.1131170e+00
   1.9362622e+00
   7.6304540e-01
  -1.1740178e+00
  -1.8734270e+00
  -6.3280647e-01
   1.2480693e+00
   1.8253400e+00
   5.1200270e-01
  -1.3289458e+00
  -1.7925615e+00
  -3.9265518e-01
   1.4321653e+00
   1.7916530e+00
   2.9608972e-01
  -1.5220397e+00
  -1.7761850e+00
  -1.8735346e-01
   1.6009289e+00
   1.7174983e+00
   2.7218826e-02
  -1.7029823e+00
  -1.6465217e+00
   1.4980069e-01
   1.7951852e+00
   1.5437543e+00
  -3.5156071e-01
  -1.8958564e+00
  -1.4598209e+00
   4.9684818e-01
   1.9154195e+00
   1.3148255e+00
  -6.5643667e-01
  -1.9227621e+00
  -1.1717475e+00
   7.8524919e-01
   1.8903711e+00
   1.0004338e+00
  -9.3730626e-01
  -1.8955364e+00
  -8.8083875e-01
   1.0475723e+00
   1.8886555e+00
   7.7281673e-01
  -1.1429787e+00
  -1.8735162e+00
  -6.5967527e-01
   1.2397286e+00
   1.8455710e+00
   5.1766903e-01
  -1.3610856e+00
  -1.8127890e+00
  -3.4157181e-01
   1.5189314e+00
   1.7986787e+00
   1.7723640e-01
  -1.6491387e+00
  -1.7447774e+00
   5.7677927e-03
   1.7560422e+00
   1.6509181e+00
  -1.9639517e-01
  -1.8209895e+00
  -1.5000226e+00
   4.1394875e-01
   1.8776859e+00
   1.3387085e+00
  -6.2171174e-01
  -1.9229247e+00
  -1.1972524e+00
   7.7745411e-01
   1.9206876e+00
   1.0453123e+00
  -9.1383654e-01
  -1.9033563e+00
  -9.0435432e-01
   1.0194286e+00
   1.8498045e+00
   7.2324058e-01
  -1.1743969e+00
  -1.8492446e+00
  -5.8365869e-01
   1.3049372e+00
   1.8310281e+00
   4.2359192e-01
  -1.4538427e+00
  -1.8221258e+00
  -2.7585760e-01
   1.5632231e+00
   1.7438009e+00
   6.2887223e-02
  -1.6943626e+00
  -1.6443133e+00
   1.7315230e-01
   1.8178757e+00
   1.5205026e+00
  -4.1177860e-01
  -1.9141220e+00
  -1.3770051e+00
   6.2641730e-01
   1.9582355e+00
   1.2083140e+00
  -8.0667736e-01
  -1.9345569e+00
  -9.9104591e-01
   9.9591545e-01
   1.9060878e+00
   7.8587959e-01
  -1.1598489e+00
  -1.8664226e+00
  -5.9420453e-01
   1.3069395e+00
   1.8336379e+00
   4.3585804e-01
  -1.4139866e+00
  -1.7726659e+00
  -2.6688998e-01
   1.5133453e+00
   1.6846521e+00
   5.8886892e-02
  -1.6439925e+00
  -1.6051201e+00
   1.5423006e-01
   1.7687313e+00
   1.5004831e+00
  -3.9115589e-01
  -1.8962462e+00
  -1.3935551e+00
   5.9483027e-01
   1.9411360e+00
   1.1950271e+00
  -8.4281133e-01
  -1.9742137e+00
  -9.7768069e-01
   1.0675433e+00
   1.9491882e+00
   7.1621798e-01
  -1.2975828e+00
  -1.9224448e+00
  -4.9278706e-01
   1.4504401e+00
   1.8315569e+00
   2.6327752e-01
  -1.5626806e+00
  -1.7040120e+00
  -3.3838153e-02
   1.6507735e+00
   1.5592341e+00
  -1.9573829e-01
  -1.7361112e+00
  -1.4206886e+00
   4.1713864e-01
   1.8262725e+00
   1.3056906e+00
  -6.0095766e-01
  -1.8724163e+00
  -1.1510618e+00
   8.0324656e-01
   1.9049607e+00
   9.6501904e-01
  -1.0189897e+00
  -1.9105778e+00
  -7.3079683e-01
   1.2625435e+00
   1.9093960e+00
   4.8665959e-01
  -1.4838359e+00
  -1.8670504e+00
  -2.3647178e-01
   1.6470927e+00
   1.7421623e+00
  -5.0763982e-02
  -1.7803453e+00
  -1.5717255e+00
   3.3506577e-01
   1.8579852e+00
   1.3459650e+00
  -6.3475596e-01
  -1.9333720e+00
  -1.1528083e+00
   8.5318962e-01
   1.9235356e+00
   9.2280717e-01
  -1.0571813e+00
  -1.8923906e+00
  -7.0540051e-01
   1.2141202e+00
   1.8068819e+00
   4.4662026e-01
  -1.3998486e+00
  -1.7462766e+00
  -2.1227419e-01
   1.5640787e+00
   1.6722619e+00
  -1.9604129e-02
  -1.7051135e+00
  -1.5659354e+00
   2.6329074e-01
   1.8161049e+00
   1.4058288e+00
  -5.3449486e-01
  -1.8969089e+00
  -1.1831011e+00
   8.4462560e-01
   1.9718617e+00
   9.4947316e-01
  -1.1214984e+00
  -1.9786817e+00
  -6.7719916e-01
   1.3653283e+00
   1.9185330e+00
   3.8490345e-01
  -1.5498967e+00
  -1.7729936e+00
  -5.7537815e-02
   1.7051859e+00
   1.5896622e+00
  -2.6490490e-01
  -1.8280597e+00
  -1.4042173e+00
   5.3341684e-01
   1.8796719e+00
   1.1883138e+00
  -7.7808135e-01
  -1.8939797e+00
  -9.6979607e-01
   9.7979094e-01
   1.8447831e+00
   6.9585847e-01
  -1.2194655e+00
  -1.8241264e+00
  -4.5352392e-01
   1.4181976e+00
   1.7597755e+00
   1.8290575e-01
  -1.6167669e+00
  -1.6811955e+00
   7.6152791e-02
   1.7509701e+00
   1.5095202e+00
  -3.9552631e-01
  -1.8767661e+00
  -1.2932546e+00
   7.2915862e-01
   1.9642134e+00
   1.0356147e+00
  -1.0479133e+00
  -1.9906318e+00
  -7.4546360e-01
   1.3209114e+00
   1.9349136e+00
   4.2877650e-01
  -1.5271933e+00
  -1.7789280e+00
  -6.5579915e-02
   1.7093708e+00
   1.5922267e+00
  -2.7418142e-01
  -1.8293233e+00
  -1.3720499e+00
   5.8440649e-01
   1.8972860e+00
   1.1450024e+00
  -8.3713826e-01
  -1.8891710e+00
  -8.8196211e-01
   1.0701042e+00
   1.8363859e+00
   5.8751157e-01
  -1.3096917e+00
  -1.7816114e+00
  -3.0487349e-01
   1.5163610e+00
   1.6882336e+00
   4.7524239e-03
  -1.7079820e+00
  -1.5722489e+00
   2.7780339e-01
   1.8188965e+00
   1.3484910e+00
  -6.2706085e-01
  -1.9260516e+00
  -1.0957215e+00
   9.5988816e-01
   1.9589591e+00
   7.7400392e-01
  -1.2950674e+00
  -1.9496074e+00
  -4.5205667e-01
   1.5412367e+00
   1.8192104e+00
   8.0291555e-02
  -1.7339533e+00
  -1.6079648e+00
   3.0454778e-01
   1.8654390e+00
   1.3427744e+00
  -6.7010885e-01
  -1.9329137e+00
  -1.0527868e+00
   9.8636314e-01
   1.9339101e+00
   7.6174323e-01
  -1.2225801e+00
  -1.8381181e+00
  -4.2868287e-01
   1.4377718e+00
   1.7085986e+00
   9.6922345e-02
  -1.6167177e+00
  -1.5445529e+00
   2.3828184e-01
   1.7748878e+00
   1.3702149e+00
  -5.4421818e-01
  -1.8711410e+00
  -1.1457168e+00
   8.4165073e-01
   1.8976577e+00
   8.4356272e-01
  -1.1624723e+00
  -1.8876802e+00
  -5.0608210e-01
   1.4567246e+00
   1.8020443e+00
   1.1909929e-01
  -1.7284883e+00
  -1.6705442e+00
   2.4269777e-01
   1.8776939e+00
   1.4033018e+00
  -6.4760425e-01
  -1.9709540e+00
  -1.0822317e+00
   1.0133946e+00
   1.9560818e+00
   6.8862784e-01
  -1.3606874e+00
  -1.8926321e+00
  -3.1761444e-01
   1.5979985e+00
   1.7235407e+00
  -6.0030047e-02
  -1.7517945e+00
  -1.4787288e+00
   4.2990827e-01
   1.8371491e+00
   1.1873499e+00
  -7.7949438e-01
  -1.8703244e+00
  -8.7646404e-01
   1.0974494e+00
   1.8657038e+00
   5.7907126e-01
  -1.3402098e+00
  -1.7710659e+00
  -2.3805416e-01
   1.5588773e+00
   1.6218880e+00
  -1.2539637e-01
  -1.7385395e+00
  -1.4060445e+00
   5.1991202e-01
   1.8907809e+00
   1.1527204e+00
  -8.9424389e-01
  -1.9632535e+00
  -8.4075163e-01
   1.2277110e+00
   1.9160171e+00
   4.3944592e-01
  -1.5408764e+00
  -1.7823700e+00
  -4.3655894e-03
   1.7798342e+00
   1.5398436e+00
  -4.6248126e-01
  -1.9624927e+00
  -1.2605976e+00
   8.4974358e-01
   1.9851229e+00
   8.7409915e-01
  -1.2134242e+00
  -1.9190925e+00
  -4.6459910e-01
   1.4884322e+00
   1.7356019e+00
   1.4503117e-02
  -1.7225116e+00
  -1.5229852e+00
   3.7870673e-01
   1.8466437e+00
   1.2478247e+00
  -7.3261622e-01
  -1.8778041e+00
  -9.2094070e-01
   1.0534549e+00
   1.8345904e+00
   5.5525726e-01
  -1.3455192e+00
  -1.7326531e+00
  -1.6261061e-01
   1.6129523e+00
   1.5983287e+00
  -2.0708302e-01
  -1.7894955e+00
  -1.3671386e+00
   5.9840782e-01
   1.8985459e+00
   1.0572684e+00
  -9.8598905e-01
  -1.9149766e+00
  -6.5841774e-01
   1.3707339e+00
   1.8578919e+00
   2.2430955e-01
  -1.6880907e+00
  -1.6985362e+00
   2.1805877e-01
   1.8843885e+00
   1.3999156e+00
  -6.8190451e-01
  -1.9813069e+00
  -1.0157972e+00
   1.1024958e+00
   1.9442849e+00
   5.4710830e-01
  -1.4884961e+00
  -1.8383642e+00
  -1.0994549e-01
   1.7235593e+00
   1.5854753e+00
  -3.4697408e-01
  -1.8685851e+00
  -1.2662971e+00
   7.5061315e-01
   1.8835877e+00
   8.6048221e-01
  -1.1409309e+00
  -1.8480577e+00
  -4.6580648e-01
   1.4399911e+00
   1.7215505e+00
   6.8162677e-02
  -1.6538093e+00
  -1.5078033e+00
   3.3487936e-01
   1.7915386e+00
   1.2163147e+00
  -7.4002400e-01
  -1.8575293e+00
  -8.5524332e-01
   1.1450307e+00
   1.8709203e+00
   4.7675072e-01
  -1.4726662e+00
  -1.7585881e+00
  -3.8627510e-02
   1.7367751e+00
   1.5340598e+00
  -4.2714451e-01
  -1.9010679e+00
  -1.1832874e+00
   9.1447617e-01
   1.9759319e+00
   7.6017127e-01
  -1.3500297e+00
  -1.9259317e+00
  -2.9553690e-01
   1.6695942e+00
   1.7082772e+00
  -2.1919104e-01
  -1.8862977e+00
  -1.3751656e+00
   7.1126808e-01
   1.9563152e+00
   9.2621959e-01
  -1.1832399e+00
  -1.9403375e+00
  -4.8174285e-01
   1.5094343e+00
   1.7552473e+00
  -5.9284481e-03
  -1.7439243e+00
  -1.4804562e+00
   4.5739312e-01
   1.8393670e+00
   1.0947588e+00
  -9.0704872e-01
  -1.8704282e+00
  -6.9761608e-01
   1.2709417e+00
   1.7937598e+00
   2.7919382e-01
  -1.5476467e+00
  -1.6100107e+00
   1.5920077e-01
   1.7411340e+00
   1.3291302e+00
  -6.0751380e-01
  -1.8491582e+00
  -9.5891465e-01
   1.0590879e+00
   1.8889569e+00
   5.5657862e-01
  -1.4286135e+00
  -1.7842080e+00
  -8.4086685e-02
   1.7245065e+00
   1.5494104e+00
  -4.1916696e-01
  -1.9043974e+00
  -1.1720889e+00
   9.4068506e-01
   1.9760368e+00
   7.1111771e-01
  -1.4004057e+00
  -1.9041076e+00
  -2.0500556e-01
   1.7272324e+00
   1.6472159e+00
  -3.4769059e-01
  -1.9310528e+00
  -1.2632581e+00
   8.6531675e-01
   1.9654646e+00
   7.5724399e-01
  -1.3454501e+00
  -1.8947700e+00
  -2.5945364e-01
   1.6562552e+00
   1.6394296e+00
  -2.7002110e-01
  -1.8503385e+00
  -1.2865041e+00
   7.4321303e-01
   1.8802385e+00
   8.2239192e-01
  -1.1891308e+00
  -1.8246221e+00
  -3.5561812e-01
   1.5205437e+00
   1.6471643e+00
  -1.1366153e-01
  -1.7338176e+00
  -1.3556966e+00
   5.7704396e-01
   1.8354477e+00
   9.7070647e-01
  -1.0169121e+00
  -1.8261335e+00
  -5.0849095e-01
   1.4244851e+00
   1.7323113e+00
   3.8506183e-02
  -1.7115216e+00
  -1.4860920e+00
   4.6857359e-01
   1.8891322e+00
   1.1145559e+00
  -9.6433002e-01
  -1.9193096e+00
  -6.1724313e-01
   1.4317368e+00
   1.8194691e+00
   6.6504943e-02
  -1.7893870e+00
  -1.5676404e+00
   4.8580719e-01
   1.9680466e+00
   1.1369658e+00
  -1.0319161e+00
  -1.9860814e+00
  -6.0307302e-01
   1.4830796e+00
   1.8082857e+00
  -1.4005673e-02
  -1.8379655e+00
  -1.5175532e+00
   5.6760839e-01
   1.9684652e+00
   1.0526770e+00
  -1.0877164e+00
  -1.9390245e+00
  -5.2173369e-01
   1.4801973e+00
   1.7176832e+00
  -7.0727511e-02
  -1.7758344e+00
  -1.4038320e+00
   6.0052587e-01
   1.8957210e+00
   9.8456957e-01
  -1.0556800e+00
  -1.8491712e+00
  -4.8931363e-01
   1.4242611e+00
   1.6629432e+00
  -3.9740160e-02
  -1.6898212e+00
  -1.3592235e+00
   5.7142251e-01
   1.8551938e+00
   9.9164440e-01
  -1.0230333e+00
  -1.8466448e+00
  -5.1612808e-01
   1.4203506e+00
   1.6980590e+00
  -1.6210229e-02
  -1.7168773e+00
  -1.3964914e+00
   5.8792015e-01
   1.9073892e+00
   9.8861044e-01
  -1.1136300e+00
  -1.9295292e+00
  -4.8218874e-01
   1.5354581e+00
   1.7387515e+00
  -1.2372360e-01
  -1.8504060e+00
  -1.3851549e+00
   7.3084381e-01
   1.9823479e+00
   8.6599334e-01
  -1.3068114e+00
  -1.9551179e+00
  -2.9991855e-01
   1.6990401e+00
   1.6704990e+00
  -3.4514746e-01
  -1.9455674e+00
  -1.2307192e+00
   9.3713359e-01
   1.9702081e+00
   6.4220537e-01
  -1.4592380e+00
  -1.8338470e+00
  -4.2324927e-02
   1.7864954e+00
   1.4958529e+00
  -5.4897899e-01
  -1.9180187e+00
  -1.0069318e+00
   1.0808944e+00
   1.8677550e+00
   4.3815868e-01
  -1.4997982e+00
  -1.6534236e+00
   1.5034116e-01
   1.7800814e+00
   1.3232333e+00
  -6.7084654e-01
  -1.8546326e+00
  -8.4857848e-01
   1.1481584e+00
   1.7809078e+00
   3.1049433e-01
  -1.5231265e+00
  -1.5523588e+00
   2.6417846e-01
   1.7873641e+00
   1.2128541e+00
  -7.9652269e-01
  -1.8782161e+00
  -7.5145088e-01
   1.2591338e+00
   1.7732616e+00
   1.7195771e-01
  -1.6502026e+00
  -1.5175629e+00
   4.3200302e-01
   1.8834710e+00
   1.0880882e+00
  -1.0331600e+00
  -1.9578305e+00
  -5.6711086e-01
   1.4944825e+00
   1.7630850e+00
  -9.1999340e-02
  -1.8507718e+00
  -1.3937241e+00
   7.4223437e-01
   1.9898404e+00
   8.3457039e-01
  -1.3485783e+00
  -1.9348327e+00
  -2.0925056e-01
   1.7625547e+00
   1.6154723e+00
  -4.6676889e-01
  -1.9736601e+00
  -1.0947297e+00
   1.1017273e+00
   1.9641511e+00
   4.5664143e-01
  -1.5998780e+00
  -1.7302175e+00
   2.1720952e-01
   1.9018363e+00
   1.3139175e+00
  -8.2211217e-01
  -1.9402287e+00
  -7.1935021e-01
   1.3521355e+00
   1.7863159e+00
   7.8460093e-02
  -1.7114395e+00
  -1.4429606e+00
   5.5157992e-01
   1.8858722e+00
   9.7794646e-01
  -1.0768727e+00
  -1.8321314e+00
  -4.0741139e-01
   1.4808575e+00
   1.5800207e+00
  -2.1761985e-01
  -1.7591230e+00
  -1.2026208e+00
   7.8979930e-01
   1.8423694e+00
   6.9528113e-01
  -1.2920277e+00
  -1.7550385e+00
  -1.4125042e-01
   1.6240348e+00
   1.4287630e+00
  -4.9810802e-01
  -1.8462657e+00
  -9.8394957e-01
   1.0715006e+00
   1.8513307e+00
   3.9698070e-01
  -1.5637700e+00
  -1.6706795e+00
   2.2345988e-01
   1.8488131e+00
   1.2401094e+00
  -8.7735623e-01
  -1.9398711e+00
  -6.4300375e-01
   1.4563525e+00
   1.8054293e+00
  -4.2245910e-02
  -1.8587687e+00
  -1.4317194e+00
   7.3726078e-01
   2.0221183e+00
   8.6024837e-01
  -1.3361169e+00
  -1.8903804e+00
  -1.2474269e-01
   1.8060070e+00
   1.5399387e+00
  -6.0620677e-01
  -2.0186822e+00
  -9.7485990e-01
   1.2553682e+00
   1.9605196e+00
   2.9267376e-01
  -1.7085648e+00
  -1.6124431e+00
   4.4445689e-01
   1.9421981e+00
   1.0589747e+00
  -1.1190130e+00
  -1.9384280e+00
  -4.1174156e-01
   1.5982070e+00
   1.6587138e+00
  -2.8464983e-01
  -1.8669592e+00
  -1.1867497e+00
   9.0419593e-01
   1.8613207e+00
   5.3799336e-01
  -1.4452539e+00
  -1.6835852e+00
   1.0372408e-01
   1.7518912e+00
   1.2772576e+00
  -7.3605246e-01
  -1.8575503e+00
  -7.4686516e-01
   1.2414646e+00
   1.7051140e+00
   9.3258838e-02
  -1.6361496e+00
  -1.3849052e+00
   5.5048003e-01
   1.8337570e+00
   9.0851207e-01
  -1.1162863e+00
  -1.7965522e+00
  -3.0545567e-01
   1.5567747e+00
   1.5321653e+00
  -3.5480266e-01
  -1.8107035e+00
  -1.0499908e+00
   1.0198519e+00
   1.8782213e+00
   4.5675219e-01
  -1.5344208e+00
  -1.6670640e+00
   2.3786930e-01
   1.8647634e+00
   1.2180528e+00
  -9.2253144e-01
  -1.9326156e+00
  -5.5710680e-01
   1.5269199e+00
   1.7485185e+00
  -1.9077739e-01
  -1.9228873e+00
  -1.3113059e+00
   9.0718998e-01
   2.0086796e+00
   6.3285819e-01
  -1.5282111e+00
  -1.8068827e+00
   1.4430498e-01
   1.9132572e+00
   1.3047552e+00
  -9.3986578e-01
  -2.0507922e+00
  -6.5203320e-01
   1.5347553e+00
   1.8165507e+00
  -1.4460940e-01
  -1.9203656e+00
  -1.3230554e+00
   8.9516678e-01
   1.9850277e+00
   6.0427267e-01
  -1.5324952e+00
  -1.7848737e+00
   1.5327592e-01
   1.8910781e+00
   1.3005777e+00
  -8.7066450e-01
  -1.9441720e+00
  -6.1732700e-01
   1.4530193e+00
   1.7155899e+00
  -1.3520491e-01
  -1.8068989e+00
  -1.2454841e+00
   8.4911640e-01
   1.9048309e+00
   6.4094179e-01
  -1.3789788e+00
  -1.6848018e+00
   7.5305035e-02
   1.7267935e+00
   1.2489612e+00
  -7.5706686e-01
  -1.8228172e+00
  -6.4291407e-01
   1.3336556e+00
   1.6856527e+00
  -1.7328186e-02
  -1.6935919e+00
  -1.2989494e+00
   6.7439173e-01
   1.8037534e+00
   7.0427589e-01
  -1.2723779e+00
  -1.6925182e+00
  -2.8956643e-02
   1.6801787e+00
   1.3251251e+00
  -6.7612111e-01
  -1.8728480e+00
  -7.8732306e-01
   1.2538312e+00
   1.7355144e+00
   5.4804854e-02
  -1.7154978e+00
  -1.3729266e+00
   6.7937412e-01
   1.9041862e+00
   7.6330488e-01
  -1.3534367e+00
  -1.8231959e+00
  -4.4296523e-02
   1.7904898e+00
   1.3994733e+00
  -7.4037497e-01
  -1.9630514e+00
  -7.2834983e-01
   1.4378896e+00
   1.8259197e+00
  -7.1003510e-02
  -1.8985173e+00
  -1.3668170e+00
   8.7724776e-01
   2.0386153e+00
   6.6413181e-01
  -1.5283058e+00
  -1.7907280e+00
   2.0957285e-01
   1.9631915e+00
   1.2615223e+00
  -1.0262963e+00
  -2.0349904e+00
  -4.9604503e-01
   1.6671674e+00
   1.7493785e+00
  -3.4501460e-01
  -1.9869696e+00
  -1.1252187e+00
   1.1445143e+00
   1.9651664e+00
   3.0799424e-01
  -1.7441522e+00
  -1.6194151e+00
   5.1971717e-01
   1.9931620e+00
   9.6856227e-01
  -1.2559248e+00
  -1.8977018e+00
  -1.7596521e-01
   1.7326667e+00
   1.4393664e+00
  -6.7261139e-01
  -1.9508994e+00
  -8.0290297e-01
   1.3274785e+00
   1.7847788e+00
   1.7423040e-02
  -1.7574677e+00
  -1.3382428e+00
   7.2652281e-01
   1.8500809e+00
   6.4398792e-01
  -1.3677814e+00
  -1.6699389e+00
   1.0889372e-01
   1.7501271e+00
   1.2183380e+00
  -8.1363674e-01
  -1.8176801e+00
  -5.5849919e-01
   1.3830057e+00
   1.5897957e+00
  -1.8453913e-01
  -1.7189420e+00
  -1.0956839e+00
   9.1237147e-01
   1.8045138e+00
   4.6525967e-01
  -1.4444199e+00
  -1.5509422e+00
   2.7640658e-01
   1.7581874e+00
   1.0432811e+00
  -9.7697216e-01
  -1.7722634e+00
  -3.3440897e-01
   1.5471898e+00
   1.5087893e+00
  -4.2397832e-01
  -1.8454680e+00
  -9.7040925e-01
   1.1159580e+00
   1.7973406e+00
   2.0762043e-01
  -1.6609923e+00
  -1.4461686e+00
   6.0103540e-01
   1.9044199e+00
   7.9877404e-01
  -1.3480687e+00
  -1.8318630e+00
  -2.4516667e-02
   1.8064649e+00
   1.3443511e+00
  -8.3664710e-01
  -1.9740677e+00
  -6.1048646e-01
   1.5383211e+00
   1.7381904e+00
  -2.8806163e-01
  -1.9821224e+00
  -1.1838276e+00
   1.1121515e+00
   1.9985335e+00
   3.4671951e-01
  -1.7442020e+00
  -1.6074570e+00
   5.9076784e-01
   2.0493697e+00
   8.9790774e-01
  -1.4081242e+00
  -1.9302823e+00
   6.5389561e-03
   1.9441536e+00
   1.4195223e+00
  -8.9374439e-01
  -2.0437575e+00
  -5.6760878e-01
   1.6424968e+00
   1.7584515e+00
  -3.7059211e-01
  -2.0272964e+00
  -1.0979197e+00
   1.2315529e+00
   1.9948009e+00
   2.3027048e-01
  -1.8032696e+00
  -1.5200586e+00
   6.9804360e-01
   2.0067093e+00
   7.3860183e-01
  -1.4789919e+00
  -1.8164392e+00
   1.4814775e-01
   1.9070762e+00
   1.2310805e+00
  -1.0013545e+00
  -1.9465291e+00
  -4.2337119e-01
   1.6041762e+00
   1.5520690e+00
  -4.9628300e-01
  -1.9204144e+00
  -9.1225767e-01
   1.2360829e+00
   1.7971486e+00
   7.6442645e-02
  -1.7278262e+00
  -1.3356993e+00
   7.2924623e-01
   1.8325687e+00
   5.8584972e-01
  -1.4069983e+00
  -1.6078253e+00
   2.3301766e-01
   1.7768492e+00
   1.0741976e+00
  -9.7222650e-01
  -1.7689272e+00
  -3.2175762e-01
   1.5194616e+00
   1.4207823e+00
  -4.7881321e-01
  -1.7567274e+00
  -7.8681584e-01
   1.2006957e+00
   1.6841727e+00
   4.9118142e-02
  -1.6344079e+00
  -1.2374116e+00
   7.2941233e-01
   1.7654625e+00
   5.5526907e-01
  -1.3590328e+00
  -1.5351703e+00
   2.6089589e-01
   1.7467617e+00
   1.0207100e+00
  -1.0101099e+00
  -1.7689574e+00
  -2.8635504e-01
   1.5529276e+00
   1.4002248e+00
  -5.5668731e-01
  -1.8167195e+00
  -7.5426203e-01
   1.2862694e+00
   1.6882287e+00
  -8.7364567e-02
  -1.7860444e+00
  -1.2281385e+00
   8.8771252e-01
   1.8548465e+00
   4.2373271e-01
  -1.5743026e+00
  -1.5600950e+00
   4.6944134e-01
   1.9090615e+00
   8.8582090e-01
  -1.3080236e+00
  -1.8499396e+00
  -2.2482624e-02
   1.8357559e+00
   1.3270722e+00
  -9.0068824e-01
  -1.9669001e+00
  -4.7577721e-01
   1.6571825e+00
   1.6625453e+00
  -4.9088220e-01
  -2.0277983e+00
  -9.4681302e-01
   1.3715229e+00
   1.9310049e+00
   1.4969860e-03
  -1.9174121e+00
  -1.3284050e+00
   1.0125717e+00
   2.0609555e+00
   4.3683960e-01
  -1.7650915e+00
  -1.6827781e+00
   5.8919816e-01
   2.1073875e+00
   8.9938612e-01
  -1.4653678e+00
  -1.9104651e+00
   1.4251432e-01
   2.0147603e+00
   1.2569328e+00
  -1.1545285e+00
  -2.0822180e+00
  -3.1415783e-01
   1.8530911e+00
   1.6031576e+00
  -7.3242803e-01
  -2.1093408e+00
  -7.4037778e-01
   1.5781474e+00
   1.8153303e+00
  -3.3917788e-01
  -2.0741926e+00
  -1.1271514e+00
   1.2679622e+00
   1.9961578e+00
   1.2240716e-01
  -1.9010580e+00
  -1.4428434e+00
   8.8183849e-01
   2.0307724e+00
   5.1094255e-01
  -1.6841896e+00
  -1.6888128e+00
   4.9890956e-01
   2.0293822e+00
   9.2422389e-01
  -1.3584782e+00
  -1.8451511e+00
   7.7085534e-02
   1.8843566e+00
   1.2244802e+00
  -1.0249887e+00
  -1.9232078e+00
  -3.0602878e-01
   1.7137515e+00
   1.5158837e+00
  -6.2218880e-01
  -1.9118474e+00
  -6.9477034e-01
   1.4178425e+00
   1.6698614e+00
  -2.5035604e-01
  -1.8281925e+00
  -1.0132304e+00
   1.1224735e+00
   1.8010512e+00
   1.5507532e-01
  -1.6658807e+00
  -1.3086416e+00
   7.3406287e-01
   1.7916027e+00
   4.9901085e-01
  -1.4451459e+00
  -1.5086769e+00
   3.8233419e-01
   1.7651814e+00
   8.5074837e-01
  -1.1634591e+00
  -1.6666115e+00
  -2.5864856e-02
   1.6107141e+00
   1.1197731e+00
  -8.4450555e-01
  -1.7173814e+00
  -3.6338983e-01
   1.4556255e+00
   1.3783041e+00
  -4.9016789e-01
  -1.7233248e+00
  -7.2873234e-01
   1.1905363e+00
   1.5387419e+00
  -1.2721924e-01
  -1.6278175e+00
  -1.0011044e+00
   9.4303514e-01
   1.6758003e+00
   2.4016747e-01
  -1.5009078e+00
  -1.2854264e+00
   6.0397783e-01
   1.7060159e+00
   5.8609609e-01
  -1.2906492e+00
  -1.4658328e+00
   3.0158313e-01
   1.7090499e+00
   9.0919737e-01
  -1.0695496e+00
  -1.6506758e+00
  -7.1622774e-02
   1.6081961e+00
   1.1894016e+00
  -7.8502056e-01
  -1.7258498e+00
  -3.8568396e-01
   1.4895752e+00
   1.4315883e+00
  -5.0805177e-01
  -1.8011217e+00
  -7.4673894e-01
   1.2826719e+00
   1.6225231e+00
  -1.8367054e-01
  -1.7640106e+00
  -1.0253500e+00
   1.0771686e+00
   1.7717692e+00
   1.1809866e-01
  -1.7273416e+00
  -1.3301361e+00
   8.0410684e-01
   1.8695074e+00
   4.5254146e-01
  -1.5827956e+00
  -1.5364795e+00
   5.5161219e-01
   1.9260312e+00
   7.4831502e-01
  -1.4483783e+00
  -1.7588886e+00
   2.4813201e-01
   1.9318832e+00
   1.0598416e+00
  -1.2204362e+00
  -1.8789304e+00
  -2.1828538e-02
   1.8969482e+00
   1.3152111e+00
  -1.0204256e+00
  -2.0158512e+00
  -3.3202752e-01
   1.8131237e+00
   1.5706580e+00
  -7.4563150e-01
  -2.0541436e+00
  -5.9925976e-01
   1.6923643e+00
   1.7574775e+00
  -5.1625679e-01
  -2.1135753e+00
  -8.9644383e-01
   1.5306330e+00
   1.9372484e+00
  -2.2627463e-01
  -2.0778584e+00
  -1.1393345e+00
   1.3435336e+00
   2.0464382e+00
   7.8587984e-03
  -2.0653256e+00
  -1.3994793e+00
   1.1306048e+00
   2.1515760e+00
   2.9553759e-01
  -1.9592450e+00
  -1.5932219e+00
   9.0840765e-01
   2.1916025e+00
   5.2187479e-01
  -1.8787918e+00
  -1.7939928e+00
   6.7589726e-01
   2.2338954e+00
   7.9623785e-01
  -1.7098980e+00
  -1.9223845e+00
   4.4630103e-01
   2.2157835e+00
   1.0021431e+00
  -1.5750850e+00
  -2.0563481e+00
   2.1499884e-01
   2.2028274e+00
   1.2473143e+00
  -1.3636476e+00
  -2.1212558e+00
  -8.8300391e-03
   2.1303541e+00
   1.4142946e+00
  -1.1998486e+00
  -2.1976933e+00
  -2.3167428e-01
   2.0639743e+00
   1.6118244e+00
  -9.7284354e-01
  -2.2121056e+00
  -4.4502455e-01
   1.9402536e+00
   1.7251489e+00
  -8.0440438e-01
  -2.2434733e+00
  -6.5355533e-01
   1.8280540e+00
   1.8672656e+00
  -5.8006794e-01
  -2.2160356e+00
  -8.4690273e-01
   1.6669473e+00
   1.9276136e+00
  -4.1762020e-01
  -2.2059847e+00
  -1.0275627e+00
   1.5285427e+00
   2.0225235e+00
  -1.9997195e-01
  -2.1366036e+00
  -1.1852652e+00
   1.3526901e+00
   2.0425353e+00
  -4.3977459e-02
  -2.0843879e+00
  -1.3238336e+00
   1.2097176e+00
   2.1031291e+00
   1.6616438e-01
  -1.9753009e+00
  -1.4367761e+00
   1.0358770e+00
   2.0921756e+00
   3.1127914e-01
  -1.8888168e+00
  -1.5316365e+00
   8.9791395e-01
   2.1223053e+00
   5.0455262e-01
  -1.7541576e+00
  -1.6058096e+00
   7.2860196e-01
   2.0791828e+00
   6.2560403e-01
  -1.6519335e+00
  -1.6682560e+00
   5.9358119e-01
   2.0752670e+00
   7.8812724e-01
  -1.5109798e+00
  -1.7163408e+00
   4.2602365e-01
   1.9978141e+00
   8.7444922e-01
  -1.4089269e+00
  -1.7563384e+00
   2.9424808e-01
   1.9625016e+00
   1.0019364e+00
  -1.2711729e+00
  -1.7828055e+00
   1.3405875e-01
   1.8597851e+00
   1.0567694e+00
  -1.1715346e+00
  -1.7988949e+00
   1.6272137e-02
   1.8076956e+00
   1.1586094e+00
  -1.0336720e+00
  -1.7983888e+00
  -1.2320408e-01
   1.6968166e+00
   1.1940513e+00
  -9.3117299e-01
  -1.7850046e+00
  -2.1495555e-01
   1.6433809e+00
   1.2808115e+00
  -7.9005868e-01
  -1.7556326e+00
  -3.2672407e-01
   1.5344280e+00
   1.3024399e+00
  -6.8672717e-01
  -1.7170957e+00
  -3.9262673e-01
   1.4825976e+00
   1.3733260e+00
  -5.5036662e-01
  -1.6695640e+00
  -4.8369480e-01
   1.3721594e+00
   1.3751803e+00
  -4.5843924e-01
  -1.6206502e+00
  -5.3481352e-01
   1.3152170e+00
   1.4223797e+00
  -3.3966674e-01
  -1.5698449e+00
  -6.1614968e-01
   1.1974474e+00
   1.3989262e+00
  -2.6845621e-01
  -1.5214394e+00
  -6.5937085e-01
   1.1341151e+00
   1.4225178e+00
  -1.7005948e-01
  -1.4715489e+00
  -7.3147056e-01
   1.0140959e+00
   1.3806674e+00
  -1.1512823e-01
  -1.4209023e+00
  -7.6114507e-01
   9.5499941e-01
   1.3929885e+00
  -2.7357593e-02
  -1.3645598e+00
  -8.1491930e-01
   8.4577715e-01
   1.3469749e+00
   2.2523451e-02
  -1.3036946e+00
  -8.2263891e-01
   8.0214704e-01
   1.3598281e+00
   1.0806496e-01
  -1.2364742e+00
  -8.5430149e-01
   7.0941933e-01
   1.3155460e+00
   1.5530901e-01
  -1.1672317e+00
  -8.4312619e-01
   6.7967251e-01
   1.3276313e+00
   2.3426700e-01
  -1.0974538e+00
  -8.6220235e-01
   5.9550117e-01
   1.2779990e+00
   2.6964334e-01
  -1.0322413e+00
  -8.4524714e-01
   5.6862285e-01
   1.2800403e+00
   3.3175791e-01
  -9.7230821e-01
  -8.6414647e-01
   4.8331790e-01
   1.2179840e+00
   3.4830200e-01
  -9.1929958e-01
  -8.4903462e-01
   4.5479252e-01
   1.2086284e+00
   3.9303149e-01
  -8.7043409e-01
  -8.6829558e-01
   3.7083262e-01
   1.1397911e+00
   3.9732760e-01
  -8.2375147e-01
  -8.4886211e-01
   3.4921284e-01
   1.1301984e+00
   4.3635799e-01
  -7.7548739e-01
  -8.5855163e-01
   2.7790285e-01
   1.0675702e+00
   4.4118891e-01
  -7.2431414e-01
  -8.2547479e-01
   2.7278888e-01
   1.0680693e+00
   4.8393258e-01
  -6.6983831e-01
  -8.2102981e-01
   2.1814747e-01
   1.0157492e+00
   4.9212267e-01
